id,amount,date
0007baa91954971526e2c2afbf029a58,3864.0,2024-04-28
0007da0d99bdd6ae64c6860c2a7a52dd,5649.0,2024-04-25
000fb97df01782421d2666674f16f0c7,6119.0,2024-04-26
0016d807a4f2269a59f67ab8e9d9861e,1082.0,2024-04-25
00191029f816b6dacf06f011e9b0f52d,14434.0,2024-04-26
001c916e7073d4ca88088b3f6641344f,3912.0,2024-04-25
001fc579d7a3389681682a68cb73d630,4142.0,2024-04-28
002180ea83cabe60f908dfbb71a9bd94,683.0,2024-04-25
002370c49e581740049199c2b0598430,2587.0,2024-04-26
0025cbd136f6227c614d02a596509236,2815.0,2024-04-23
0027e6a4db74561a939bf56533f45260,2203.0,2024-04-26
00295c4bb0cbebac2ba137b418717669,4436.0,2024-04-26
0029c7250c091885f51b8d7b53c0ff82,4123.0,2024-04-25
002a2a59b791897b9a339e1be34f4864,7885.0,2024-04-27
0033210dbbef3b3a619c4ce738a6ad1f,2644.0,2024-04-29
0034769860e23e186b6bcae66d6bb6df,4006.0,2024-04-26
003dedc657b9a8d08bc10c0d2b3462ae,3614.0,2024-04-24
004005dc633c69d03cb3853beaf1e443,9428.0,2024-04-27
004699ca52ce3581608fab069627d6a5,4647.0,2024-04-29
004afdd82203af931546535446ff8805,3629.0,2024-04-25
004c39be188f454bd12f8a2579f4088b,6981.0,2024-04-26
004c90733c03e96faf0680253ccff0a3,10223.0,2024-04-26
004d53401e83a1aefa82babc31e1fdda,6859.0,2024-04-26
0050bce20d7115b83b03855df88fceed,7504.0,2024-04-27
005105e1f983c5bf8b664dea5e6007a7,4865.0,2024-04-27
00515de7163c1dcc4ae3b965800b0b9d,4773.0,2024-04-27
005b96e4b42d6e86ff077891821d1aa1,3818.0,2024-04-23
0060208d44db9c8217cbee38fd11d05c,11145.0,2024-04-24
0065d4c3ea14181ff52f043ed8e47bb8,3087.0,2024-04-23
0070d2f0ea53d769876c7a5be8bf7190,8324.0,2024-04-28
0072c8578322f7c00954a34053d8e409,14199.0,2024-04-29
0078aeffb552e0543117fd903dfb55d2,4987.0,2024-04-29
0079d428d7ff4aed2adeb4075c3e91ab,2203.0,2024-04-27
007e11b3493a9792e508784b378c73a4,9369.0,2024-04-27
007f83ee5378f879387f5849d85b7386,5447.0,2024-04-26
0080c7648eedb39246660dc0bd3b2790,2794.0,2024-04-28
0081014ca3f8ba8abd04bb561ea64835,3984.0,2024-04-29
0082d820df3e1c246f50cbf79e5645d6,4783.0,2024-04-27
0082e9d38e8b39e1713545d253b592b2,5197.0,2024-04-26
00834191b806d2f947694d0b140e2a73,6917.0,2024-04-28
00862070109f4b5ee79536111fa3e085,5670.0,2024-04-28
008871b7de5d40d1804d074bbf187f6c,8585.0,2024-04-25
008c901f5e320d739ce58a70fe864b20,1352.0,2024-04-23
008dd09bcac3829c0e9d438beec20a0d,5068.0,2024-04-29
0091cd88aa9cb121509626ac878cb74d,5421.0,2024-04-24
0093d204e2a4fedebcedf5eb512f8b28,5690.0,2024-04-29
0096245475bc4976d0e53d8a9f009a81,5415.0,2024-04-29
0096db9d5a2b59ce4774943a07cf5bf5,3603.0,2024-04-27
00a4b9854924767180b870ef4d80e0cf,8589.0,2024-04-29
00af92e53f3067d15ae6b207d79cfa21,7396.0,2024-04-26
00b001b2364dc3f4976b85ee56899a1e,1554.0,2024-04-28
00b263f71aec5f9e36228067ca9186bb,11717.0,2024-04-26
00b45e111fc438a786a7eb6b8c795662,5977.0,2024-04-25
00bc17d35358d3894cacb19f40022639,7662.0,2024-04-28
00c693f8965d62de13513c390b0a6f99,12656.0,2024-04-25
00cf8954941c1b315c8dee48fcfc60ac,5033.0,2024-04-25
00d00c48853ee2cc7ba2f3654b306a91,2257.0,2024-04-28
00d07bcec5a25ee6d3076730719e49b6,4447.0,2024-04-28
00d7aedeffda92346b99e54c15230ffa,9107.0,2024-04-27
00d9e9e34ae6bb53e1798ccadf3b753e,2585.0,2024-04-28
00dd9ed2cf5cfd45a950649b5f5ae25b,3784.0,2024-04-29
00debc570586d2d442f84169d3235a41,3135.0,2024-04-25
00e14557aaeca6bbd790b8a46b2607d3,8071.0,2024-04-26
00e2709722f523de79d47494a0edd7b0,5303.0,2024-04-26
00e5998086b15a4d6e90200975ac45bb,8146.0,2024-04-26
00e5e8fbffcd1530bf2a5d5c75565abe,1989.0,2024-04-27
00e80271f2abde44af79943e52df8d36,3207.0,2024-04-23
00eb12bd28bdbd9a8fd6bcca28906258,4771.0,2024-04-28
00f047b955358d365451248a31b2be0c,7570.0,2024-04-28
00f2560d10a3fa602afe5682f6a312fc,5920.0,2024-04-27
00f380daa50b91df9218fb212a7cc052,9768.0,2024-04-27
00f4a575b2e2ff381dbea65895d8aed3,7530.0,2024-04-28
00fa3631601345fe13385000a09d5acf,7036.0,2024-04-23
00fa8b0a4f4b67d3b25f338eb281c97e,3767.0,2024-04-29
00fab1948a62f2f0183a75408017c239,1507.0,2024-04-23
00fd33dee7e82390facef7a1a8171638,4577.0,2024-04-25
00fe1bdb3bc013f18212e5f57948e41b,1904.0,2024-04-28
00ffce28ca760a83957b11d1ab920a3a,3011.0,2024-04-26
010132d8d2034861738b6c6e7f884020,8875.0,2024-04-24
0104aab5a3f22f22ae7f852f1bbc314e,3904.0,2024-04-24
01088263236e9a921f24df5b7a42aace,7277.0,2024-04-27
010927ab293978c53dcf86f320cfe8ad,6475.0,2024-04-26
011796e878500c0e8126775f0e955363,4743.0,2024-04-27
0118f61bf9ef4e006d82fe9f5dd0b010,5743.0,2024-04-23
011c71ca3ec3c85d3131dc4ef041c770,4791.0,2024-04-27
01203464ddc227b89baf7f8a6c955c5e,3262.0,2024-04-23
0122870d51fb9e8593371897a05bb870,4819.0,2024-04-28
012c8e01fa7120233e659c01601df65c,2643.0,2024-04-27
012da919c94a9175d0e0cfda735d1d4f,5292.0,2024-04-26
012f04af2aa085de4d8e3e39bafbd509,2718.0,2024-04-24
0130bb502114668ff881740df08df529,8328.0,2024-04-23
013158b3464c66a0d51a55fb5954dd33,4411.0,2024-04-29
0134201da99f061f26a9cd0c69416cde,7593.0,2024-04-25
013787f412af261308f2bbaff709c685,5718.0,2024-04-28
0138f9f77b30d5cd05ff068029cb7ab3,1385.0,2024-04-25
0140f940b2953927be2215a881d21a26,9539.0,2024-04-24
0146dc1cf48889dcd04644bf12616720,7029.0,2024-04-26
01486a2cee153ce1d9b954a6cca496b4,5304.0,2024-04-25
015180c4179c2a73e5f2521263194471,8182.0,2024-04-29
0153ac2a10fcd7f84f555996e0eb5e12,4016.0,2024-04-29
0160e34bd7f5623b1387ecaf446f4d01,4768.0,2024-04-29
01618735b5dca79388895fd4a0476d48,1336.0,2024-04-25
016327106eecc4ab4bab76fba29e5eb2,7462.0,2024-04-28
016d1519bf635fe5e5315d1df7bac3b8,5341.0,2024-04-29
0178295945de8e34a4ad95770f702e08,5294.0,2024-04-28
01789d1812009524d9efc1ef43b412ae,978.0,2024-04-24
017a54d2d053eae9f6f058582c371009,7889.0,2024-04-26
017ac02b16da25dec5d0691b407cb2c9,6734.0,2024-04-27
017ec453f74c13fb190e28c2db5d09fa,4526.0,2024-04-23
0181c6299fd9ed1fa3b4496b30c8f837,6068.0,2024-04-25
0185cf369f7b5cb61c17b447982b4a00,9684.0,2024-04-26
018b013f605a27be96514dfb88082fae,6008.0,2024-04-26
018d341fa380b13e64ea160da3eba9dd,4259.0,2024-04-29
01902addb2e62f675ea8d7842ba4f6ca,6166.0,2024-04-29
01927acfb5ff4926046ed89b42f76497,4912.0,2024-04-26
0192ead201809858187f320394cea3b2,7245.0,2024-04-23
01930fca6d8814378eeeffbab35ee7bc,2890.0,2024-04-26
0195588fd4086f2ba95962ee79be20b7,4448.0,2024-04-27
019f036d91764a63e223afae2c365f85,6824.0,2024-04-24
01a3f3f77e8a6b10f8395ec22609145d,2655.0,2024-04-24
01a448059fdf3c0a5d4cd48a79913da8,5248.0,2024-04-28
01ad32ae0f9af7046256f8d003579099,3760.0,2024-04-26
01aee745bd7663881ae3a071256ed804,5679.0,2024-04-26
01af9d3d67f9b7773c7347259494e142,4554.0,2024-04-29
01c55cd2eb1d73e38e4ae55c060576f2,7409.0,2024-04-29
01c7ae5c9fc2c8826d68237384a02968,3429.0,2024-04-29
01c8790e459464fbf272b3a1bd7ecf0c,4402.0,2024-04-29
01cee75c1dc7fc3c4298a526e03e7fac,4226.0,2024-04-25
01d1bc5848e861e372598ac40085ca92,9470.0,2024-04-28
01d2f842b3b571cfa380552847489f14,5299.0,2024-04-27
01dc54d84a0bcbf74a181677962913c4,5983.0,2024-04-27
01e66310c3cb47ffd917fb69cde3ae93,4251.0,2024-04-24
01ea208fd764697d250d9feef9e646d9,6253.0,2024-04-24
01ea4fb085116aa66e6e51bced259dba,8883.0,2024-04-25
01eaea2098268d8d4d50285ac3592b9b,3533.0,2024-04-27
01f5e37df2fafe3ac4baa727073ff68f,7076.0,2024-04-26
02003e50e2bfcd4c30a41b216e12dfb7,4325.0,2024-04-29
02074bf11a75e72ef6153457cc7f12ce,9230.0,2024-04-23
02098d092b35e489f0d0bb47afa4ed5a,4204.0,2024-04-23
020e1fd356b882a867d8e7df9976d45f,5825.0,2024-04-27
0210125285e7aaa2236c249542f5e853,8605.0,2024-04-29
02194f92492c98696b00e386114bb861,8247.0,2024-04-27
021cdb7adb8dc720a03abf86cb142a91,4109.0,2024-04-24
02233d4190983bc6115c8c55b4c13ceb,4549.0,2024-04-28
0226f72eb92a67fcccfa19025527b840,5776.0,2024-04-29
02274c1271e9ad3978e7473f7c45e458,7116.0,2024-04-27
0227815154346d97b667969c33d7b4af,2731.0,2024-04-23
022bd4870e047e9fadeab0ec9a9b65cd,7902.0,2024-04-29
02315d8876750ae7f5cfaf94bc7f7419,9197.0,2024-04-27
02356bdd90e8ba5679b9cc112f71d256,2119.0,2024-04-23
023697849a3ecc31778082cb5b5155a9,4988.0,2024-04-23
023c5a30bddb1fd40b784561a71b21c4,3508.0,2024-04-29
02410cba163bfe9c595cd05662dfee25,5710.0,2024-04-24
02415d2819f7911133d32728e411c216,4242.0,2024-04-27
02418f22c5c577f3765d26e2a40c5b18,5594.0,2024-04-28
0244082e8c5ff1ea276ff2c9bf7068fe,10324.0,2024-04-25
0249635e6dc6bab8c02d37131f8ffadf,14456.0,2024-04-25
0249e8cc247db0bc4b26df68459785c8,7413.0,2024-04-27
024fbf1a19ba85399a86ba193f88f94a,4402.0,2024-04-29
025158fd448ef73e86ac7d65a609ca72,6012.0,2024-04-28
0259ee3387aaa33287d8cb4665b0e531,8966.0,2024-04-26
025a95a17e9525e09dee86cbc4f3a386,3706.0,2024-04-29
02612b2fbf8ddac4982ed46dfdb48f54,8835.0,2024-04-27
0265144062b85a2f1489cb1a22ce5206,14305.0,2024-04-29
0265668ad063fe6dced4e95e288c9862,5501.0,2024-04-28
02692a68286606e599b237b13b2780a1,4574.0,2024-04-27
0269981d2dc07a0047b798b0a28ea5b3,5953.0,2024-04-26
026d9955c2c082e0824bff874d606019,9136.0,2024-04-24
026f18bc64c403adf087354dd01c3cc9,6316.0,2024-04-29
02728fae5a682e45096e732d1c368a13,3741.0,2024-04-24
0272ea530893468ee7d8ff1453d40f9d,5971.0,2024-04-25
02733559082e4864542af7def17f4846,5724.0,2024-04-27
027543b19da7899940542b89b5aa5de0,7709.0,2024-04-28
027580cee4e3ba76ac1c79818ce5db63,5391.0,2024-04-27
027868c64f128ffbf4c946569a3b69ca,3075.0,2024-04-24
027ed66dfff0a2c128006fdc5ee44c9d,4399.0,2024-04-25
027f6b4e317912d5901c3f652872b70d,5650.0,2024-04-24
027f7eec3f396c8e9030de62096af33a,11519.0,2024-04-27
0281cb9276b0e131aded3158aa02bb0d,3705.0,2024-04-26
0282f01ec6071b03b60c56a63e26f891,5861.0,2024-04-29
028467ef82f6a115fe1c0a40f2109e78,4435.0,2024-04-27
0284c1209304bbfe50ce14e51f36e4ea,3530.0,2024-04-26
028753b3f995205e200287f553592d21,8180.0,2024-04-27
028ae6ca54f351b29717d623b8ac2d20,5588.0,2024-04-29
028fb37ac3eca16e49f8395f5016bae7,3999.0,2024-04-26
029120d80253da32052beb527f45ef9b,6095.0,2024-04-27
0291e81cd4f9e8578ee9e2b029aa327d,14340.0,2024-04-28
02946695f08950b49a7f4aa55076aa65,4478.0,2024-04-23
029cab8395eb18d0e9ad88e267241d0a,5269.0,2024-04-27
029e7bb32cd2d7416920960066b65d9b,4820.0,2024-04-25
02a2a082ddee33f76a4ad36a4362ba28,5856.0,2024-04-27
02a48d45ec7b54c15a5a46f8c854cee3,4564.0,2024-04-23
02a8943894a9d3f76df482b858c1ab1f,3224.0,2024-04-23
02a8b4eae77179d926a7ab5736c70f92,5810.0,2024-04-28
02b368f60e4d226d1d5768adb31d714f,9341.0,2024-04-24
02b8d74bd0c219ccb4a9821cb482cc57,2908.0,2024-04-27
02bd6514fdc7251f67d6a6ea808749ba,4039.0,2024-04-23
02c0bd744184e6f59c667a9c9e9efbb3,4343.0,2024-04-29
02c858ce75b22bd569f2ad2a0ddaa1bc,6587.0,2024-04-24
02c92f8449de521633c2e5267b729be6,4737.0,2024-04-25
02cd887a030e8d2402aefd00f2414f05,3535.0,2024-04-27
02cf255b3d102fa9dbc199bfe9f9d646,8809.0,2024-04-24
02d2e0233de08be590acd47b998fe4e3,6155.0,2024-04-25
02d3e6c7ca0c5313de2341d167c9373d,8885.0,2024-04-23
02d521b3f8b2ecb85611352de814e052,4389.0,2024-04-28
02d646bdcef16a9045188cf83f6669e2,4642.0,2024-04-29
02dcd2c0104f1c911960e8ce8d0b75d4,3430.0,2024-04-26
02ddaa55eeaa7e5f09603ca369d365e7,2443.0,2024-04-28
02e1c14920cf301fcb265bd875693f5c,2583.0,2024-04-25
02e25e3642bfee45669da605b868d0d1,962.0,2024-04-23
02e31e8f1fcfa1f45d1295e631b4e5b8,3207.0,2024-04-28
02e3911985781a015ef341237cf25f9a,7262.0,2024-04-28
02e69ee617680c9876123e9435835805,7971.0,2024-04-23
02e83eff27f9ab78e449bc57bd82df5c,2591.0,2024-04-28
02ead28962072710dd76f727a6138738,3174.0,2024-04-24
02eb926927c51ff0dcc94e3681d30310,6209.0,2024-04-25
02ec49f19c04713431c6c1385b2af60a,3609.0,2024-04-24
02f36b6cc7c0f9c571a3f6854fe86878,2956.0,2024-04-27
02f3a6b33325f1ecf1eb1188655aa917,4112.0,2024-04-27
02f65c2437c1f6bfdb53973ea34f947e,8731.0,2024-04-28
02f949d0fa9054b9515f7008b6a70d42,5855.0,2024-04-26
02fadadf2d780ff8bb05b56ab07c2c4d,8121.0,2024-04-26
030d8032a7f4be5be0809d8895f84f9e,9616.0,2024-04-29
0311de933ca2e9f0027e14afbb0925bf,3629.0,2024-04-27
0312c82a10060405e9a3d7ebef139455,2875.0,2024-04-27
0313c3366a4cf34873d7858afc3d1a9d,3316.0,2024-04-24
03151443a98ae5445c6c84d7bb389dc4,2343.0,2024-04-29
03173c8234517fdbb56aff82387b8bbc,11158.0,2024-04-26
0318dcb002809f0e4b5a1ae495ea4eb6,3584.0,2024-04-25
031c8e0b6a9823ee3659d8efa2b64f51,4903.0,2024-04-25
031cc0a73ee906e5b1a0ce5119f3b303,3178.0,2024-04-29
031fba3aac712a82fdd7ef7c934284e8,12325.0,2024-04-28
03216da376950a29e232a019fa0945ab,3401.0,2024-04-23
03289e1d91bab49e9fec99bf45f0e3fd,2768.0,2024-04-24
0329bedba2eedaf42dcbd6d19445ee39,3438.0,2024-04-26
032bf44e3595d802705071da307a92a9,3209.0,2024-04-25
0330d21e48621ec39d03bbe2a96289f9,6606.0,2024-04-29
03397bc6c37766e2c3fdaaa177b5a607,7832.0,2024-04-29
0339e41afc26c24bdbb1dc68cd19c958,6388.0,2024-04-29
033d6044134f78d27e1d8c3c55dd4502,4147.0,2024-04-25
033dab89c331ddc183a8e40c6830146b,2344.0,2024-04-26
0347dfbc582baa3e80747e867346b843,3655.0,2024-04-24
034d74e834bd5fbb6ed2ba3522249855,7058.0,2024-04-26
0352eb5e9cb9868c5b6d6138af24ae1f,6351.0,2024-04-25
03554eeda36e4b0cdbda4f56f194fd68,6825.0,2024-04-26
0355ff651a92c3e05c65d91946fddac4,5771.0,2024-04-26
035d5992ed35d8e3598a8d652f53ad7e,3989.0,2024-04-28
036260d980bdfe94405ab30e041ea77c,9411.0,2024-04-27
03635418607a78a6f57a948c94a0c648,6654.0,2024-04-23
03680ab98f9d71842c2ef4019bbf36eb,4664.0,2024-04-29
0369267e781c2a2ade9701172ba45b1d,4254.0,2024-04-26
03693eee346be712a40b027ecca1bfe8,5211.0,2024-04-23
0369b39b2808417475cc948f7dbd9272,7839.0,2024-04-27
036b5183d606956ee0aee64dec887051,5374.0,2024-04-24
036c4d2291e24265f182ea504243dc18,4699.0,2024-04-29
036cc8c9891688bf61db7dac74f9dd30,2434.0,2024-04-27
036e0e9385bb535c6331ee244c71451a,3467.0,2024-04-23
0374877c0772929e87e087e4f913beeb,5873.0,2024-04-26
0374f317a27c4ce9502fa9699f62b96b,4649.0,2024-04-28
037741cbfa0d00a683b9c1aeef787f29,1387.0,2024-04-27
03783b2340153969f4ec83d334568f7d,1757.0,2024-04-29
037eb351ac7f8004c0a4fc6a4b9181d9,6315.0,2024-04-28
03957d7a813db4532d9ecae322d07802,2682.0,2024-04-23
0396228aad393a958951f3b5b098a71c,3230.0,2024-04-24
03a4ff91812808b147f911bdcc813975,4984.0,2024-04-24
03b05551959fabe95f3f771dfeb23e1e,4414.0,2024-04-27
03ba8869d60ebb27cd492cb98011e50b,10190.0,2024-04-24
03ba9f7fe69865abd23d0eec684fb03f,6284.0,2024-04-23
03bb6ce2b39e349266e39111e5dd6404,4965.0,2024-04-29
03bece7393fba8d61d297b2d05541cd9,9072.0,2024-04-24
03bf66bdfa436555f41e3a9158c59639,2221.0,2024-04-25
03c168f4b79f9f47b1b0b0613d3d8b83,2141.0,2024-04-28
03c23e481e01cdb5d72eb23d8a9a5617,6230.0,2024-04-23
03c53c07aee692998fe9d7dcc0790430,5568.0,2024-04-23
03ccf4e5d08a3111b62af01af1282a96,3451.0,2024-04-25
03d2f707a8166faf0ed35b8121094a13,8939.0,2024-04-24
03d3a813eee63356bb0b32111a60860a,6093.0,2024-04-28
03d640417a3e5cb5a96f0d5a6ab05ec1,5336.0,2024-04-29
03de05bfcd7dad9537223d45c4bf9608,4734.0,2024-04-25
03e0420c2844f509e9bb2f034dd3983c,2987.0,2024-04-27
03e23c0f79d060e1ad628c72e394b3c5,5445.0,2024-04-25
03e297a73fff2aeaf1e079afbda423fd,4304.0,2024-04-27
03e7b0d5e0138bd1a87aa6a1ac8317b7,4448.0,2024-04-26
03e97c7bb146df2d3e4af6adde2a705e,10047.0,2024-04-26
03ec839ec9e3c00d5c02af5d600cc0d6,4358.0,2024-04-28
03eddb7ccb6d4209c87af16445fc3c1a,5352.0,2024-04-28
03ee28c21b8afbaa3e60902ba9dcae2b,3952.0,2024-04-27
03ee4c7d4d75539d4381c23c74b9188b,6146.0,2024-04-29
03eec234e208226cdbd3ce7fefb32a13,4743.0,2024-04-29
03f37b8beebea90ead5ba0ea0aa3fdc1,2656.0,2024-04-25
03f6939dc34f78c19811944400e788a6,3518.0,2024-04-29
03f9e69018a696414a16293e30302227,3632.0,2024-04-27
0401f467090012a0f592045cdea7e08b,2785.0,2024-04-24
0406ece53a9e57678f2e5faea8f95253,3272.0,2024-04-27
0409e7989f07cb2271a709a86d184524,3402.0,2024-04-25
040b98c51f0789d9284c0e7ed74c5578,3001.0,2024-04-27
040e04170410ca3d997b5f263659cec9,6671.0,2024-04-27
0410e60f6b409c72930a6d48d54b67d0,1476.0,2024-04-25
04117d179a170c173b2ae0565025aa3c,7607.0,2024-04-26
04128e3924980ce982d82801db874311,4046.0,2024-04-24
041e254680db723287f2ebd9f734e676,5897.0,2024-04-24
0423485cb819cca63a4faeb342ef2c4d,2045.0,2024-04-29
0426a23c0299b681a0fd26c164ab3a2a,3809.0,2024-04-27
043c7197f969e433cdffd497479481f8,6632.0,2024-04-28
043ed12977bf7e6123fcb92fc1cc5bcd,4898.0,2024-04-23
0447f652b68bec7b66e89132f86a4858,1759.0,2024-04-26
04480b9147315125d71450d59ed9be45,6458.0,2024-04-23
044bb67aeaa7f49e42a472e280afd1d7,5343.0,2024-04-23
044c4f1c525cb25e850f25842ab42a8f,5551.0,2024-04-24
044d1b688dec1817f1a3bc9b432f44f7,8459.0,2024-04-25
0450622efcfa5f0e31b42694d90735a4,5345.0,2024-04-25
04523f41b3cfd1ed22884ac9f9b9ac6c,6339.0,2024-04-29
045ca39c139fe6d29ef4b6c78a58a269,2363.0,2024-04-26
045ea8c3fec9860ab9ab892d9cf95fbb,4929.0,2024-04-23
0468e84cc7ca677d0bd105bc3e321fc3,2642.0,2024-04-26
046fb1fdacba720e3f0565330f44c091,7193.0,2024-04-28
046fcba00776fbc100991f8f580cfb6a,4973.0,2024-04-25
04706cd8267008ca0423163cfc022ab1,7055.0,2024-04-27
047c1a92cc6d4fd745f2f8220c8628c1,3037.0,2024-04-29
047e9c24eb55f2ed499c88123e76ce3a,4013.0,2024-04-23
0480f781beb903cdf02f8a429bb5cbf2,6370.0,2024-04-25
0481c7d724afeeb2884b9ac7d070b6f8,6250.0,2024-04-24
04849d241b039b9562a54d60d37fb229,4096.0,2024-04-28
0486813865be363ca4de9b655df38a07,4840.0,2024-04-24
0487c095a7469903194c78e051bc8b03,4719.0,2024-04-28
04894db6e3e860a18424f68564902b6a,5414.0,2024-04-29
0489dc6369e47d548161254bf4d16a5b,5439.0,2024-04-23
048a0c16f1a8d4e256b634df5217baca,5711.0,2024-04-25
048a5555ff43d9db0fc8fa94fd639572,4320.0,2024-04-25
048a9bf4b8763c05f61ee27ecf56fe7e,7095.0,2024-04-24
048da9925a122d7386fd512e910f0d2f,9428.0,2024-04-28
048f23832dcc43b91a3bfd798eac35fb,1136.0,2024-04-25
049ff7d732b820006e78a036c7dfc02a,2937.0,2024-04-27
04a1168decae5f94510f180b85b38a7d,5172.0,2024-04-26
04a1453f830d713d1e6240c39a2a212a,4119.0,2024-04-26
04a731b78bc919731b64c29b391f4afe,4818.0,2024-04-26
04c05b56680b462b815b8021bafef912,6610.0,2024-04-29
04c20f32b58f29a58a5010354e07f342,12222.0,2024-04-24
04c6e99d851374c36226282b4f1bdcb8,4507.0,2024-04-24
04ca629bd1d4cbe46b9674d69cd6592d,3909.0,2024-04-26
04cf89c5ba8949e542aaed6e1ed22378,1386.0,2024-04-27
04d00b6ffd387b6452bc32615e211064,5816.0,2024-04-24
04d4efea63e6da739e2237dca5c4b84d,4987.0,2024-04-25
04db3036112cfba5608ac80c53b06720,5072.0,2024-04-26
04dcc987100b9b18ba7a0cb377a8a120,5511.0,2024-04-24
04e02631bb11ba903317b0d22f776580,8818.0,2024-04-24
04e0a40e4f5b5bc9e4c90a4fa2a22361,5458.0,2024-04-23
04ec07201fbc7e15ddea0f1bd22290cb,4411.0,2024-04-23
04ec96db882bd0792a10d0f9f9d6430e,5933.0,2024-04-24
04eeefe3e90a82a2c1274c564dbb4d7e,7059.0,2024-04-28
04f3269bdf7ff52f96b1c956bf6a34ec,4156.0,2024-04-26
05041e44dc07c3b87a8f1c13a1c57655,3970.0,2024-04-24
0504626e99b647920c2af3e011361ebb,4520.0,2024-04-25
050a20b0107e7abcad331af9498d7111,5174.0,2024-04-27
050ced72348c17e00d1cbed9a9af039b,5502.0,2024-04-25
050e3b8acfd67e565d69fb737e8c3c2b,4087.0,2024-04-23
050e7c4fede4d290bc38d0d8aa5b21f5,17424.0,2024-04-26
051058fde39d0bbb302871eb978a89c1,2776.0,2024-04-24
0510bc94e68377bae41c5b3e231fda0e,5666.0,2024-04-29
051382f0cc46049f72a3e7c10cd8f80e,7965.0,2024-04-27
0516c1c5defd1e3bb61acbd3701fc2ba,5592.0,2024-04-23
051b83278343ec5870a0a38b23757897,7694.0,2024-04-25
051c303a0f945da1ccc4716f06d63090,5408.0,2024-04-28
051c9f24daf3c3d6b635461f546a8928,4729.0,2024-04-24
051eff15563b8df0d40eb2e4da097e01,4324.0,2024-04-29
05218e3226b2e5a90485250fd6609347,5868.0,2024-04-29
0526c79a6fc0edb2139752b50af2ff05,1771.0,2024-04-28
052a667fa10b1a0ece458bf30b030bcd,1477.0,2024-04-29
052a9c60f9af5d78c377d69cec1c2cd1,3387.0,2024-04-28
052f9dc8d49c3f2243eee9adbd777adc,6755.0,2024-04-27
0531eacfad3c2a44e0a1413b267a4934,4842.0,2024-04-29
05326561c192ac95a10ff3b8c440a820,9233.0,2024-04-27
0533aa78b97fb4c66adc91eea4d93a80,4680.0,2024-04-25
053bcc72cc16a535d75c26b84c8bfa99,5588.0,2024-04-25
053e99bcdf14274d1a323b6a5c1ac783,1445.0,2024-04-29
0540395f46a7095d8901ee7e0043dc81,5236.0,2024-04-24
05423cefa13bda1ffc9188b04ad0b8ef,3573.0,2024-04-27
054699de4a34aa71e81a4f0954ca6fa1,8628.0,2024-04-26
054c98b844ae79f36be51600e903b2b9,655.0,2024-04-25
054ec4e86622fe84e9d08f62251f1241,6724.0,2024-04-27
0550fe71511d8558a2eac2d5dcc35ffb,9222.0,2024-04-25
055581c6d9a7e81a7fc61c01c74262bd,3044.0,2024-04-25
0556082d5cd859faceefcc072520fce2,8326.0,2024-04-23
05562136966a4a3f94e7f667b2d64c3b,7311.0,2024-04-23
055b6ff21d3eb01127af6631f83322e2,4837.0,2024-04-25
055beb2ff7e7de4a81b2d135e13d3616,5380.0,2024-04-28
055c4679045bf06639ceead28407f318,8301.0,2024-04-24
055ef6bad04efd147afe2d68a220e146,4647.0,2024-04-25
05610be9d0ca5ab5b8265a3fa9c87fe5,6444.0,2024-04-24
0562779db67cbca497b517e3abc93626,4221.0,2024-04-28
0569cbb0f12dbb1d10817fd834f4ba39,9363.0,2024-04-29
056ef296872de2fea4d4f7ee61b8927f,5610.0,2024-04-29
0576ef8b70fdfda800abc544aa9a28b6,8394.0,2024-04-29
05775f55329fa8dce205ad785701e820,6804.0,2024-04-25
0578b327603203266fa758a20e181caa,8895.0,2024-04-25
058327df606a319a7399d3963b6b8301,3398.0,2024-04-27
058ddba8a04dd97d6466c0ef8cecfe36,1617.0,2024-04-29
059036695525ccb0e094bddaa6704a4a,2386.0,2024-04-24
0590e06dca7e41644906aa28281e0540,4175.0,2024-04-25
059301946315ff914b85a40fdaa1da6e,3043.0,2024-04-24
059373a6e468fd6389c406c90eade4c8,10372.0,2024-04-25
059717104fbd4318c20be2234c2a2565,5319.0,2024-04-29
059764672f1858ba71476ade24a86146,3391.0,2024-04-25
05987cdcd942b6b214ef9de607460f38,3253.0,2024-04-23
059f21a8810a67ffb455451cb6e8201f,3905.0,2024-04-24
05aaef8b500bfa638bf8c551838e7287,4102.0,2024-04-28
05b2ec3f46cdacda394ba79ffc18d787,3738.0,2024-04-25
05b3706035b09731b2d1d2c18fbb6f46,11658.0,2024-04-24
05b8a982bf0f90f53d3c73a3a74215bd,7613.0,2024-04-24
05b9537f1d14ed3afebdd05e9d915e33,4889.0,2024-04-29
05bb414d680ebf8bafe650db46073cad,3937.0,2024-04-23
05bdc2e30699f2e31f80cb7b5dbdd4f5,11156.0,2024-04-29
05bde0b4a33e38511e7f4ef963f8f40b,8415.0,2024-04-29
05c7cee8428612f3d19c05859096df46,8890.0,2024-04-28
05c80adb2e10d2264307484b353d50da,2950.0,2024-04-25
05c8acc61fa2383168ca95a0bb99d9f0,8009.0,2024-04-24
05c8ce319ff4e87d2bce42c44ee7cd79,15940.0,2024-04-27
05c97d9a227cdcf827370893e7fb2160,4070.0,2024-04-29
05c9ceacde02a6a7b70bc2fd087f5a96,11191.0,2024-04-23
05cbb86e7187240c330d669bbcee4ed9,3085.0,2024-04-23
05d124453e9c4f35ac752cc524036133,5835.0,2024-04-25
05d34c5ee929b34b94f270bdd35adeba,5259.0,2024-04-29
05d6cfc3eb0d4e09837157868f653110,4693.0,2024-04-25
05daf17f9ee3adc759e38dd407dc5532,4870.0,2024-04-25
05dc7c342b3293280d74857d4d56c236,8538.0,2024-04-27
05e5ec65cbce921a4024ffdb6230a9db,4802.0,2024-04-29
05eb57f0636c37b752d25057fd25a0b6,9778.0,2024-04-24
05ee823cf3d07916251e30801d6107c7,10055.0,2024-04-29
05f0786a43a82c39f980bb03557a11fe,2247.0,2024-04-28
05f2417f158770e070207edc73e46994,4143.0,2024-04-24
05f29103d914eb2c594668e12b32b5e6,2410.0,2024-04-23
05f69bec94476644ace3aef8bd015d4f,6653.0,2024-04-26
05f7781d4b3646c6fe928d1fedcd52a1,3995.0,2024-04-24
05f9bd686fb5c623af762bb1d51dca5a,2184.0,2024-04-23
05fa74314d75736a5abc3eb6f4c4373a,2868.0,2024-04-29
0602841e578b6faba747c5e37523f906,3075.0,2024-04-25
060668c3fb36056c73245127d530d60d,6417.0,2024-04-28
060c34bbac02fc713ba12aec8cb03225,13187.0,2024-04-26
0614b2641b931baa638e7028c9193ec3,5374.0,2024-04-26
0616197eb814d2e41b023f12aaf33dca,11683.0,2024-04-23
06171314ea0eead30dabf4be55efeb0f,8460.0,2024-04-24
06198c8458c627a36f58905c47bb7c42,3740.0,2024-04-23
061a770705bf3d0a733f04c826e4ea79,3688.0,2024-04-28
061ae27f4fcbf1c018c80c8816304675,7568.0,2024-04-28
061d0fd27ee1032cbf1a7353ae45e18e,6416.0,2024-04-26
061eb9a8d87e6f74c9cf0dd2c9f72f25,3455.0,2024-04-29
0623b3c66db80bb9994901362f6ed0a7,7448.0,2024-04-29
06324bfde575865b999c218a54f47306,2413.0,2024-04-23
06347f9732f6bcff2c48e205c00e710c,4863.0,2024-04-23
0637408676f8b18d767fd2c6ed201131,5428.0,2024-04-27
063c882ba8482a00c95e88605a58fe82,946.0,2024-04-25
063d00f65fd5825934f592dc4c47c7d9,5735.0,2024-04-23
063fddd3eea511ce97a49a321245daa6,3125.0,2024-04-28
0642b26aad40a98a254b50d27133a4e9,13228.0,2024-04-24
06484a822d2ec3666e72b0b8f5e22e24,8952.0,2024-04-27
06495f800b746168ccd99acfd581789e,4877.0,2024-04-29
064afd483208ad9120f6fc6f8f20678f,7854.0,2024-04-29
064bc48c1f0a966a4f1081fe7bea74f9,2183.0,2024-04-27
06508bfd92887049bbced6da44914e26,6456.0,2024-04-29
0654f879ca6cd1adbe0b5766f1c2ba80,9707.0,2024-04-26
065ae51c726a063817ae5c92ddd04740,9858.0,2024-04-24
065e56c477b858af7135518fda510b92,4895.0,2024-04-26
06629b89986a613fb3022e189b72be50,3128.0,2024-04-26
0662c21c7e0658ca29e34b2deeadbcf9,5699.0,2024-04-24
0664cb8e543379a038fc816ac668faec,394.0,2024-04-29
06662b13384b30c8e4c6e884b95eec9d,2266.0,2024-04-28
066b1577daa212eaad1bfd1de45c44bf,9764.0,2024-04-28
066b39d20ac3ca7ad0d362af7d4a3dff,3932.0,2024-04-27
067006418ecc6cbd033f31d20801f315,5223.0,2024-04-29
06750e2c2611d9aa42ca3e56de8f0a8c,4603.0,2024-04-28
06783410100048a78f42e0a2c6693a0b,2965.0,2024-04-29
06785c63dfa972100bc7f6e4bf21d4bd,9699.0,2024-04-26
0678f21c66f3bb711872735da2d61542,10022.0,2024-04-24
067931d8514e30b19af20c920d3150f8,9045.0,2024-04-28
067c7c385507ba0777f0e2f31beda6e3,3279.0,2024-04-29
068d0fc4a64cf9216a023c3fee97396b,5955.0,2024-04-25
068f8cbe0cf392aec6143fa4c76cab8d,5308.0,2024-04-26
06911a798a56049943b55bca42218c09,4818.0,2024-04-29
0697629b62eed4b1e8a267b6613ec08c,2806.0,2024-04-29
06a4d8f8efb4694dacded36695ae44d8,12448.0,2024-04-25
06a567b3332f7421dbdab32956ec569d,8232.0,2024-04-24
06b18d5747092e932ef4b14de022c035,2650.0,2024-04-29
06ba934a585fb6c07ded13ac89c5c0a8,10063.0,2024-04-28
06c3acc879e80e777f8382729aa6ddb9,3409.0,2024-04-28
06c568919bd9d3c4c27d818eabe0baa2,7692.0,2024-04-27
06d84aba59759b5c0e2fff7d2f508186,6207.0,2024-04-24
06e0500600d9d03891cb61d5e9218147,5268.0,2024-04-23
06e15a76e75c6911f6779d23bd0cf145,3798.0,2024-04-23
06e15c0151839bc197904be8e07df33b,3377.0,2024-04-29
06e7cd90addf462cf73f0af559f12b6a,5758.0,2024-04-29
06eb06e0d549d2cd6392c6bdd39d9c8d,6094.0,2024-04-25
06ebf22df9729a7388513ac8a08a617a,3519.0,2024-04-29
06eff55c891c521edcf42710e9bcb9eb,4116.0,2024-04-27
06f0abb51892eeaf8b76d2d092afbcf9,4188.0,2024-04-29
06f27f160177717a94b0d0241122dabc,4083.0,2024-04-29
06f27f9b892c335c1e56378a4fc86aea,4754.0,2024-04-29
06f584411ceba0fc0e22dab2898e2b62,3666.0,2024-04-29
06f653e0e1a2b6b3177392646733560a,5470.0,2024-04-29
06f71ab1a8b88418069bfdd96ac04cff,7656.0,2024-04-27
0705e6e9f2442bf1854c3ace342a61b4,6837.0,2024-04-25
070b85a3e8197123814be7c73116d68f,4977.0,2024-04-24
070f5419e545eb3d9f0baea277e96229,6504.0,2024-04-24
0710d62ce94dd3e419da000bdab840cc,5194.0,2024-04-23
071b9fbbefc60086982192e1ce799858,1943.0,2024-04-29
071f0f91160df64f4e75286a749abef2,5003.0,2024-04-28
0720c6d22ccb4d373cbf511fa45b5231,6328.0,2024-04-23
0728b54298fcb4c692ec5da7eb7862e1,3080.0,2024-04-24
072e203027c4aa4994cc110a7e1c20ad,3766.0,2024-04-23
0731c731242e89a892be2fd184556b40,10898.0,2024-04-29
073c15978d77b05cec2d187e1792a494,2213.0,2024-04-26
073d97f7904eb845ac09d6ea8aded6ea,10166.0,2024-04-27
0747b4553d52d838cb2dc7f722791b23,6367.0,2024-04-29
074afbe3e7911334a64edf79bd728c92,11364.0,2024-04-25
074bd0629eac4896dc17412347bd821e,8949.0,2024-04-26
074c592fe4ac3815ccc92a3f2c41217a,8258.0,2024-04-23
0750ec0d30462a3941625c4ee1edd907,2280.0,2024-04-27
07514123ea8ff967af6d369550d68a5d,3437.0,2024-04-27
075473d5ab0422732dfce9fb95b6fc46,9533.0,2024-04-29
0757461cb566055b6855defd2d6b22ac,1664.0,2024-04-24
0765b686e2a9de6bccfb18704c6f5ba1,2449.0,2024-04-24
076879383d4690faddcfce5ce74bf5e7,2051.0,2024-04-28
0768c0cd227d66de97fb769b50b4483f,6363.0,2024-04-28
0770f6ca7d2bc2241efe662eb4e89916,3523.0,2024-04-24
0775603aabe6ebddc0d9aeb3b0960db2,5878.0,2024-04-26
0776e17a96aea30d4d5847052d082aec,2992.0,2024-04-29
0779d7a03f5038cd3c20516e6dfd33cc,6026.0,2024-04-27
0779f689eecf27e32eb7a6d55b66abab,4144.0,2024-04-23
077d4faf08bd5553624a14efe79458e7,2426.0,2024-04-28
077d8925541d48b462e490a7becec77e,4253.0,2024-04-23
0783328a8f22d09774844abf37375f4f,4424.0,2024-04-23
0787d0d5df45693719498104b5ae7e63,7087.0,2024-04-25
078817dee97baf394f4e9db140d28875,3326.0,2024-04-28
078dca6358b5ba6c266fcabfb8547a74,8674.0,2024-04-25
0794b7d20ff734484c2959fee0c425b1,2113.0,2024-04-25
079b7cf10d32ddfc40cb1023dc9acf4c,6447.0,2024-04-25
079b846424aa46d259772e6d1ed3b23e,9792.0,2024-04-25
079bb58098d7eb61ae0e060d1b0c93a2,3523.0,2024-04-28
079e80810119a85bc25238b28b4c7665,11778.0,2024-04-28
07a659e419c24e75e9b00112c481d515,2797.0,2024-04-27
07a6a376c5839e04cff34ff56b311f4e,3371.0,2024-04-26
07abc7f249f61bddae2abf358e45173e,1835.0,2024-04-23
07ae196e35a4fb73448f2b3beaea9feb,6338.0,2024-04-26
07aeb8c8aff75b0ae1dd91a90b11c8c3,4942.0,2024-04-29
07b7fab6416fe224f2732b209b066af7,4016.0,2024-04-29
07baa916b16889717319ce9a8328392b,5586.0,2024-04-25
07bca4d41d06df24dd1aa6824efd3314,4553.0,2024-04-27
07bd3809eee03e4b503e46cb5cbf9de0,8447.0,2024-04-28
07c095f522132c2d4da3cbf598602b65,1723.0,2024-04-24
07c84ce360fbe107dfe76f23f089111e,4815.0,2024-04-27
07c86cdc9a897d23ab6f4834a8157bcc,3072.0,2024-04-29
07ccf8d075438ff246e9c57359fcb3d1,6581.0,2024-04-23
07d0fcc5d33d7a6b350e24bdf611e874,7430.0,2024-04-28
07d67e19660cc487fa09bb63d77d0659,9593.0,2024-04-26
07d7665d0f221887fac5e38268836f42,4972.0,2024-04-24
07d8f1eb2e5452018ba85d3d1a886b98,3643.0,2024-04-26
07df7aef7f3133a4fbe99d3937f56f4f,1503.0,2024-04-24
07e001936ff635b1ef5c33d5611989dc,4227.0,2024-04-25
07e0ca3e058220393bf70e774d0dee0c,4394.0,2024-04-27
07e35c20c534c0672d0faa667c740f69,5679.0,2024-04-25
07e3a1d409376ec2eac07c16a0c24c48,4669.0,2024-04-27
07e429ed0f85eaa6e5fcf427e07324df,6468.0,2024-04-24
07e4b7d5afdfee9b06a97480200c3e8e,3431.0,2024-04-25
07e601adeb03768327a83f844fb1c5e5,10281.0,2024-04-28
07e74547fa757d1ee82edceba0871bd2,4756.0,2024-04-28
07e8607875d0f509cc211df898a9a006,9566.0,2024-04-27
07e9ec0cff685a6d333a2022429bb4be,11216.0,2024-04-26
07eae5d4b8d61e2273bd3771121c7a44,5536.0,2024-04-28
07f306b53fdb994aa43c3d7e2d07419a,6323.0,2024-04-23
07f383749c8ee5d31e397885c2183bda,5353.0,2024-04-26
07fa08b61bc500d8ea0349a0fe7c406c,2550.0,2024-04-24
08112f43a392e7c71689db6c6fec9b3b,4174.0,2024-04-24
0813055db98e1eb49fbe882c66d3e730,7851.0,2024-04-27
0816ba42d6f1f90d3f56ab93cadf33d3,3944.0,2024-04-26
081e2ef947d506bde8bdc12b29b50dcd,3839.0,2024-04-26
081fbd067161c06384c2a75c6d7c6901,5180.0,2024-04-26
08240f066bdd4d0233f3acfa75923c13,4775.0,2024-04-29
0825da20f9128b64ce06c6ebeedd64a3,6076.0,2024-04-28
0831b265344884ac09cca5dc7500cf65,5485.0,2024-04-26
0838d8723097076aa3b79e0a2a3a01bc,2285.0,2024-04-28
083b072920a3de07af7da37d4aba670f,1153.0,2024-04-25
083c04888ae49a0cfdd5e46736bec868,4531.0,2024-04-26
083ebccf64a2c1941d78e6718f34dd41,4376.0,2024-04-24
08403c4ef5f04418675fd666acd7b252,7388.0,2024-04-29
084d1a019368dc5399c6cc6fda7c3576,5738.0,2024-04-25
084fa5d0d20ed83a182e3925d7b0e18c,9370.0,2024-04-23
08500fd5656a86986ff2a0cb944c8cc0,3545.0,2024-04-27
0850df4bab4b9a21c608f67eac467161,3082.0,2024-04-27
0853a13e696b431dfba3e97c5633a480,9017.0,2024-04-29
085b1cb030ceb33b644a5a17a8cce1c5,4501.0,2024-04-24
085d9a92e05b46ff11f13f832b8867aa,7553.0,2024-04-25
085f60934e37d83d8c2e829d7c527968,10380.0,2024-04-29
08630e1499b98432992ac08ae8557262,1632.0,2024-04-26
0863fc76030f4fba72f8b021c3a9252e,5283.0,2024-04-29
08642b65fc4d3a6923314732aaf1fcb1,3240.0,2024-04-28
08644001b531588615705b81305eb4b7,4137.0,2024-04-23
0868ef1e70c7b8cc21b52711447fb846,5016.0,2024-04-28
086c4165e31dc0621878ac649bc853a1,1868.0,2024-04-25
086c4ec04c10f58361094952d2a6d5d6,16659.0,2024-04-23
086d6ff144e904b6175ba1f5b5728dcc,6407.0,2024-04-29
086f57e31413b60fa47034beae446129,2641.0,2024-04-25
08706e9f9c8fc038c346a68f2556ee5c,3695.0,2024-04-29
0875ff7671fcc8290d44174f13c9db49,6113.0,2024-04-23
0876de1a5f10621561b2b1817bdf9004,2383.0,2024-04-27
08776655cbaaa30f40ad38fd0ab46f0f,3033.0,2024-04-29
087ac99e12b209560ee28b6ba1730939,4684.0,2024-04-29
087bef124cadbbaaa55f89633eb378a4,4744.0,2024-04-24
088758f6553bb1cd0a3b7259e781c6ef,3211.0,2024-04-24
08882e8d132b26618023c46b8875d7a4,10475.0,2024-04-27
0888d767e95377ec15caa865bd3fa93f,4154.0,2024-04-23
0889805d328dc19515fa46180b514f35,7177.0,2024-04-24
088993399c3fcd35f286ecd8ec425a1a,4840.0,2024-04-25
088afdc544c2945a5266be9226e2b89a,5482.0,2024-04-28
088b0035d5e55fb7d61c9742057d6a92,4117.0,2024-04-24
088eb1234954bc96d583aac3f7d1cafb,5509.0,2024-04-23
0890827ccede26730ebcfa3c87df754a,5089.0,2024-04-25
0894aff332ba0ec78b03022a290b5f22,2763.0,2024-04-27
089b6430a26509d8a0d366f4a2281cfe,8682.0,2024-04-29
089d89e9f1be2d1883d4e560243c0d99,9668.0,2024-04-23
08a5be052e935653e425b76da8e71dea,6902.0,2024-04-24
08a82c65f50db5784a82a51730ea0e84,4204.0,2024-04-26
08b33815712837a999b0c92fb5f87341,2065.0,2024-04-28
08b36a7ccee533c2e68fd643eede81e6,7744.0,2024-04-23
08b83b88fa9e3979b398a4716314dc8d,949.0,2024-04-23
08b987f7d2f9e79889f0baffc7265100,8091.0,2024-04-29
08b9d36088779e24bab3082dc734f64b,5322.0,2024-04-24
08bb6e326d4d1fd888bbf0c9371d930d,5125.0,2024-04-29
08c1590d47f7461acabc9c105a91fc4f,10321.0,2024-04-28
08c2fac5846b0ce788de1eb4bf6ecb85,4223.0,2024-04-28
08c6a9821bda8e4631a398171bdfc76e,9187.0,2024-04-28
08c6b3d2e7f77478270c2883b4b7b4db,2874.0,2024-04-27
08c7ecc10d8c4b2f131f92be8597deb7,5199.0,2024-04-26
08c8997d1307b7919ce7860a263afd6b,6575.0,2024-04-27
08c99c1be79f3b524e723c3224eeedfc,4213.0,2024-04-28
08d2c89f5931810004baf16a7fc116c9,2023.0,2024-04-29
08d377b85984c8aa20f976278946d008,4246.0,2024-04-29
08d71faf332faebc8170fad6f01d7de0,2842.0,2024-04-23
08df0cb890541946ad86db0309e6c327,5425.0,2024-04-26
08e2da6fa8f935190020b55c0819dcc7,4457.0,2024-04-29
08ea96c6b065175a4f92727e0e277ccd,3600.0,2024-04-29
08f313d82da0df62b9c1ebb0f0a86869,2971.0,2024-04-25
08f5bbda637edc7e2fdfbe57e30fb7fa,5505.0,2024-04-28
08f6e0326246a94f60745af945ac3614,2068.0,2024-04-24
08fa50a39e4ecd8c911a33c811a5c74e,13241.0,2024-04-23
0903355e402445ca0324e5b75412f45d,12670.0,2024-04-29
0905df512b9175f8159161ae932a9847,11026.0,2024-04-25
090d490bb129d0264d7e2ab238bf7a8a,5642.0,2024-04-23
09146c035776bcae7bee325f53265f7e,4542.0,2024-04-26
0916ec2b14920412ad845d61b972acd2,5648.0,2024-04-25
091cbc51cf34e61899237405d9ac438f,5121.0,2024-04-23
091edaeca0fcade36326ad013b4256b9,4824.0,2024-04-28
091f5b3cd269ae6910ccd72cccaf4857,10380.0,2024-04-25
091fc94f440a5829d2fe209ebf428311,5586.0,2024-04-27
09209d20cee50cefaf3df17ce2de51c5,4002.0,2024-04-23
0920acf445a7db00f2eb6196a5493a23,2115.0,2024-04-25
0921c9f5cb8803161c847cd4044b42b4,7365.0,2024-04-24
09285d83b2e90518cddaeecb86caae37,4530.0,2024-04-26
0928d9988ba744ca30d15003e4dd29b0,3245.0,2024-04-25
092a62b25e5b40b5a85798f82a433e26,4011.0,2024-04-24
092a6a37cc6554eb5e500ec99bd27f40,3881.0,2024-04-23
09317ab3e844ccae7b5790e1be3eaed6,10359.0,2024-04-29
09370a2955950a9bb719d554562cd5db,6047.0,2024-04-28
093780a45613911656c2e5c22bd16129,9566.0,2024-04-28
0939701e2b7abeb79cffb95cfed99cbf,4429.0,2024-04-25
093c672b40d9f4d24fc9f8c348849af4,2312.0,2024-04-27
093e5b1618abe4c166f058565df7743a,8710.0,2024-04-23
09412370d3d264afe829666c06341f9d,2384.0,2024-04-27
09492b86df734cb7f4ce41404d0ece15,6415.0,2024-04-28
094d6accbb6172fd8e135287f2ca3885,4701.0,2024-04-24
094f72baed7d2eab41efeb8d751e95a0,4451.0,2024-04-29
09563e8e91cf2daf74509b2152c315f4,4007.0,2024-04-29
0957be7be023a9f52385980a57cbd529,3350.0,2024-04-29
09581376e8455051c3531e3cd543a6ba,2778.0,2024-04-25
095f729e83648959d8b0e84a8fb6a8f5,6687.0,2024-04-23
0960bedbb18af23e0fbfabcc3e08f8d0,2662.0,2024-04-24
096a9044e8a5111c6fd1940525da7dde,10508.0,2024-04-26
096d93309584dd07d86509f70f7c0a17,6960.0,2024-04-26
0973e798f37a6b73b0323c08eab7b427,10553.0,2024-04-25
0974eccd834804e999c32bff9ed06200,4358.0,2024-04-28
0978d2326b740b517a471720138e3033,4285.0,2024-04-24
097ee00c63f21e0d8e1baeff759639d7,9101.0,2024-04-29
098132d2c620b4641bc0d9ddd5e40b25,2973.0,2024-04-23
098b7bed62c8b8d6df62515920b42da4,6469.0,2024-04-29
098d05832832f3b24f8c0f16143d8e36,3486.0,2024-04-28
098df18587ffa94be29ec81bbc40bc48,7557.0,2024-04-27
0992bb9c578c47fe5d69d1248e2398d9,15093.0,2024-04-24
0996673cfec426dacced340ad0f7884f,5760.0,2024-04-23
099938d8b8029301d5d413356378ed18,8757.0,2024-04-26
09b0e5c79b996f6aa51c45b558892f48,13395.0,2024-04-27
09b337de67c945244d04a868b02eef13,4920.0,2024-04-25
09b43f1ac1356ee6881030569e00b049,3837.0,2024-04-28
09b771f93d6e6122756310ef8bc9d5e3,6428.0,2024-04-29
09b9080a80f7dc70c0fee9e055679137,1846.0,2024-04-29
09b9cfc92a9c9daba55002440600b244,4408.0,2024-04-29
09bde00ac49dd8ac9c3ef215c5257470,7721.0,2024-04-26
09c2a826b4e75e7ab6da41a4f7aeeced,2898.0,2024-04-28
09c64257081b7f5db4b7879c2e04abf1,5804.0,2024-04-29
09ca9f921bfa53ee9468b742789c41a4,4823.0,2024-04-23
09ccf1f91dc3aba638bc6d7c75795dc9,4472.0,2024-04-23
09cd1c7e8ffde4f68d93478093334684,1630.0,2024-04-29
09cdaad86deb9761d4278056bb7d3a32,6352.0,2024-04-29
09ce8b4052d1ed24e525d05e39d9761a,4197.0,2024-04-26
09d12738beb5b2af74c6a5134def4c64,2786.0,2024-04-23
09db793de528b6431b7a7bb2bb9bdff5,10262.0,2024-04-29
09e03928d481c9e32d157ceed713a99e,1990.0,2024-04-28
09e9444c9a6c1399e973cd0d3deec129,9467.0,2024-04-26
09f03d22d698b33acd63bf90d61e8bc4,4568.0,2024-04-29
09f7d11e07a574152bdac1795c3117c5,1201.0,2024-04-23
09f8cfabe1016961555e1ce1ad3a6a4c,7802.0,2024-04-29
09fccceb9816bf128116538049f6f2b1,3780.0,2024-04-27
09ffac82d5b4dc2e3914d1205869c2f0,11829.0,2024-04-26
0a00505f3ade82509afc29b0c6c979fd,1151.0,2024-04-28
0a0f3d19c3d6ae6aefb5d94088fbe8b8,4960.0,2024-04-24
0a10f387e6f9e43574bec2f246bd94c9,3547.0,2024-04-26
0a11f39477682285edb8bddbb206e999,2773.0,2024-04-26
0a1dcdf9fbacab901afa78ddc1457995,3672.0,2024-04-29
0a20d17c034c49624cfcfdc2ee7b4c29,11140.0,2024-04-25
0a23417b30dc6859bb4dc0b77bb4feb4,4294.0,2024-04-24
0a2649cf230d31b541043cf07df9dbdb,9666.0,2024-04-26
0a3053f2fb7119e8f44b7dfafc2e58d9,6684.0,2024-04-25
0a32e10ff5f28026aeff69ec2dbf9b53,11260.0,2024-04-28
0a35e61e352e472955a39847586d11ba,4682.0,2024-04-23
0a36e67b86e8777b6b2fefa119a2b03c,4068.0,2024-04-24
0a37f39eaaef318a82938c0ff6bd2e48,7932.0,2024-04-29
0a389d3ee80490f6aba0a46edf331cc0,12307.0,2024-04-25
0a3b369192976134441676800e965a87,2761.0,2024-04-29
0a3ede883f46eb2a9364e7b0280002ef,10050.0,2024-04-25
0a47528a0eaeac1cb6883bff77547f39,8592.0,2024-04-26
0a47d499377c6707141a5b009f6337fc,4920.0,2024-04-29
0a4a9f71fd1ea8bcfd7bf32eae29b851,6715.0,2024-04-29
0a4d6178a2a7127ab3d6d7fa1592b7d8,5276.0,2024-04-29
0a51b197811faba70e9bd136f3139fa3,8793.0,2024-04-26
0a51b9a719cda16ee29b3534a1428a36,6093.0,2024-04-28
0a5650e3e4f0d0d3720a3a998c52a00a,4701.0,2024-04-27
0a5718d09cd61fb7eeb50c85a1568dbc,3825.0,2024-04-29
0a5c5fa84809eb52345c9bdbee2929b2,5622.0,2024-04-27
0a5f12e51cca5f67cbde8aef18c7a7f5,6863.0,2024-04-23
0a620c7246c584580fd498c7f5efedce,9845.0,2024-04-27
0a6241fd0bfbae5ab014e6a9ae4fc3c6,9548.0,2024-04-28
0a62c9b3a09a547e607f004ed43146b9,10286.0,2024-04-29
0a632c82720fb0ba26751b09a418a9b2,6025.0,2024-04-28
0a679066bd7b40d4e49863c14a6de468,7738.0,2024-04-29
0a67c4fd1e97917649170ae9f93003ee,7866.0,2024-04-26
0a6961160c1e7b6bb27a6f3bb8cc2374,3723.0,2024-04-25
0a6a804569904b8683e4e77261fa636e,7496.0,2024-04-24
0a6b3e14bda2d8aac677fe0e8cb87bb7,7686.0,2024-04-23
0a6e8a0ba458570514d78d003e8991a2,4201.0,2024-04-24
0a6f6d8c96955f2c09f8aed08716b41a,3073.0,2024-04-27
0a7c51b70bede8a2472a22e076cd8528,5398.0,2024-04-24
0a86a063e945ddaaf7a4abb60a7a1318,5806.0,2024-04-23
0a878be6ac5c5850d9b97f420a9032a1,10857.0,2024-04-23
0a8ddd18b685a8cb6d8779a9fa586dcb,3920.0,2024-04-26
0a915db9b79f26f90ae847ec3df952cb,1822.0,2024-04-27
0a96abb00aae3083348e6971998134fe,7537.0,2024-04-23
0a96c88b8b9e6b4e690a651f8c3559da,8800.0,2024-04-24
0a9d9dc28545d5d69777a43d0059d9f5,4385.0,2024-04-27
0a9fab8e3641d264bfd0ff1afcc05e4f,2306.0,2024-04-23
0aa0f42125d17a437cae8e9cfe044451,2992.0,2024-04-24
0aa371ee5bdce83a96d9f591a4a1e149,5106.0,2024-04-23
0aa59bc8c0bf07a9a59c01da5c01ff0e,5123.0,2024-04-27
0aa62dade1f40ea974a98cb40b85a9e0,10869.0,2024-04-27
0aa6bcaf53a4c60facd2176a2b6524dc,4831.0,2024-04-29
0aa8938c9028d7fca06177ad214a71ba,12127.0,2024-04-25
0aa8da2d99bea8e579b4b7ddad3396a0,3269.0,2024-04-27
0aa90b8370ef286265be692bb0e0d3cf,7972.0,2024-04-26
0ab05b85b132e18977c02e2bd4ee6cdc,7992.0,2024-04-23
0ab0aa45c98bc0f8bf4380816487cbe7,4655.0,2024-04-25
0ab6e79c8fbd06c60cbdf282225da4e6,5016.0,2024-04-28
0abaf3c720bb7b4c70de52d17f44ec7b,4865.0,2024-04-25
0abf60b3c387e710686e27135707a5a2,5122.0,2024-04-24
0abfe395bbb44ee9da0be813dca53c1b,3426.0,2024-04-28
0abff5f180f615f1594e6d9952a2a042,5636.0,2024-04-27
0ac0ac86393e953a823cd4d99d87bdcc,4043.0,2024-04-25
0ac60e41fc66dae223f09e950120182c,2818.0,2024-04-28
0ac6a841912de82b2ba8544cac2a6787,5876.0,2024-04-28
0ac87a3d935a824aad908c257fc71290,1963.0,2024-04-28
0acbab636b9cd875dffa354f084c5403,8446.0,2024-04-29
0acd99cc4b1b5e0cf296c6374ee0181f,3393.0,2024-04-24
0acdc9526d3883a90dba9a60123ad76f,7334.0,2024-04-29
0aceb8560b1ba0d92aa56e824440dffe,2399.0,2024-04-28
0ad0431d16e81928b8071c9592903493,2934.0,2024-04-23
0ad2f8f644dfce1e8ca28cc423d8acac,8703.0,2024-04-27
0ad607070ad941b68eb21bf30d5c77aa,1851.0,2024-04-23
0adb53ebf4c1b8e6ef129a6f36511777,3242.0,2024-04-28
0adc79999e59adbbc587494d42fe3b38,2134.0,2024-04-24
0add70ca8edca85e2856fd0679498547,5956.0,2024-04-27
0adf39e22913eb159fe448fa5854f04b,5769.0,2024-04-23
0ae328a7bca660456e1475b0afbbab58,3362.0,2024-04-27
0ae3c3ecf5a405546c4fdf0b0c9816a3,5378.0,2024-04-28
0ae82808034866954678fd379f60bb40,7349.0,2024-04-24
0aea2b1faeceaf33623ce99f249e5dd3,4411.0,2024-04-28
0aec13fbcd55d0f801676b49e375c6fe,8224.0,2024-04-27
0aefbdc5646d537ac92fa286d70a0eaa,10244.0,2024-04-23
0af2f848ef61286bffd54a8430a32baa,3693.0,2024-04-27
0af43d4346bb565af5bcd9d7c331cc08,15510.0,2024-04-26
0af8adb9087484b94a2418f6dd37ce7e,6921.0,2024-04-28
0afbc11795f19795411da8e54e3b0270,7600.0,2024-04-24
0b0b1f239bfa4215cc548e39fc971b9b,2701.0,2024-04-27
0b130718aa82b3ba384330d366d4d8fd,4150.0,2024-04-29
0b1958b2eca112e90891fec3d5da1ca6,3627.0,2024-04-29
0b197b2fc9b64529d14bae8aaa21033d,12078.0,2024-04-29
0b1f9624347c668d3693e7d4ee7d57eb,8881.0,2024-04-24
0b215d683bfe74f30e481e640a830633,3441.0,2024-04-25
0b246dc6011a86b2c29d34e406d70a1d,3903.0,2024-04-26
0b2c1da5d752abc6bc457cc9c878d9ae,5955.0,2024-04-29
0b2cf8d944383308c77f56e51c53faf4,2436.0,2024-04-23
0b2f6a616fd401172e7be6c1ae58683d,9720.0,2024-04-24
0b3074a8324d9c1c776c4da0e7e9c5ea,2335.0,2024-04-29
0b30b1f8524ffe96184b393d5c71fa58,2774.0,2024-04-27
0b36fb07fcc80ccd393228ab2e2f1b32,5385.0,2024-04-26
0b3d2fad6e219d057c91e57de47cd185,3537.0,2024-04-29
0b43f2220b1f94d4b1c0d0d5e833d64a,6132.0,2024-04-26
0b45f7be98f09ccdc94fa0ab1b6bb8f7,1959.0,2024-04-23
0b46cdb90383aebcd1cffad1884259ad,5194.0,2024-04-29
0b4fb3bf985e7304b6fa9ea2efc8ff6f,5446.0,2024-04-29
0b52437984843239610bf1cfe6532e40,7033.0,2024-04-28
0b58922c6bb36ee7279d30f432ba3b58,4183.0,2024-04-28
0b5b1a62b9ce04cb61457fa2674f743b,9624.0,2024-04-27
0b5ccbcad8c8d51584c5bd454966fc7a,5137.0,2024-04-25
0b635efa33811a890449b1f069b3252c,8251.0,2024-04-26
0b64f3837fa453db777e407bf6083b5a,7355.0,2024-04-29
0b6a4d21740e8ce33113a4707b5505c1,3760.0,2024-04-27
0b6d277be851e8756ca9322dab802f39,9891.0,2024-04-28
0b6da014b893fc885d11f59e781c4f68,9317.0,2024-04-27
0b6f517f9ed35b3f67bb88165889ad1c,3457.0,2024-04-29
0b71b73e132c6196efec9fbb553515e7,1921.0,2024-04-28
0b78914cb63d2a0d3a552b24a70431fa,4100.0,2024-04-23
0b78e30d3774b62ae84e9340369d116b,5910.0,2024-04-28
0b7a69cfec7f0f52f39770a6d061abcf,5230.0,2024-04-28
0b7c920eb4599ce017fe6410dbb07e3d,7556.0,2024-04-24
0b8063888c517ba3786f94e61f0cf739,7291.0,2024-04-23
0b86fc3a25c0a9ae848a44cdbc540d68,8161.0,2024-04-29
0b8f7bb50e6914689849791f8021a7d8,10693.0,2024-04-29
0b9403aa24cd5f6102fb8fb346ae8162,2027.0,2024-04-26
0b94c40879cbec32c0cdfa8a69911534,3802.0,2024-04-28
0b9d03a98fba7cc2aa6a1e87a99f0bf4,7463.0,2024-04-26
0b9d3a1cfc12199ee28ed7be0f082daa,1921.0,2024-04-29
0ba0b57de9edca7b7acbbe432c387280,12317.0,2024-04-23
0ba7cbd64a2bf75c2c3763e5d9f48a68,9830.0,2024-04-26
0bab9a8c47ab12b6d7eddff7082e74b0,8223.0,2024-04-25
0baea2576215132d2685fa622cfae279,3417.0,2024-04-24
0bb5558c4b7ead832647688587a217b2,13171.0,2024-04-26
0bb5d4fd8f59ef0034be78da7013b497,5749.0,2024-04-28
0bba2cf5d67af1640e3347a791edc57f,7228.0,2024-04-25
0bbc392dc4ad2d38ed60fc28cb47c34b,4593.0,2024-04-25
0bc2454b81ba5f2045440c636f59a065,3134.0,2024-04-26
0bc3cbdb654ba8e2028c89503601f6b8,6378.0,2024-04-24
0bc6966c53c6b915f4474ce6f259c60c,2506.0,2024-04-28
0bc7a6b6d6013e63f74021d04b8233b0,9585.0,2024-04-23
0bc7fbb9a98cb4eb0842b34d7474aa4a,5469.0,2024-04-28
0bcd1938af544b7accc891e5c34f82c1,2031.0,2024-04-29
0bd7f0e93e52825cb55a54436d58e95e,3218.0,2024-04-23
0bdfe0645dd1b2651954bdb655a9e34d,11226.0,2024-04-24
0be80871b06b45b67d10dfcda96838a1,4931.0,2024-04-26
0be9a6d5c8f11fa8aee207f9ed668fc7,1461.0,2024-04-24
0be9f0b8cf6bfddb341f724c148aed54,1849.0,2024-04-25
0bf1691487b050a8b9d8f82ef2cf7a8b,7376.0,2024-04-28
0bf9d02cf7924741704b7ea306abe6e4,9691.0,2024-04-25
0bfa2a55099a32a240a9e7ba17504e26,1935.0,2024-04-29
0bfeaae295c8fac5c5ac2febd202483d,4719.0,2024-04-24
0c00bc8fdeac6bb4841cb1b014b993ab,3222.0,2024-04-24
0c019b8ed40badcef6eea08cda5ebd31,5764.0,2024-04-24
0c01fc03a567b45582a8f11526e428f9,6076.0,2024-04-28
0c03264793cc2632893f51496d14b776,8802.0,2024-04-28
0c0bf5add7a0777d6ba8d0979dfdae70,3201.0,2024-04-24
0c0f422b3c1fab7c9da05ab70d628bf4,4583.0,2024-04-29
0c10723d6e73b3824ad4dc72e89e5568,3391.0,2024-04-29
0c135d32132a89b4ab1f1ba564f092ea,4325.0,2024-04-28
0c143cca417d67b1895977e9f1eda7ed,3201.0,2024-04-29
0c1580f7c0ff98f18e801f704eb18b5f,3234.0,2024-04-23
0c19de4399fbaff31d5fabfb96b50983,5324.0,2024-04-29
0c1e4dcebd1c42ea185c88346cf43b09,5190.0,2024-04-23
0c22f85e9e0d213b966362da544cc7b5,6018.0,2024-04-24
0c277e99fdb2259aa043a0fba1fac8ca,7473.0,2024-04-24
0c2995c194ae5742c7990565a9167984,5851.0,2024-04-28
0c2b3149cc61d9ebe602b19ef06ac605,5535.0,2024-04-27
0c2ee5d3bbfa3b23e386689f091ddfbc,1798.0,2024-04-29
0c33c67fea14515d5dd767ef08a9a8dc,3201.0,2024-04-27
0c37533650e6ce510898c8b0cc89b3f1,4196.0,2024-04-25
0c3b8b02253828773f9e5f9b0bcf9278,3925.0,2024-04-24
0c3e22117e31c770fe24a7b8b108877a,2280.0,2024-04-25
0c3eaea59ac988ff36357693fa645c98,2037.0,2024-04-26
0c40d93ae66c2250b534de910a3b383f,8594.0,2024-04-24
0c414820ff43542253c64eb488afea4d,15543.0,2024-04-24
0c49ab3b0a24acdf90906010f78e64b7,1991.0,2024-04-26
0c4e06c9e868dfd6935159b99d07a020,6853.0,2024-04-29
0c529109c4ff5aeda79bd0e4cfe619d7,2968.0,2024-04-23
0c53cccd7bfe6f06a22bc01a7b8dc54e,2694.0,2024-04-26
0c546f6f55336042b85f73fcef680584,8995.0,2024-04-27
0c55e808db28ebd940a5b8d0980588db,3911.0,2024-04-25
0c6520b62ebd9fc5e8fd60bcc1f3219d,9904.0,2024-04-24
0c66218e57ab2fd4e6e44cd5b3156323,5152.0,2024-04-29
0c66c64a4c9df9827b235f5ed220e9e1,1734.0,2024-04-28
0c6b3bfd42189b03ec196b094901c042,3264.0,2024-04-25
0c70750ff92b06301994770a09a253f2,3350.0,2024-04-28
0c73fac01e0196b2505c48cf9ded9fd1,8160.0,2024-04-23
0c754491e314c259cfc981feaa971732,3825.0,2024-04-29
0c7a68ffd7d9796ef0a5e72251429a49,7830.0,2024-04-25
0c82c91498061b6682d6d24842764557,7322.0,2024-04-29
0c8345a3b86f88ade2b9612bf7ae359b,5019.0,2024-04-24
0c845317d858bd67e54a8e08184f2471,7653.0,2024-04-29
0c88c9208eb085ef590e13bbaacb9f41,4061.0,2024-04-24
0c8d5bcd7c5da60fcdf07459c3e84409,2655.0,2024-04-26
0c8e13d393236ffb726ce6eea987a60d,5516.0,2024-04-23
0c9b2e91bec0a17994dcb2ea0ea82302,4198.0,2024-04-26
0c9c38706beeed4f70a3721afadf4c07,6632.0,2024-04-26
0ca02d9d21c72150a51b45e78b6e0a55,5386.0,2024-04-25
0ca07c51f3f185180127dcbe30cee649,4333.0,2024-04-29
0cab1bf280269f1d47b913809b3568eb,7344.0,2024-04-25
0cabcba0be8ebadcbc9e675fd356de0b,7218.0,2024-04-29
0cb0875eabbcf45fc31a860d15e7b03a,5350.0,2024-04-26
0cbc40f9526ae3a7cbcd6b841bdd1c06,5483.0,2024-04-24
0cbdaa082e41b41087e92611c08fd0ef,6853.0,2024-04-23
0cbf46f8462d4fcc2820dd962a1d6429,2300.0,2024-04-27
0cc090535c3491d48d9c4c77cc0a0689,8211.0,2024-04-23
0cc237a88759e6192b0ab8e21314778b,8979.0,2024-04-25
0cc2715c3cab9afcd780b172690d68f1,8731.0,2024-04-29
0cc321913816e81b2f904ac60dfa910a,4394.0,2024-04-24
0cc82c3d99b806529d1e293624a491b3,10611.0,2024-04-29
0cc83c4014a255b1d14e154b3ba934d7,3390.0,2024-04-27
0cc8a898412f282b342cb12b1cacc2bb,2649.0,2024-04-28
0ccedf1bdaefa53ebba5d5a6ee1e47c5,5046.0,2024-04-26
0cd5341375f8706b966e0ea973d8077f,4528.0,2024-04-23
0cd68a3a7c11aed2eb4d43ef0cd2eeb3,5499.0,2024-04-26
0cdd487869eed84928b1735a9473d0d2,11446.0,2024-04-28
0ceb954b2439c42c5e1fa3c3f60b817d,8388.0,2024-04-23
0cedae66a325b8f4afd0e1afe52acfab,7225.0,2024-04-27
0cef11b773b16aac4c3aa1df5a6a70ba,7967.0,2024-04-28
0cf26ca48a1ff376cd70c92dfe39d9c1,8921.0,2024-04-29
0cf3be65bd86bbfafb5a2ce6dde9a7a9,4829.0,2024-04-26
0cf5fdfa7928c0b09f2649804ad3beb3,6691.0,2024-04-25
0cf8aa0a49b3eee75a1c9eda33d5438f,9726.0,2024-04-25
0cfb018650c8174f51cc8441b575d89d,5813.0,2024-04-27
0cfe4e4346ee1522bb2fa12248e97f3f,8260.0,2024-04-27
0d08248e178e27572ad3b52186c53a26,2309.0,2024-04-25
0d092d15acf988d1c82a3f92d4ddc623,2679.0,2024-04-23
0d0be433efec4b9afd04515c382da156,11630.0,2024-04-24
0d0c6eca41f987007213d68b4038740c,5949.0,2024-04-24
0d0d386983956975aab6624c6ff3b4bf,4219.0,2024-04-26
0d1279ca29ab8a747faf82a6eed2702d,4408.0,2024-04-29
0d14ab77b49ebc8150aa98734ec4d09f,6976.0,2024-04-29
0d16b9dcf63037c19562f71662855202,6506.0,2024-04-24
0d16e241d378d48fb87a34e8805b7f78,13017.0,2024-04-25
0d181c2c75a33dd0412748f704e09063,4590.0,2024-04-26
0d18fb5cff699c2d090d611be20774de,7843.0,2024-04-28
0d19064ed49bda3205b64ceed8b9ca1d,3582.0,2024-04-23
0d1f27b13a8aed78453f20039b524a96,2799.0,2024-04-27
0d209a4165c31ec4b74b8c043d98bb9c,2547.0,2024-04-24
0d24ba274ff45bbcbd03b810cc6db75f,3721.0,2024-04-23
0d2ab1bee9638b6000c4f30e60cfbe98,6773.0,2024-04-27
0d2b3e6b125871edc9df474ca8e22f9e,3197.0,2024-04-24
0d2d12ad53e0b362b8f618e02246b8d6,7987.0,2024-04-28
0d2d245caefadb59bfd1df21f9ecfba1,3764.0,2024-04-28
0d2d3452812e102d6f28a2d91a3a5438,12118.0,2024-04-27
0d2f549281ec6211468deb108be249eb,3530.0,2024-04-28
0d332f9d124b845e11c4cc6938f667b8,5362.0,2024-04-26
0d39a8db485602dd70d05bb2d3db4422,3401.0,2024-04-29
0d3eee246e096122a023e040d63ea53d,3429.0,2024-04-26
0d432c146bcb3f222cbf727c8a12280f,3731.0,2024-04-27
0d48798f822b3363c7a2975b1547858b,5046.0,2024-04-26
0d4921d348a2986bd64803442a23a917,6148.0,2024-04-23
0d4ae5f94e3c1257c7c9c679ac292e05,6641.0,2024-04-28
0d4c41688726f297d49b211883091a8f,8592.0,2024-04-25
0d4eb05947d730cc46ea875b8fc7bf26,9056.0,2024-04-27
0d4fb38b48e0e809d3213ecc006499f0,7352.0,2024-04-25
0d58ffdba4ab7d6f597e9741ec9c952c,8468.0,2024-04-27
0d59253ea77f14ada5659965ecac3d30,6864.0,2024-04-26
0d5aa74fa6eb7224778ced159611080c,1976.0,2024-04-26
0d5ab7fe1aa13531983623223dd0202a,1592.0,2024-04-24
0d5b668ffb9d7f234e27b253a50dd676,5192.0,2024-04-24
0d5be6f43936f8d0ab682079f826e6ae,1928.0,2024-04-27
0d5c8c3c145c9aab3c8ef2b9e1bbc643,3028.0,2024-04-26
0d5eeb73773f1ac204939c343fddd45b,2451.0,2024-04-23
0d6255eca74c3635d891a094d098843e,4355.0,2024-04-25
0d6529a2b8dafa301cb47b7b5f6aa4ad,7746.0,2024-04-26
0d6604e0fab9c25cff83df362f52d273,5755.0,2024-04-23
0d675573e3ce2f35e07abe669a5b5b92,7537.0,2024-04-25
0d698a4f846aea4cfc36e263026648b9,6230.0,2024-04-29
0d725409f0f87a14b45ff488c3cda34b,3917.0,2024-04-26
0d7470d8d9cc412c145e904f0e4221cf,6013.0,2024-04-24
0d7b1a91cec66b09851e5ad4463ae34c,6244.0,2024-04-27
0d7c4e619e17f81cb7fb366dac8486b7,3327.0,2024-04-29
0d7e179f45d6467db04f9e41ce16cf23,1970.0,2024-04-26
0d7ea25babf7768bd0fa898d074652ff,1758.0,2024-04-29
0d85ce67aa217019dd9e7b688d86110f,7346.0,2024-04-23
0d866d81b8d11a0d666539118af4ce7f,6386.0,2024-04-29
0d905c423af3d693bb4c3ab4c3bae83f,4306.0,2024-04-27
0d96b5df06e81cdf6f53f731c9121ffb,2917.0,2024-04-25
0da24e3f4f77b90c87e19ec76a418bc4,1741.0,2024-04-24
0da2e3cbc07c063eeca7a8f8534877e7,3373.0,2024-04-28
0da497c5de988e12631ce494472ab2a9,3047.0,2024-04-28
0da73936264ffbf5e71e8c0a7379259b,5282.0,2024-04-26
0daeb6e7f4ca6ae63becf795528467e2,5210.0,2024-04-24
0db3aaba5c1e55d3c3dc675d3064baa8,5426.0,2024-04-24
0dc8a1b93cd7de872ccfd81647870f96,3759.0,2024-04-26
0dcccf3ab6a890a179ab327c92b582aa,3148.0,2024-04-28
0dcd4ceaa96e41c464b058052e828750,8604.0,2024-04-27
0dcfaba64b034dfe4833691c46f60b84,7864.0,2024-04-24
0dd00488b5d7ce751f1325c573562a03,2983.0,2024-04-24
0dd4563b7541a45cc249c74b4399cde4,6105.0,2024-04-28
0dd77c40dd58ee96c6fd71a60edd253d,8940.0,2024-04-24
0dd9ce41c6ae456529bf63d3be6878f8,5739.0,2024-04-25
0de15700c57efe2d9ae36935df98c2e2,9112.0,2024-04-28
0de23989e03520f61dcb9150ff391fa6,6667.0,2024-04-23
0de7352e1cd88d34b477fc130f2b2e70,5151.0,2024-04-24
0de8db32f97c510c467896db1a00bed9,7868.0,2024-04-28
0de907d38596a2f5961d9485bd7f4aec,5653.0,2024-04-25
0ded6cef5fb5a52ac14f8b71139bd906,2988.0,2024-04-26
0defbae2f2d23d1e20a12f18578430a8,3858.0,2024-04-25
0df11c62dee3084234bb629e51ace5cb,5515.0,2024-04-28
0df7ca2cf4cec91633fb8bf19d5190e6,4230.0,2024-04-25
0df85b07807d2ac92ed7a7a26648f06e,1507.0,2024-04-23
0df8f4a1e8800a9b2296bb3e9402e4ee,9947.0,2024-04-28
0df96c380e4a10b874826de03615257d,5135.0,2024-04-23
0dfe7c96317ea4302269a2493f17f8ec,2232.0,2024-04-29
0e027a1012b5feba5482fd864d0faf6e,7853.0,2024-04-25
0e05da06d73c00df0c574b158a80f3cb,7815.0,2024-04-23
0e09c231aeb91f86adeaa6876dda42f4,3548.0,2024-04-23
0e0a9764a71d0b7e2b3fd449597d1958,3427.0,2024-04-25
0e0aa3d641466851eeafd6f3eabee1ec,2230.0,2024-04-29
0e0bee96496e9d17d933227c673ba674,5938.0,2024-04-25
0e0ced6580d7d2ca2310f07272065856,6533.0,2024-04-23
0e0e4112e34a2c877e038524bbf114c4,2257.0,2024-04-25
0e0fefd39a63079905794440790db879,5152.0,2024-04-23
0e156173b8a861f55e0381158427c0d7,3910.0,2024-04-29
0e1664d7d4bbc123f7c9ad19e55ef6e6,5576.0,2024-04-28
0e181e5cde4472c2254fc7f82904c392,9051.0,2024-04-26
0e1f99dfd8a84a526fa1db08450052f4,2205.0,2024-04-27
0e215bcc9d571cb540b2ccb8cb5ea72d,7973.0,2024-04-25
0e217155dcb1fa7aa949eb1f5cad6c32,5824.0,2024-04-24
0e29f7e31ee03dda8661a17620ac69b6,4669.0,2024-04-23
0e3200be003dee36bd8228740b33a401,6138.0,2024-04-25
0e3210d444cb516ea6e1451db03085a8,4087.0,2024-04-24
0e338b4ebb511cd23d103b2e8b847b4c,12026.0,2024-04-29
0e37b6e77acd534f307bba5889f7927e,2423.0,2024-04-27
0e3f1c1b4c344da7960b4ffaa70f3657,4274.0,2024-04-29
0e3f27d013aa5a79a57a355cddc9daa0,15556.0,2024-04-29
0e45743b1cc901f029da15fef9b4d6d2,4900.0,2024-04-26
0e4c306a5342ad2f68aac231322eaf05,6576.0,2024-04-26
0e5415bcb4de1aab9252796228d0b315,4394.0,2024-04-25
0e5620ed5c019e6f0ae8c9cbb1f6f978,2561.0,2024-04-26
0e63d4f32d9c7c47a147f48e4f3e290f,7360.0,2024-04-23
0e6a36c118c1fe26ab8f35762443fade,5982.0,2024-04-23
0e70950c5d0c5dfd773bd33c64e63ce5,2788.0,2024-04-29
0e724628def2add0517b90d06b0b3b50,5394.0,2024-04-25
0e7967347182b6f15ef7e0e80ea9493f,4288.0,2024-04-27
0e82112045849c6e262d67a49f1ae5da,13404.0,2024-04-27
0e8309f6d565fb4f9217f0bc25c2d1fe,7762.0,2024-04-27
0e8aa7d83e7ad1c1bf4b7fa683c23544,6718.0,2024-04-28
0e8dc6524f2f830902f1272f74e5191e,3335.0,2024-04-23
0e8fdbdd209d0ac5b579867993484e6a,4206.0,2024-04-23
0e9622b0fffb1893f06aa7e107713ec4,7845.0,2024-04-28
0e9851fdbe1cf4ebc47e5dc40d2d373c,6466.0,2024-04-25
0e9a2fc7c01a57daaf885fdad497d5ee,2916.0,2024-04-23
0e9bef05e02c25ab23033e5636174ac3,9240.0,2024-04-29
0ea0532709fe99d4ac9e72e86ddfe1fa,6729.0,2024-04-29
0ea1ab56e236fea22eeb14fedd968497,7736.0,2024-04-26
0ea270f653c350e159e051475ad6e3a9,3175.0,2024-04-23
0ebb87ccf1427db58fb7b8f379daa70f,4366.0,2024-04-24
0ebf01f4d813a114ccd120081d6edaeb,7307.0,2024-04-25
0ec058d27ada1f4578c7f24bcf6908d3,5394.0,2024-04-23
0ec4ac83509fa3b83b9797c25942f7cd,6505.0,2024-04-27
0ec6fba532cdb495c55fbc8a9e58e903,5137.0,2024-04-23
0ec83ad014a486d7170ee63fbff4187c,6590.0,2024-04-25
0ecc7137d2bf35cfc60157f07b42233b,3291.0,2024-04-29
0ecdbf0ab0312722ce77b6d56964ef71,8318.0,2024-04-24
0ecfae4fcfafa82de83338354ad487dd,14314.0,2024-04-23
0ed1898fdf2275884787190ab3843a45,5978.0,2024-04-29
0ed68deb4d32515a31e565266b3d2c64,6587.0,2024-04-24
0ed8041233164e313b23d2a81bc8c8f4,8306.0,2024-04-23
0ee03f5d30d8e6e3cfeb1329d2fddcec,4412.0,2024-04-28
0ee3df201c2f1fa703a680db7fcd9501,1899.0,2024-04-25
0ee3e2542043c8b816e08ab4761c4901,1758.0,2024-04-23
0eea98ff63b2ae508d25023f5ef82143,6665.0,2024-04-28
0eec6012b33ac1a899adc3f683651c36,6880.0,2024-04-24
0eefa7939528be291a272eb9d2f71f8a,4695.0,2024-04-24
0ef3119d185cc1ece03e71bd575d8a96,4335.0,2024-04-24
0ef3c6668135ee76b42a8efed1810722,1311.0,2024-04-27
0ef4f869089c1cbebc725a201d44b1b2,3699.0,2024-04-23
0ef9d82a28405a5080f80b16d3477bdf,4805.0,2024-04-24
0f02d1f9d9656e7024276485adb446e0,9574.0,2024-04-25
0f04538f59ba5e4ea20c4a6d704ab0a7,3529.0,2024-04-26
0f0457f53a8e495fa0338f20e888c0d8,3059.0,2024-04-27
0f07c37f69156c5a2ff5889e3280e11c,3997.0,2024-04-27
0f07eed726a4589ac4169bd92ecb7349,3330.0,2024-04-29
0f0c868ef559b247fd2475463e3d04dc,14962.0,2024-04-23
0f19ed50e4e90fb43645f0da574a9a93,5619.0,2024-04-26
0f1b7c5e90816cb9d40ba4aec61310c5,7470.0,2024-04-23
0f2000c47e6aaa0f7bfa3c2ec2024934,3372.0,2024-04-25
0f22672f163df86d7f1a6ac0e444f50c,7091.0,2024-04-27
0f2e058a7f9de3a8a8bed369ebeca358,2836.0,2024-04-27
0f32c1dc05b4416110298fbf1eb305ce,5176.0,2024-04-28
0f3835a0fb1f1f429e278a689fe588bf,4592.0,2024-04-25
0f3c6b25175c326147336cfd0ff83300,6160.0,2024-04-24
0f3d23dda52c4baa35f8b85d5d3bc83c,3025.0,2024-04-27
0f4047869bd232b76aeef762dd888274,8268.0,2024-04-25
0f4612a51d6c0667b4f04d148964ea48,1359.0,2024-04-25
0f46688dcd6f5899a64c1b5e84d5b988,4324.0,2024-04-27
0f4ab87267f386e4b7d47f2c7019e8b5,4406.0,2024-04-25
0f4c6acef9b8a0d39095812cd4c94a6c,3080.0,2024-04-29
0f50174b849af7d68b84c3a3885c7ad9,2666.0,2024-04-24
0f5516ba5880f0f55208b848f2c387df,3745.0,2024-04-25
0f58237e760fd2446bf457dbd827cb54,5563.0,2024-04-23
0f64002cf67bf038b6453dc47f0d856d,6454.0,2024-04-25
0f651cbb5baf88a27805a97b7527006d,990.0,2024-04-29
0f65c2934ebb2debcea54a702bf29105,3471.0,2024-04-25
0f68ef73936516dbf6046bf68e904ef4,5703.0,2024-04-29
0f745343bd30832032e4273cc023530b,2863.0,2024-04-26
0f78e8c2081fb5f54a2cc6194ab7ef23,8878.0,2024-04-26
0f7c002822b8b950a4dca3c0df88276a,6093.0,2024-04-28
0f7d56811b8b6cb8ce43db046ea15c67,4489.0,2024-04-25
0f7e9b53e0b76dd7e96ab06bb5595603,1666.0,2024-04-27
0f8056ff35c844d680ab080b4683a41a,6912.0,2024-04-23
0f8351bd04df79452efd52dc55e0fb8e,7769.0,2024-04-26
0f88b23173cc2678f2d18b69895a99f7,1387.0,2024-04-23
0f8dd13d60a329194461833f97655f48,9551.0,2024-04-28
0f99dcbf0683a105703d2825e12dc2b8,8714.0,2024-04-29
0f9a2dfff2946d845f81992d37610b5a,11251.0,2024-04-28
0fa13a12a94ad2da0c674d12459601e5,2343.0,2024-04-25
0fa28a5e98d4bd4ccf3502a68dfe5f95,1642.0,2024-04-23
0fa61d8ba8c011e538410e0b036e1a44,6410.0,2024-04-24
0fa682ca7c978e117534052549e10a12,5156.0,2024-04-27
0fb0ac518b07bc4153c26edd9f7d2819,2823.0,2024-04-23
0fb1b0993cd3e8824f24fec17c89d917,3464.0,2024-04-25
0fb36008c3f8779f90b3c587ddc5ad9d,11777.0,2024-04-27
0fb3a8f740a05691329b157e7f840cab,10220.0,2024-04-27
0fb3bd6d53b07adc1c90098cc5cbd1fc,2876.0,2024-04-26
0fb503bb847bc8f962fbd2fef558f9ff,4892.0,2024-04-24
0fb54ce938557dc355415e2e7acca719,6922.0,2024-04-24
0fb6dfadb7681eb188b876479234b42b,2426.0,2024-04-29
0fc6761aba67e9fc4ce787535e386783,2653.0,2024-04-27
0fc7a092e1c32f2d6510a15fa365f948,2901.0,2024-04-27
0fc81c35f47f7ba43221d2bc934b9995,18580.0,2024-04-26
0fc8278c28b8557053eaa5736a2f0a8b,9341.0,2024-04-24
0fca84a1f7287339bc433b9b7405bddd,2689.0,2024-04-23
0fce4ea1c969ad7a81bd765922447715,4009.0,2024-04-28
0fcfad90b9d7807e19ca92234ddbc063,2343.0,2024-04-29
0fd1cfbc2e02432dd129c4c4552d7b34,4555.0,2024-04-24
0fd3add3e03696a3fabf54a2871c84ad,4738.0,2024-04-25
0fd481a5a40a74d81e247314de299634,3140.0,2024-04-25
0fd683149241801b997644e0eacd3f90,5981.0,2024-04-26
0fd8680d0940191b2f63d871f6522b51,3362.0,2024-04-28
0fd8f6ad4be837d5592c039715a9ff8b,5871.0,2024-04-23
0fda60204d668ecfd0fd6a6dd026c090,6216.0,2024-04-26
0fdd3172941d118c9484334c01397ad4,8968.0,2024-04-24
0fde58f4037c54b259e7a4f54a720ba7,4948.0,2024-04-26
0fe08c44bf0da2efafc04ddf51c56309,2820.0,2024-04-29
0fe963633effb1270b5ef01eca4e883e,6093.0,2024-04-23
0ff3a002cfc286334faa6e019e08dda9,2997.0,2024-04-24
0ff43672a2ace533f4a8de10669178ca,4307.0,2024-04-25
0ff5dbff16f1f34a953dea35897f1095,2565.0,2024-04-28
0ff70424190a08de531fa11ce26c1695,13171.0,2024-04-29
0ff87edf1237b7a24053a618acc72420,5596.0,2024-04-28
0ff903f08945b1e31307526d44a40272,4461.0,2024-04-28
1001f07c3fcc5146510e972578dff5cf,8809.0,2024-04-28
1002c6005d2f64428e1ffe0991454cb2,3600.0,2024-04-23
10040b11818c722f8078cea000d272ac,2575.0,2024-04-26
100b618eb923f4a71333e3d465e67072,4767.0,2024-04-23
100e5b18c2764383e3ab3409c7e1d384,6612.0,2024-04-25
101034ed2a291a2f1f1f28a694ba3d38,5123.0,2024-04-24
1011087ec228136e99c0f91053030994,6967.0,2024-04-23
1014a74a6951f57602d123dfb78d83be,2441.0,2024-04-28
101911a71edb11d5ecf19c9f2debfbea,3440.0,2024-04-27
1021cc522743d342d0751726c2c16534,5803.0,2024-04-27
1027dbdf0fe3aa112659d06a0ca414d3,10020.0,2024-04-24
1028d1bfdf4043e5969fcd84af52e391,8121.0,2024-04-26
10305aaccc589c6b57c7cac4446ab367,3303.0,2024-04-28
103260d698269437d6da955f04beaf63,8620.0,2024-04-24
1032caee27eedf1596cc7e7cbf8f3ff1,8168.0,2024-04-26
10373491c4a7f612e2ee316eaa99ab14,9409.0,2024-04-23
103cd28b23755676ba43113c7a354468,2794.0,2024-04-25
103fed22f625714c0dbf1f6d145471c0,4475.0,2024-04-26
10434f95d79e87e50f4c809daf1cabe8,3942.0,2024-04-27
104896c6b88a37b79a12806bf854ad26,2882.0,2024-04-26
10491c050f170ec04c518dd030725541,3777.0,2024-04-24
104a43801edadc2632a17d3a1dfe062b,5709.0,2024-04-29
104b6c747d8399623284cf9eb172851d,4881.0,2024-04-26
104d26a6ab38ac442be5362093bae022,5474.0,2024-04-26
10509d72cae813e43cd0ffe6d7363e60,3684.0,2024-04-26
10515fa5c943e6cae194e7b9dd7cf028,1474.0,2024-04-24
10517dc900366dfac04ec6743cc2aed2,8102.0,2024-04-29
10517f16295730f9d59ce1ce1b47e0a2,3057.0,2024-04-23
1052a4ce4bb09d140acefd303653c4a5,3345.0,2024-04-27
1053270016f856c1b8400316fcf28360,5124.0,2024-04-27
1057d9c9b110fad6450c7291977aa613,2295.0,2024-04-25
106250350186baa26d19f319bf4906e4,2764.0,2024-04-29
106f766c0a8287ab53fe7f91130209fb,4237.0,2024-04-28
107214a54b09db1d2ef001c29e7da3a5,2105.0,2024-04-27
107310325a46886cbd5d5217f55f39fe,9752.0,2024-04-24
10745887067036c3afa5f327e4e2e855,4290.0,2024-04-24
1078ae672e12f2127a61c508a983a2e2,2828.0,2024-04-24
107dad84394bb2ed41afe92da75a7c18,6367.0,2024-04-23
107f01b0e51ee0399cf317b371426062,4858.0,2024-04-26
1080526784814536946c6542be3f866c,3935.0,2024-04-27
1081c29c3456162dfc8469ca550d9444,4269.0,2024-04-24
10846323961c6764e586462d907e77ec,8612.0,2024-04-27
1084d1d86259f8645cca09a9561a4f7c,5553.0,2024-04-29
1087957d82a40487bc4d58478214386e,2090.0,2024-04-24
108b92aa5203a57697205e4c5935d6ac,5815.0,2024-04-24
108d0683537e573c52f56c400e693c58,2740.0,2024-04-23
108dbf54375cb2596d8221f7a187d2dc,1999.0,2024-04-29
1095241963722baf64d6333c761cd30b,878.0,2024-04-28
109f40453d3838fe9e0cbdd3bfa52c54,2173.0,2024-04-25
109f6e86ca616d1dd1e8d79dd923b56d,5343.0,2024-04-26
10a049a5844067856431ea31151e086c,7564.0,2024-04-23
10a11124d0cf438c7b8dd6e5e604cdf0,2673.0,2024-04-29
10a4203f1eeea1907e3bb1b57cb95ab9,5225.0,2024-04-23
10a46cb4fec4ab40cc54be61e44deeba,14989.0,2024-04-27
10a987d83930915387e20007d9128018,3073.0,2024-04-24
10ab3300e6edb5769fec9222cb254d80,6442.0,2024-04-28
10ae16c2cce329ddea1dd21cdeeaef03,5474.0,2024-04-23
10b022ca415d46015ea6fe932ccdf494,3444.0,2024-04-26
10b0901a86cf0ac20840b76388d38a9f,15697.0,2024-04-27
10b29ec9839507fbce41279a15c606f8,5456.0,2024-04-28
10b64676b5d6c7afff14dccd71c5d6f1,5898.0,2024-04-28
10b7a21cf3169a656d88044102b05c2d,4299.0,2024-04-29
10b83ae41873828f01634de0edc1cabc,6468.0,2024-04-28
10b8f8627b5916f6f0696ee98b95c226,5928.0,2024-04-24
10b9cddad530af9bfecb56ecb6cf42b3,3086.0,2024-04-27
10bc0fc8bb0716d21126770ffc2c2290,5227.0,2024-04-28
10bf619e620659308cde88637ef01674,4978.0,2024-04-28
10c099c73d9bbcdf26f81004f4169aa8,5731.0,2024-04-28
10c6185c1e5870a82a2c6fa830e7abc4,7024.0,2024-04-26
10c6fd88e4102be5eccb98f6308ac541,3255.0,2024-04-26
10cade918a25e8be1bca1aa06511c87c,1741.0,2024-04-26
10cb0d689f4b3a5d69d3015b96530fb3,7053.0,2024-04-23
10d0d97870b0842c0501cede73b45944,12072.0,2024-04-28
10d29052132098e8c55b9678e31afaa7,4037.0,2024-04-24
10d65153eced576dbb94f8ae289b370c,2785.0,2024-04-28
10da33663a59b7a04cda1aaa8abe592b,3932.0,2024-04-26
10de370471ef4901c59166b417958680,4259.0,2024-04-24
10df5a934aa34790757ffbcb17c3031e,7756.0,2024-04-28
10e116a3b86418d615bb59a65056e1af,6263.0,2024-04-28
10ebfef24b4d325571060ca33d63000f,6055.0,2024-04-25
10ed1fe6c16f6cfeacfdc0c594b31132,5484.0,2024-04-27
10ef2738284c4128eb9079244e7c1d4a,3950.0,2024-04-28
10fa879b19d4342271c24ab906692302,1955.0,2024-04-26
10fbd72a23a41c4c94fd6cc97c689032,10715.0,2024-04-26
10fc55cc02a8537655f02d0207943a4a,10319.0,2024-04-28
11042919e8b64c957639aeb8f36dc21e,6565.0,2024-04-25
1107e587d3704f611ee95fba2f88f267,3508.0,2024-04-25
110cfedb3cdf60c5143501f6565fe434,4574.0,2024-04-29
110dde64554b3fb7107b45b6626294bb,7650.0,2024-04-26
110f04d2752a5b804ba8c64c595b7f8b,3698.0,2024-04-28
11114ebfb229a5589b7989c77ad44897,6818.0,2024-04-28
1114465bf13ab3e7f5073d4dcc902cce,2872.0,2024-04-24
111571052cad534cf984eac4ed40df4c,11096.0,2024-04-28
111b6f5b408e7fce8c174670527d11f4,3313.0,2024-04-24
111e2e04b3f59b5466afc3f138c529d5,8653.0,2024-04-29
11241fe8bc696edf5b721f007d2d52f4,2317.0,2024-04-24
1126253bb9ece357020e828c18e50bdd,10408.0,2024-04-23
112d3482cb577c1dae1cfbd34ba70253,6873.0,2024-04-29
1131d8f068bf93913d707cfc1957f57f,9007.0,2024-04-26
1136fed28e1d6e6a276f12e1ae56fedc,5575.0,2024-04-29
113d1a4576f145eb59c509c3990a12b1,4168.0,2024-04-26
113d8e565f0e5ba4c4848566825b6a93,1243.0,2024-04-28
11421b08dad2a3fc93964b979026f439,6819.0,2024-04-27
114b8dc241855b8269b7a7d2d231b594,6071.0,2024-04-26
11576b2c85376c2cf2c8dc2b85e77a83,15279.0,2024-04-28
1157a346fc2f05a7245a3e716c535e0f,8227.0,2024-04-23
1159d100fa85552b2e98d005fb3ccdb1,6046.0,2024-04-28
115ac358c11bd2d5ff880f1b0ac398fb,6041.0,2024-04-28
115d756dc9eb11e1f0e63771d88d5f40,8590.0,2024-04-28
1161a56efe5a405eb4c5bca0e7fb789a,5454.0,2024-04-26
1161dca73cfabefd43494b1d39930528,5806.0,2024-04-23
11654761d8a683c3c23a7afb8d235041,4198.0,2024-04-25
116af4fcb5df7757ed60ed8002addb1a,5184.0,2024-04-29
116f4da5fa0114dbe25192fcfbfb1c8c,3817.0,2024-04-25
117168ee74e07f56a66847a8398e96e0,6845.0,2024-04-23
117364dac4b42e0e0ce906a59891f6ae,2996.0,2024-04-23
117580e2c9a0619f1cb67f4b65e6ecf7,7566.0,2024-04-29
1175bc18e3b295b5c06d8c4c6fb6f834,5054.0,2024-04-29
117ade678420183d7a39945984c30985,2771.0,2024-04-29
117b6664fcc42a36f13da58935f37c9a,8897.0,2024-04-26
1180e8658662653ea1decc272f87009d,4439.0,2024-04-27
11876d20744ca616812127b04d512c42,2048.0,2024-04-24
118edd7bec385a7410953bf0a5d449e1,5754.0,2024-04-26
118fabcd96d7e81a4891688aa6d28821,5232.0,2024-04-25
1190aa93dae6367497f0fe65ea653a40,3038.0,2024-04-29
119ab9cc217c15495eecd80ae5f988f6,9691.0,2024-04-23
11a22e25c249f1e13f6c169217d9f101,1953.0,2024-04-25
11a5ec4f9487c5340a924ac06dd0a3b5,6808.0,2024-04-23
11aa3a25a6fb9eec37b58e15ba115738,3398.0,2024-04-26
11aae4c2f1264a5de1014d7d9f318fd4,6607.0,2024-04-25
11adf45eca429932c67477cde7e020fc,5577.0,2024-04-29
11b1430159cbfaf785a50228a0c5e859,8403.0,2024-04-24
11b2a5fdcc1c7fe772e65341ef817460,3499.0,2024-04-28
11b32476afa27fa9e08e87f630dc1bf6,4381.0,2024-04-25
11b5c76beb4385f385e588b0b4aaaf4a,5359.0,2024-04-27
11b717c944de8dec49de43f81f222635,2854.0,2024-04-29
11b8919d35f36ef89646317555958277,4410.0,2024-04-26
11b8bb6db0a35abb44d628efe4c76350,7847.0,2024-04-24
11b8e6906941b1ae69861736053774e0,2571.0,2024-04-24
11beb81f84a383dd6420ec0d191aa948,7189.0,2024-04-24
11bebc9193a78aa1ce3c30ec5a124326,2565.0,2024-04-28
11bf7a684c848bcca209a54dc87f2916,2588.0,2024-04-28
11c7fe818ed5daa56767868f76696d47,7972.0,2024-04-24
11c97bd057e43d2dc283e9aa540da040,4461.0,2024-04-24
11cf2921487cb697f7173afd0fafc888,7936.0,2024-04-24
11d212a6b638fb7626034918b5d1224d,7755.0,2024-04-28
11d5a39699195a6ea43f127b23a8c640,3480.0,2024-04-23
11dba3f86cd861bef750e66505291ef9,5890.0,2024-04-24
11dd22b2d08562166dab9fdc90d1c759,4948.0,2024-04-29
11dde1b081085bf5caf7bd4d5ca972cf,4286.0,2024-04-27
11df43a83e2003bc915ea41ba0d0d221,9065.0,2024-04-25
11e0b92ac63aca12da4b79a853d421a4,4612.0,2024-04-26
11e0fea73dba2091efb68a7c46c1a3fb,12242.0,2024-04-24
11e1481a09836d8c60ac526848da96df,4452.0,2024-04-28
11e47fa8b7bbfa559b1c9fc56936d50c,5852.0,2024-04-29
11e9194c9c3ee704a5c81c30da998f08,4981.0,2024-04-25
11ee53348ad0d7dbb70a73c8f89e01d7,10870.0,2024-04-27
11ee5c47c074d07db25a909f36ebfaa4,2981.0,2024-04-29
11ee8990a75d66b23c29f979c36d9356,3241.0,2024-04-23
11f3a02fe7d7b537d86560c25a9ef41c,3137.0,2024-04-24
11f44fade15e43951ff7b731b84b3c0a,15033.0,2024-04-26
11f66c847580caa9f666772cc3339cf2,3628.0,2024-04-24
11fca1d3fc6155a2e84cf01b507e9049,8180.0,2024-04-26
12003d16b60e87a1f34c93bbcf607502,2858.0,2024-04-25
1201bf2bb1c88e1a0bc39f1b9887182f,12726.0,2024-04-25
12021640f61b8fa6544bd52a1f39c6a0,5389.0,2024-04-29
120462bf751237a588c65af95b6e36b4,9972.0,2024-04-26
12082c2d4939319064e73108e400afe1,7399.0,2024-04-25
120a75a909b55fc7685adc222b7f66fb,4086.0,2024-04-24
120aafbdf62e9a66487684763705bd3a,1844.0,2024-04-25
120e1fd8ca23e48422f285ae1ae06896,9101.0,2024-04-24
120e662b9bfa9fd31dd896d91abf3d5f,7281.0,2024-04-28
120e6a1b9560840194bb8e0a1aa14d12,2423.0,2024-04-23
121481a7b8b277c7aa5c12fc238e9e16,9968.0,2024-04-29
121cb16765ea0f675b8b1cc5a3de61d0,7901.0,2024-04-23
121dd34b7e27c12ec3eaf99207f148e8,6804.0,2024-04-29
121e011a3a5d9ce7af0d245520ff76e4,5466.0,2024-04-26
121ea6c790f7db6b3ae8468f24cfa471,8051.0,2024-04-24
1221aa29bfa3abcee3e110f45878b6da,2103.0,2024-04-23
12263c6bccbc4f47eee7a6dce883bbff,7072.0,2024-04-24
12284857d60726e389a8225c503bf7cc,3548.0,2024-04-29
12291e31ff9761f7ab4725263a0f665d,2841.0,2024-04-27
1229ad1446e9d13f030ab9fc3d191fd0,1785.0,2024-04-29
122a3731ec5c43de9c8a817a1ef62c03,10890.0,2024-04-23
122d3ebc5d6246ab934964773e375226,2230.0,2024-04-27
122fd39c293da43e9af6dbe5e068dc72,4367.0,2024-04-25
12310a4481d1cd4dfea1fd8cf1538a19,2401.0,2024-04-26
123147c79a5903a4befe3134f6bfa24b,9602.0,2024-04-27
12320066c88b9106dca0d80059d68299,11161.0,2024-04-27
1232a2a72eabd0d8d2dfbd6e86161aec,5553.0,2024-04-28
1237f2b3dd3ffdf75108c13c62bbef60,5142.0,2024-04-25
123a001cbe652b06aea94afe77d48629,9673.0,2024-04-27
123ce4996f76ef1cd92b69393bb4f223,5307.0,2024-04-27
123ce6407ac22ea9ea684dd1645f1407,8985.0,2024-04-28
123db2abd290d5af8637fd92b54905eb,8685.0,2024-04-29
124442cf1a7cf2e37316fd97de02202b,6510.0,2024-04-24
12471851c26a1a1033927b748c0c2fa1,5405.0,2024-04-29
12482f17273bd9610d5d739e15ec6a20,2836.0,2024-04-26
12498501bd15c969f042deea2668777a,9008.0,2024-04-23
1250b5db2bef87943a4bff04ea5f18c4,7605.0,2024-04-25
125283414fd77b6087b1ed752dbd624e,6974.0,2024-04-28
12530fdd83bb49a8eea862333e6e26bc,4248.0,2024-04-29
12558b78c98ed059adb500ea99b6511f,4467.0,2024-04-25
12559bcbcdfbdcf41e2fe06127723e7f,8319.0,2024-04-24
125b070198a2a99d5dde8a8579dd2b72,8176.0,2024-04-26
125c4b200363efce9409801f42865e59,5315.0,2024-04-27
125ccaf630e209fca0cf772fb95e5108,6921.0,2024-04-23
126037ec69d071851f03754f315be78e,9995.0,2024-04-29
126cf7dc4b8c5c18ad54513fa81fb41b,4179.0,2024-04-23
127112d4d7018b6faf731e8bc502dbd4,4785.0,2024-04-23
1274c5639a76fb476b77675ffe67d8bd,4004.0,2024-04-23
1276ee0e7acaf38d011a565d5b384837,6679.0,2024-04-26
1285e9869503897168c2e6ed6e712897,1862.0,2024-04-28
1287786af7f18210d495c543f1e7dc86,5134.0,2024-04-29
12886f2c9bfa29be902b1a97df16c081,2093.0,2024-04-28
128dbad523fe40f1e9d94484a56b4942,5896.0,2024-04-29
128e607c83f66353b8779eb77c7c06e2,4676.0,2024-04-24
1291fac39e0f14d05d0c4a029910d34f,3548.0,2024-04-24
12980929549ca2f06944e9da30f91c51,4839.0,2024-04-23
129959e578ca825aed43baa86c40eb16,6106.0,2024-04-25
129a14368df8d9d2828e288b26dc1205,2388.0,2024-04-29
129cb1245b8d331d63cdad70177f173b,5151.0,2024-04-27
129db4d0f2224d01c78e6ebfd5869966,1878.0,2024-04-29
129fdfa0f544f46539adebebbae7c22b,3082.0,2024-04-25
12b17dbfeaadd7d41ee691fd5f62e4fd,3323.0,2024-04-29
12b802de94bbddf03bb58e5fc897775f,9329.0,2024-04-26
12bb527269149e1b9ad90e1db3db1573,1881.0,2024-04-25
12c105bea1328ad09bcaa54c0b0f90d9,10583.0,2024-04-28
12c1787d2b0562c36b95c91df268d5b3,12502.0,2024-04-24
12c3a10bd8cfb14bec00911eecd52322,6757.0,2024-04-23
12c7119025426fd5e895a584a8243efc,4101.0,2024-04-26
12c85016bd31cdb5c6625c4ff765a33a,7164.0,2024-04-28
12c95ea3430de6da31b557b7f8035493,3832.0,2024-04-28
12cb471f50ac229d7f333eb279ea3e38,3048.0,2024-04-28
12cc9b208b0b19bf641357bc9cc033bf,7962.0,2024-04-23
12d07fb0fc342c19318282d0b2f6aa60,3384.0,2024-04-23
12d2a45f3eabaa31f3b16e1b50955986,6418.0,2024-04-28
12d621fbcb17c5394c2c9d13bce2a1ae,3121.0,2024-04-25
12d6683ee757dd551ddf72e76fd5eeeb,3565.0,2024-04-23
12d85050718047f3bf4a889f18ff3c29,1746.0,2024-04-29
12dd7dff03bf74f6b5b41e579fbd393f,3893.0,2024-04-23
12e9c48ea3ad26e474acca9f9d8251ba,3777.0,2024-04-27
12ec7096d05c2c277c68847494c72c56,7473.0,2024-04-24
12f086dd0cca8506f1fc848721ce0f56,4503.0,2024-04-25
12f306da31027429b112ea2169f4ec9a,6135.0,2024-04-25
12f3cb136b9cfea126e0b888d77f6ae4,3179.0,2024-04-27
12f83112e83437c3464132a975224102,5021.0,2024-04-25
12f9dcf777e602211a7318d6212df20d,9225.0,2024-04-25
12fd2893f9ed7bb68b10c532452e1c32,5324.0,2024-04-26
13064305f8476a9ae1327da0eb520647,5034.0,2024-04-26
130fc3901f252c6c1ffc1aacb9f3c464,6227.0,2024-04-25
131030fefba5f5a4dddab508222edeaf,6828.0,2024-04-29
13108711461ece19556a9e5d8ba62fee,10669.0,2024-04-26
1311721ee4e1ddbc0acafd021a035853,10851.0,2024-04-29
131500823c17203d3bace39bd43dc680,11950.0,2024-04-24
131512a0c64ca7f6d58365df523ae01f,9309.0,2024-04-27
1317cbc170cb67c2daafc8e9907a7b18,7732.0,2024-04-28
13182e3be8175cfafb9d2410626ac520,11323.0,2024-04-25
13291d2836ba783201befb542f2fb1fb,7297.0,2024-04-27
132acdccd1d6a5e0be373774da0b9108,3095.0,2024-04-29
132d04a793b2c7a4877355ece08b21d7,7716.0,2024-04-23
132db90613d0192360ccc6ed6f338416,6231.0,2024-04-26
1333328e90fa35ac46522ddea596fc63,6363.0,2024-04-28
1333e161be1e050b72a645f47c2bd575,7478.0,2024-04-24
133a01dbb579c08ee9b8721b5aec8b5c,11596.0,2024-04-29
133a9b04f322b48b9c9b32a758673292,1986.0,2024-04-28
133bd5b59ed2a084467bda89a1677959,3225.0,2024-04-24
134339306f84c23c7c1f3600e2bcae97,8416.0,2024-04-26
1348a90014d3a61a28db056171f9c87c,5184.0,2024-04-28
134c27e47c34947b70ec3ed20ee0ea20,5566.0,2024-04-23
134ce5807f7aaacc14695cca03a1cf8c,2899.0,2024-04-26
134fb0574ba3b9b09fa4197a2bf82e6d,10023.0,2024-04-24
1353615ea85633611b87436af9b30560,14667.0,2024-04-23
13598973da9ac091509f253e02103cf2,903.0,2024-04-28
135d9f15f84df54935fc21a09f9572f3,3733.0,2024-04-27
135e9405a3cb88c1e75aa26846fe04f7,7980.0,2024-04-27
1361da86a25cd0cf660c56fe6335589a,3083.0,2024-04-27
1368945d8165ecce49be0e3a30409e07,5060.0,2024-04-27
136cfdb47b790d81215a29d3e9fb39f8,2772.0,2024-04-24
136fdb066703700cc53ea4f55cda577f,4538.0,2024-04-26
1371d05ec69854caf42b85ee094169ab,3628.0,2024-04-23
13722fd4f8fee85cc4e3472aa3263fa7,2690.0,2024-04-26
1372d1588f802e0286288ca6f9a4cbb8,4277.0,2024-04-29
13837d22d30fda12b9d38243f4318531,9207.0,2024-04-25
13853603c996296169d4554ef0be51dc,8689.0,2024-04-26
1389a2e134779e11cfbf1ca5b195fbb9,14238.0,2024-04-25
139405a7ea74b664e00e110258a09c13,7003.0,2024-04-29
139432cb5505634b08bcf58b455c4414,8062.0,2024-04-26
1396b3fc6436728a014a8c997da37f83,3775.0,2024-04-26
139a8400ba501676dd6087dfa85bf4e1,4306.0,2024-04-27
139f7a70f50dc57e8f2514d470e75e2b,7049.0,2024-04-24
13a0311c9dcf7d4dffd9ade1e38f61a8,3609.0,2024-04-25
13a79044dc8c0071b329b74be042dda6,4387.0,2024-04-27
13aaf6f12ce4386e35fb7a34c605f2ae,3912.0,2024-04-24
13abe81c4859b0c68104a9d423e0d928,4933.0,2024-04-25
13ac064d1d2dbcbc9937155e02fbf3e8,7299.0,2024-04-25
13ad357f54343bac0e79a22c26dd0de7,1663.0,2024-04-24
13b52f775a0f33c6402a105021926560,5273.0,2024-04-26
13b7ee16bf23fcb9de5dc62cf2b24238,9347.0,2024-04-25
13b9937e90048b2d2d7f06b97a8ab63f,4078.0,2024-04-25
13be219123c1bcdb285c79eb29f976e9,2742.0,2024-04-25
13c422abd61604665de55e1f3f77b15f,5616.0,2024-04-28
13c800022eaaf346ba88d2e13bb2e223,4014.0,2024-04-23
13cbfc3dc57421f23c30283bdf5f182c,5940.0,2024-04-23
13cd654babc442062532d877cceaf960,5648.0,2024-04-23
13cfffd53c067151adabda8750d4b868,4813.0,2024-04-29
13d2c256454fd60addf4dbec7faddd8f,9716.0,2024-04-23
13ddb9e19e3df92afc4d2755191cbd49,3766.0,2024-04-28
13decc45562e980419e73e7ac6d0aa08,4073.0,2024-04-24
13dfd2e029cadaf97a6d1a9d9ca1cc44,10489.0,2024-04-23
13efd5fda5eb197663e49a9cdd0fc45b,3000.0,2024-04-23
13efe38810c5e1943e9ccc002b694830,3154.0,2024-04-24
13f47e2a2f3b0d0d4fee1f61dfc01027,3905.0,2024-04-26
13f545528e25d77ffc7f648b2635dd9e,3820.0,2024-04-27
13f574cbe3c01d37cde56d9ac7272223,2196.0,2024-04-29
13fb2270b1a134b258c60ed4196e646a,4910.0,2024-04-27
13ffb45cb5d71286d424e576a0185523,4037.0,2024-04-28
1400ffa46ebcbd674045c7d9bf125292,9149.0,2024-04-26
1403ef68ca1e5d9690656913f6a56463,7229.0,2024-04-26
1406042328f53b36b62b812eb4bd1ff2,9878.0,2024-04-25
1408d1fd0ffd7f513def77d6bdbb2df9,16600.0,2024-04-26
140ba4bc1c6d077a80259ae8199e8cd0,5234.0,2024-04-27
1412fd75c271411e496b9664ea15a93c,7564.0,2024-04-23
14136d96d56eb18c44934a6316494a3c,6446.0,2024-04-27
14164d57a8d577a3f92001404af73fab,4454.0,2024-04-28
1416813f2f8a5f08af6916a2e1b9a83a,3094.0,2024-04-23
1417a2ee8d0090037ac938a2a9a509ea,4227.0,2024-04-25
141a3004c1bd275b4ce55dd32b07b0a5,9202.0,2024-04-25
141a395760ffdf284aa3ba827d1d4304,6379.0,2024-04-23
141e27a00a4b1afad010f55a3efbe47c,6154.0,2024-04-29
14225a0d767975dfa9e7536d98481ba4,2105.0,2024-04-28
1426e75f86a81f7cd9085fc66f6b464a,8464.0,2024-04-28
14273f9dbc8989a117f7472c2d7e6360,7070.0,2024-04-29
1427e8326bf6fb3614b2f9bc3ef4610f,6021.0,2024-04-24
142c2e7a5025f8994d0c622b8236c169,1804.0,2024-04-29
143755022569b7840ce98a069321fc00,10186.0,2024-04-29
1437e91d4cee340c6d49f0513d3892c2,5951.0,2024-04-24
1438e9893de535e9fd170c976d6c05a6,6047.0,2024-04-28
1439b60cc7d6ed6c643fa0c8a177b365,8093.0,2024-04-26
143b449f80f5f8c6037a46b60dac6eb2,3294.0,2024-04-24
143c628e4b7403f18e7d6a52ab1856d1,4876.0,2024-04-25
143c8f38ed6f6f93661163c3154565cf,9753.0,2024-04-23
143d42ef97747c986918bdec8319fc27,8869.0,2024-04-26
1440783a6b39395ed92c923e158a1e27,5302.0,2024-04-26
1440c43770eb3bd6c8f89a707962efbc,5171.0,2024-04-24
14469bc9ea188f671954666ff8996c50,3057.0,2024-04-25
144cb9929b96087548dd05c87518c7de,5833.0,2024-04-29
144f3171838169997d6679efd2b5f864,4322.0,2024-04-23
1455c4b18d305a5cde8d2fe5adeeaa5c,10395.0,2024-04-27
1456622ce5390579fb78baabe46b39d6,4120.0,2024-04-27
14581490e95a991dd559a8ad7a4cc379,5520.0,2024-04-26
14595a79cb81d2ef43306f4b46866b1d,8056.0,2024-04-26
145cfc451a4420512d0536d9eb91048a,3981.0,2024-04-27
145ff1200094eb990e95dce5cdf49640,2051.0,2024-04-25
146002d7bfecb3b7c681a5fcc3f10a9c,2499.0,2024-04-25
14609db8043da113b768b3e6111d0909,2905.0,2024-04-27
1466af98638be6450a86e4e01a7f570d,3976.0,2024-04-28
146b96823d6f8016bbce71876cec73ff,5168.0,2024-04-25
146f9a24f5be8750868a7a8f5344c7af,5212.0,2024-04-24
1471a90495fdaa2c7e1e2129c63764bf,7585.0,2024-04-26
147349e537d555e79153acea1ceee029,4180.0,2024-04-28
1484ff544df79bada4664c92baed4973,6014.0,2024-04-25
148b4d87a2851f96c73bbb92143515d8,5152.0,2024-04-28
149261fda88f0b6b4cfa8fb152814858,1817.0,2024-04-26
14984ac0753f03aeb2b4e38b663f738d,4226.0,2024-04-26
1498cd62dbe5f2bf4a7f5900fa356d2b,11031.0,2024-04-26
149e29720aa8f53d3983d8d5821db944,7102.0,2024-04-28
14a1028701c2967a1050487a0bca50cf,4047.0,2024-04-27
14a13008ca077870882cbde39bb65d5a,7075.0,2024-04-28
14a1d3e94c5ce27a1faf9f5b17d44dd2,8423.0,2024-04-28
14a2f83c7cc33306d4c79fff28d55498,6786.0,2024-04-26
14a37df37305b5c7be0adda5d1fccf27,6163.0,2024-04-23
14a76454bed801cbdfcbd0ef80a2b768,4697.0,2024-04-26
14a78f19a273966ce3d554253249798d,12837.0,2024-04-27
14aa4535db40d148e46dcabe7ef0a3c7,2286.0,2024-04-28
14ad737ecefc14360c76878c0860ec3c,7242.0,2024-04-24
14ad9a00cddd87d8d1a28b182d48c599,6114.0,2024-04-26
14b2ced004e5176b3e5e4541088657d1,5936.0,2024-04-27
14b3364d42bb492e2db9cfaa43c7a67a,8857.0,2024-04-29
14bab24fd45d79192332f2142cd0547e,4488.0,2024-04-25
14c4ccdbe01f59c35cb68b9759e02c1b,12100.0,2024-04-25
14cad20656a3019eb4722f714bb8547c,4956.0,2024-04-28
14d0df76a6009abe0c863b35dfcf7f40,4323.0,2024-04-29
14d13b892db3f66599440844d76bd2f6,6424.0,2024-04-28
14d3744ae337c327e9212454010871a8,5272.0,2024-04-28
14dc22e187adc3184b8205f24f896233,8929.0,2024-04-25
14e13817751e3808fe85d88727820c14,6981.0,2024-04-24
14e46027fdd2e0bb92000c39f08fa4fd,8209.0,2024-04-26
14e9b2ffeef73c9d6869a0af5cda3f12,2858.0,2024-04-24
14ecb4a8ee1a26b4913af3b94cb113aa,3316.0,2024-04-26
14edb2b68479e5ac1e6d4db422d5b49f,3990.0,2024-04-25
14f59ce84595b810baf8a3c1dcccfedc,8762.0,2024-04-29
14f8619f541da0daaab4a289a710ee53,7681.0,2024-04-28
14fd33e07e35cb4e021197d1e5c9ae9b,1492.0,2024-04-24
14ff8bd8f077639960e64ab1f4348765,5763.0,2024-04-28
150070b4dd4284b74b55959bf6572613,2466.0,2024-04-25
1500cc86267a6259b9ea682cadaea3b4,7099.0,2024-04-24
15017dd7a2c73a1738d3fc0003b8b522,7542.0,2024-04-27
150c30d54a0c4e853296e2e1916d10e6,5465.0,2024-04-27
15116a9e82435b5b96b86f3aaf9bc65e,2571.0,2024-04-23
1511dca4529c965add1445ea84a0730e,4336.0,2024-04-27
1512f7c7a95d57e52c4f6b0addb45d45,3849.0,2024-04-27
1514282a6c55b2294ba5a6bf82d55ea6,6280.0,2024-04-24
15149fd89da849591b21e7f8dd71e10e,5970.0,2024-04-27
1515b6b8772cbf8c6e7b1291928af0ed,2666.0,2024-04-23
15162b7eaf439e9010cc88a22a3ea358,5417.0,2024-04-29
15184e0aaaac99b9b3483f7f05e46927,3959.0,2024-04-27
151a92841edaf6438908469c46f8ad05,3006.0,2024-04-26
151ba6ff999f4491e0b7e52a6e6b499a,3683.0,2024-04-25
1523a48c121de75912d58ab85893abac,2346.0,2024-04-29
15247142a8fddd5016b42b4d098dc749,4966.0,2024-04-29
152480993d2c75ff26d93bf8e930a73a,4084.0,2024-04-29
152635b89813899c020e7b8cfa79e065,8739.0,2024-04-24
1529c556b3274d9b526a2b7e90f090f5,5277.0,2024-04-23
152d1aa7e5ce245300ff7227590eb0ac,5877.0,2024-04-29
153a5b40398e215086f6dac54f4100f7,9002.0,2024-04-24
15405559639b15da17bb4a3dd64ef145,1693.0,2024-04-28
15418a0d727d706a26be85dd960b4933,5550.0,2024-04-28
15434e437860e871363aaf8d39e3006e,6316.0,2024-04-25
15460bef45cc7526d712cc1070c99efd,5621.0,2024-04-27
154b73123a564e0a069ae16d0bfb2679,10822.0,2024-04-27
154c80b2f7f4cea82ac0e2f02bd504df,8326.0,2024-04-28
154d6186a72a556b3af509a79e15d501,2812.0,2024-04-28
1550727b3427cea3453051d86c792458,3781.0,2024-04-27
15583e1fc5b1cee95865d5b1774b245a,8252.0,2024-04-25
15589fe367c400e6b02aa231027611f8,5869.0,2024-04-29
155a4b0b949ca2f66481fc6dff865696,2962.0,2024-04-23
15605957b27e04fcf12d0996c531fa02,7657.0,2024-04-26
15648a95f8fdf560b00af47d4b80662c,4255.0,2024-04-25
156d7b76f21cb8e838eac3d2d58a965d,1983.0,2024-04-29
1576cf2e48ed160b8bae41cfbe04b1cc,6702.0,2024-04-28
157851e9a2d351cbb3badf4c8d7c5f32,9115.0,2024-04-25
1579f642c1590b744a9b2f48ac8ff71e,9626.0,2024-04-25
157ad2f527065752b4ee48fe29328a43,7753.0,2024-04-26
1581d238b9b8c3f2b9f6c42c4eae77f2,7734.0,2024-04-24
158619f3fc2f9285cdba9949e39c4479,4666.0,2024-04-25
158bcbd9cf4e59b77ff9997c2407c7d4,5235.0,2024-04-25
15901596ab7a8997cae7abd2be292138,2489.0,2024-04-23
15915cd4f876398eca7a0cad7d1fd9e2,8137.0,2024-04-28
1592b054112f5d1249acb5752007cc5b,2360.0,2024-04-27
15943535efc65f0e4903694035b14e0a,3084.0,2024-04-23
159d5367183481499faf9d71cba5fa5d,6386.0,2024-04-25
15abea45991d3af4b40307e925b41f8a,1498.0,2024-04-27
15ac0d2e33d74c6efbc328fadd430009,3619.0,2024-04-28
15b2edec52029c224ab38f1d2a83ae48,4807.0,2024-04-29
15b32fce765225a4cc1cef53c42c00f7,4258.0,2024-04-24
15be5aa44f327bb52a86189b51d5400f,2920.0,2024-04-25
15c232753db8b7676bf383bf479cc931,6956.0,2024-04-27
15c41f38aba0c088b9ed0425f67ce24a,3699.0,2024-04-25
15c74039339d1eab249468a785c3eaed,6238.0,2024-04-27
15ce76ca549a7c8adb2d65d30415e281,5460.0,2024-04-24
15dba4cbbd533807122ab85bbda3e6b9,8239.0,2024-04-25
15e6ff9b0d1b5270f2223dfa9a01a225,5053.0,2024-04-25
15e71f7180d5b72c03886ae147cadd58,7824.0,2024-04-23
15ef00648c93579d3358e79313d26ad8,2192.0,2024-04-23
15ef46584f6c781bad0d059be98bf9ae,3394.0,2024-04-27
15f7453b2b3ae7116c4a146d4b3685b5,2794.0,2024-04-26
16007aac437fe6af0e9401cf41f8f1dd,10153.0,2024-04-25
160b04cae7ecaca7449cf676b3a1b1da,5150.0,2024-04-28
16148eefd96b450b2c7eefbb5e7542f1,2908.0,2024-04-23
16177d4e9a080faa43285e3f32959cae,11595.0,2024-04-29
16191682d4bf558de8817ce866c3a25a,8802.0,2024-04-25
16197102beebab04f38286e586de19d7,12808.0,2024-04-23
161a3d8931af77390d264e1336beddaf,3867.0,2024-04-24
16310bf9cfd02b42acd3d9c3e94aa7b0,4433.0,2024-04-28
1632bae1c26aca605d1f5761251bde63,3795.0,2024-04-29
1635020bbb467fbbc1fdf62684db0b06,5709.0,2024-04-27
163ac6e47d43a9736fa6b3f8d7c258da,4694.0,2024-04-24
163dc72696baff5bd38e9f85948a27e3,6038.0,2024-04-23
163fccafcbe64223c4eb80e1ae8e86be,3306.0,2024-04-28
1640d75be68838c2ed7d469912b3a90f,3648.0,2024-04-23
1640fbee886835af914c4a0727dc2220,5914.0,2024-04-29
16449415dfe9fd686d5f7e1a1621f578,5945.0,2024-04-24
164fe34e5af01f856dab1ad123a2afc2,8156.0,2024-04-28
1652745c07d97a6e43ed47eb1ef981a3,9055.0,2024-04-24
165623d509f6cdb7524a2708ea7c4dde,5481.0,2024-04-28
16572ffd88eb44d10371ff8ae3950a51,6470.0,2024-04-29
165ac83f40a111dfb8b0c3d082ccbc85,8315.0,2024-04-29
165bdbd1c8f66c0b182ab5447502dee3,5819.0,2024-04-28
165cefa938e426a4a51048a6bd59fe67,3739.0,2024-04-26
165e3169c1f03465708ec1b7d7fde336,4257.0,2024-04-24
16621b5b4eb52a8a4127e94392edb540,7059.0,2024-04-25
16635abb5d1e17bb57645967c410726a,7312.0,2024-04-26
16644b9a72acd29ffd0110b0eef7b7a8,1518.0,2024-04-24
1665ae5408b83093afe68ef2a0c2da70,3168.0,2024-04-29
166a6d0e6f92170dee499a542bf1197e,3590.0,2024-04-29
166dda09b84e725b513277bfdc37b582,10260.0,2024-04-29
1674a275ceae372d7cb5cf7724f81055,8369.0,2024-04-27
1675092f8452173aa8fb8f2cf358a82d,5569.0,2024-04-24
16796b817633de366ffe1b2d6fbd338a,9462.0,2024-04-23
167bbb82facae7a0e4841355903f338c,5235.0,2024-04-25
167dccf46166a204895e90fed019841a,8615.0,2024-04-29
167e8cd872bae702a1e1e75e796f7a14,7426.0,2024-04-26
1687e51cd791db5e52d8a0f360f63538,7272.0,2024-04-27
168952f228946f20887cc0d5eeb4f1fd,4641.0,2024-04-27
168d674a20dd6fe39c113dc74b5981a3,1787.0,2024-04-23
168fd085a2f6938a376ffcbe9dbfccbe,5209.0,2024-04-29
1698dded767608cb0581baf2c4a4c52f,2555.0,2024-04-25
1698fa8277f5303bc140712e70d20914,3493.0,2024-04-26
16998956b5a2d87a050170ec3eb822b8,5834.0,2024-04-29
169acd27f2938e3de22c5a87b9bdf774,4783.0,2024-04-25
169afde10af267503381d8d77de6341c,5086.0,2024-04-28
16a07943e41e6cf20bee35737ba47e07,4426.0,2024-04-24
16a59151825b75c8d06c05b5dde2a583,4163.0,2024-04-28
16a5c824424bf2cda8de3e095b5fd51b,5453.0,2024-04-24
16b0eebbe4cafabf74396eb1342ede4d,3790.0,2024-04-29
16b47d071c09d0c6b72eac4b9c4cad8d,7129.0,2024-04-29
16b50d62ac2e3c840eadd4eedf98e86d,8560.0,2024-04-28
16b7bf47b4482332cd545d7e4220d070,7212.0,2024-04-29
16b8215415c9aaa267541c6621c5557e,10051.0,2024-04-24
16bd03b6f29e7fa2c8c504fb345626ab,7576.0,2024-04-26
16bff9abad7552f151dc224581eb0dd4,1856.0,2024-04-29
16c08cf787fa43ae213ff1c30d82cc26,9222.0,2024-04-24
16ceb5ad67d3f5cb504b71ed093fdeb0,3309.0,2024-04-24
16d278e8aca53049a9667bfd14b57d43,10567.0,2024-04-26
16d9497278d0451430931d85fc40f6b9,7751.0,2024-04-23
16db4ac4de0ec6957dc29b5f6414df17,3007.0,2024-04-24
16dc9ed55f115d1e1490b86e4f4881b9,3292.0,2024-04-25
16e30e588965d71a3cb5db03e3a939d1,3630.0,2024-04-26
16e32bef6b4e0223cfc860fdd5302191,1633.0,2024-04-28
16e3558e67be2d9924d242d83769c3d9,4878.0,2024-04-28
16e8a1ba6ca9b92f68952ecc67145aea,2977.0,2024-04-24
16eb7a69f6fc63accf83f541d4afd7b1,3291.0,2024-04-25
16ec50ac576674fda19332445366b143,4864.0,2024-04-26
16ecfd15be29dfed8326a2a35c1840c9,4656.0,2024-04-29
16efc840b90ed7eafc85fd2e901b2887,5657.0,2024-04-28
16f3eee6cc8e9256d48c6fc4e2e79e93,1691.0,2024-04-25
16f4b69cb3cd9370d1b963f194a5a5f3,10212.0,2024-04-26
16f80e25b91741e5fa5b33acc339857e,5956.0,2024-04-23
16fb2e3707d10af513bb01b69409b17c,2926.0,2024-04-28
16fb307e5396e84fb72c0860c22845d7,4787.0,2024-04-24
16fb6d836df733b36125d0041ea343c4,3546.0,2024-04-29
16fbaab0e761c1cc87e5541b9fa0560a,6351.0,2024-04-27
16fe13eb56fa76ba5352db26f13ba509,5335.0,2024-04-29
170104334c43e1fb172d3b287947e44c,9664.0,2024-04-27
1707ce81fc180b281cf4186f558ca1ee,6469.0,2024-04-24
1708fc84c1b24db6a5ae849d1f430ca2,3412.0,2024-04-23
170ca329077dcf254196c727df8e99a4,1546.0,2024-04-27
170d7e3184173c990028791e779e8374,5421.0,2024-04-26
170f0ba274b4ff720783286477fa82b1,2889.0,2024-04-25
17105c600b494e619c560394fdb819f4,3181.0,2024-04-23
1710ded1494d199f62e537d933f4805b,4401.0,2024-04-27
1711027da009c8fe0ad280b23f47558c,2348.0,2024-04-25
1712207ebf9106da55b22a8cbf8971fb,9702.0,2024-04-24
1713ac6ec865533c4f239c58bd283e6c,6764.0,2024-04-26
171916b22488c083015f63a85a78cfef,4145.0,2024-04-23
171cb4b86bfe695605e9ed6a7d38875c,3848.0,2024-04-27
1723ea9d8363d8a9d5d1f907aef8a0d8,6365.0,2024-04-28
172f0addbd6c1eead06ec99f94e126a6,3817.0,2024-04-29
17302bd1cd8fc80eff755e35c76a732b,7295.0,2024-04-29
17304132d7f717e9639ca473fdcf5a99,5575.0,2024-04-23
1730cf0bb3ad3a99b651b9f8631ad2d1,5087.0,2024-04-28
17334743ac7f08ec00c1890fca0c318f,8781.0,2024-04-26
1735b530211638d5382371363eed7d41,4465.0,2024-04-25
173880b22b8eaf8949dc4968e3aa25da,6353.0,2024-04-28
173927837dd8de0e8b7ed4c8bfd262a2,2731.0,2024-04-28
173932fe2a44e0ff2c20b8ed4d379f60,3721.0,2024-04-28
17450789614bd1e50ce7d21010129ffc,3298.0,2024-04-24
1747ebdf53b8cb38abc29521ff5ee916,6056.0,2024-04-25
17483ed0ce85c19f18749028217ff3f3,8574.0,2024-04-26
174a71096de401afb09d04f54041e455,7781.0,2024-04-23
174fd1ef8076d85f7bd085e8e3728979,10405.0,2024-04-28
175595701abb620bd0918f32a5737dc9,6761.0,2024-04-23
1758bed12753205d74fbd9b3e1292aab,7135.0,2024-04-25
17595c3a87647e75d17dbf409341a59d,2615.0,2024-04-27
175c80ce3ed6b3ae8d4e40d8616a5e6d,4770.0,2024-04-24
175ebb81f53d35f7243c19cfc03cf614,5354.0,2024-04-29
1760a6d89b1b38ae0f45b7d4f543555f,2539.0,2024-04-24
1761c850694615eccd24b161403b70ca,10320.0,2024-04-23
17655deab43ef66f346369cf87c9f38d,2999.0,2024-04-24
1765ae633739b469635c316afda2b7aa,5548.0,2024-04-27
176604acf719e113e8f67151fb7fbf29,8151.0,2024-04-25
1768edeb42f71edfb8e88e9340c50d54,4099.0,2024-04-26
176a133f810623fcfde87f13ed0e4b65,8980.0,2024-04-27
176b01b27ac951fca9bc22c2ac143e6f,3553.0,2024-04-25
177121e6b73490e70dfc3aa9d172dc34,3152.0,2024-04-24
1771c23cd9a616a0cf8f98d63da2a972,3398.0,2024-04-25
17721e62dd00050083e90107c782350d,5847.0,2024-04-28
177317333d0925a16d0bc035967b190c,4213.0,2024-04-23
177595f3b06bfcb3fcb76977ff9a3b26,2870.0,2024-04-29
1789a04cf870c7f23bf0473a45c56943,5237.0,2024-04-26
178a801100b3b132a16effc41a0a108b,3510.0,2024-04-26
178bb104af6766db34993b663ffa2b40,3080.0,2024-04-28
1790d97c304bff69ffdfa77ede8fceb7,9278.0,2024-04-25
1798cc30fcc29d4671680b05402c97f8,14268.0,2024-04-27
1799e2c4a6d74856d5aca1443c16f787,8043.0,2024-04-29
179ac4b624774f7628caab1becfcf9ec,4699.0,2024-04-25
17a52daa101400487e19e9d7841f6cf3,4188.0,2024-04-28
17a8c7c619aec5b7e0c3e728bc50f05d,3314.0,2024-04-26
17ae737b93b05941eb77cc7aa36c9d13,3103.0,2024-04-24
17b479413c5c0826f5ccf2461487c0f4,6471.0,2024-04-28
17b97f01c515b67b6de77f0556f67869,7696.0,2024-04-23
17bb847be9bf64196a43fc1125d717c0,4418.0,2024-04-27
17bd6b9621d598f43899f3d89fe70451,7216.0,2024-04-25
17be65fcfcb245dfcfd79c2b12c5502e,8840.0,2024-04-28
17c45bb3498720aa816698d40c47747a,1798.0,2024-04-25
17c50d80d44972f2cbeeca942849424c,3056.0,2024-04-26
17c5b8dc3ecef9f4b4ad571f4b14e1dd,5695.0,2024-04-28
17cb3c3fbb65df619e19748ecbc96bbc,6097.0,2024-04-25
17d890bde923d73781ee2d5cb4afb8ab,4620.0,2024-04-26
17da731b6a16f3e2aea6e08291874782,4358.0,2024-04-23
17dd111fa9625a081e413c01139b36b3,2698.0,2024-04-27
17dd5f0f6c29d89d3c5b1b891a4f0690,5887.0,2024-04-23
17df81c3c08d391b5558a45ccde1f715,9407.0,2024-04-23
17e181674277a7a9fcbc385285a18f1b,3700.0,2024-04-29
17e52dc9c3650915d7b74fde24538c3e,1472.0,2024-04-29
17e78e8a67f745d5e0c6af5091faf37e,16281.0,2024-04-29
17e9e024ec05b58519a7c2235b1eabca,2186.0,2024-04-24
17ed66fda36c89da3946bcf8ea584082,2859.0,2024-04-27
17ef9d3c7f7913cfd4813d6f7429ffce,3962.0,2024-04-24
17f4150cafa5de8bd377b23d2e0d1015,4752.0,2024-04-26
17f4e2e8021047628a792a1f94d96352,2164.0,2024-04-29
17f83a1e65773e54c1cb96b1a7613e66,3355.0,2024-04-27
17fbea2f16a354b010a4e40c170bd093,2268.0,2024-04-25
17fe002ec266aa28970abbad421f8b10,4907.0,2024-04-29
17feca7c67b3fa0d90eb8c31b56ccf75,11968.0,2024-04-29
180080b04f7e674767c5a1b72541bf17,6971.0,2024-04-26
1806089fdec27676bd82e23de81c2493,6533.0,2024-04-23
18083af6b85f7912ca23b3c7cf18be74,3604.0,2024-04-25
18095882d332b111309cb36435f5134a,1138.0,2024-04-24
180bf5e8c444fbb1d5350d914ea77fcc,3502.0,2024-04-24
1810adcbf3b4b8aef4b7aff0423b7d64,1703.0,2024-04-25
18174b2b002a6756acd79e374c6c0966,10982.0,2024-04-27
181781ce1c7fbcb4e756a749bf14eed4,3316.0,2024-04-26
181d1e4a270d464bc3990bb3bf54e985,9979.0,2024-04-29
1822f68f7f6bdea2ce95347d1835f264,5106.0,2024-04-26
1823e3a575e41d09eb9576154d5094da,6321.0,2024-04-27
1824e099e2623f86da02f334b175138f,3960.0,2024-04-26
182a60cd8642765c5ee464280a17f4e4,5082.0,2024-04-25
182f0b39fe6efc59baf005684c4288a7,4615.0,2024-04-23
183548f44adb2ea6ca1a7ac58132c242,4776.0,2024-04-26
183b075490c66cb2d45da106e0d9819f,10256.0,2024-04-29
183b2a453a118e0f601ff9a77bfb2916,1597.0,2024-04-25
183cba3bff5789e7e34bb67ef552d545,1236.0,2024-04-25
1845831aad4948284d6542b839685c13,6836.0,2024-04-24
184dc17c55c9787d01989301f3fc3931,3075.0,2024-04-26
1851bb909d7c18480b159a6fd2d40017,5920.0,2024-04-23
1852b9074fd7386c9c6e70c1d6b71c4d,3510.0,2024-04-27
185c5c2d20d25275422a1abc11ddd60d,8280.0,2024-04-27
1869753707de0f6a7f98df8cad2715f1,7133.0,2024-04-26
186b04f04fc5f7dfce82684ea2fc2753,3490.0,2024-04-23
1870795435cfc4c5cd8ba2f1547ab23f,2904.0,2024-04-25
187480bb6c72e83f9617ec907ef22823,983.0,2024-04-24
187c3f09d2d821d2e66f43b13a814355,5943.0,2024-04-29
187cac9cf27af01fe5102b12b43a66c1,5087.0,2024-04-26
187ea044082bc77e34ea7bd594b0faed,886.0,2024-04-28
18845aa3ea41745d7d3bbd51900426b6,5419.0,2024-04-29
188dfa7ae80ffc03e345e54fa85b7f35,9057.0,2024-04-26
18901d8f0fffff9e1dec61205885bc7b,4213.0,2024-04-24
18905047c1db6e992e9f3e738ca5f608,4686.0,2024-04-29
1891ed412497c03288de94bc557e82ca,5137.0,2024-04-23
1894f5ebee86dd3e50b2ac46c34816ef,5204.0,2024-04-27
1895c27ab53b786dd4456506af41d3c7,5570.0,2024-04-26
1896d45fdd93dfd8404020efd61dd3e8,8976.0,2024-04-24
189734b67636d6a5e487fc8e3ec7bd22,7530.0,2024-04-24
189a57cef0d3552e1fb95fdb18d543db,8928.0,2024-04-26
18a3311c5c5c8f93ffa5f608bffe887c,5227.0,2024-04-28
18a339b20cd887b616b2181a15b53e6b,2608.0,2024-04-24
18a45030a0c13f736b0923324d9347cb,3138.0,2024-04-24
18a7282bf3e79334909c6a0ce14f8972,3352.0,2024-04-26
18a7515e870e1f9750e4705e319715c0,3842.0,2024-04-28
18aadc40757e4fe113f5759d09a85b96,2735.0,2024-04-26
18b43f0930f1b9c1b03732fdf943fdc2,4339.0,2024-04-25
18c0ca62b1c60f918ff80a4b54a0708e,5999.0,2024-04-27
18c272c255c7546ce9287036060b25b4,1394.0,2024-04-27
18c3bb10e1f5c0e0370fe4a577212197,7454.0,2024-04-23
18c7f21cc43217e0a31745936f573327,2757.0,2024-04-29
18cbc5a6a553d0b4c956d8c3a34f9298,3176.0,2024-04-24
18d3f16c28718d9f230d6c08083af02c,6701.0,2024-04-27
18df58d622e17e4f6fcd722f2ff3d3c2,6396.0,2024-04-28
18e12add4004859ec51adc21b5441096,5915.0,2024-04-28
18e77aa6cd455fc89601f8b99ecd2be5,11786.0,2024-04-29
18e90f9c782f918d4e9ced72a09234e8,8573.0,2024-04-29
18eca31ac5b62b4e5c136e22cf44d120,3398.0,2024-04-26
18eebc114772a347bb6cdd48432eb71a,5811.0,2024-04-28
18f72fc3840474bdad88ed3bf1732f54,5005.0,2024-04-28
18fbebcf83a471f18bb01e427d64d439,3698.0,2024-04-25
18fd331ef81ad32c96a0448d2e15b931,5567.0,2024-04-27
1909384f16d5c31eb1a2eaec675ddd95,3656.0,2024-04-26
190aedce2b41dc08e02cfbd198b5c84b,2967.0,2024-04-24
19116cc4f53f74824985e81c1ea3650e,4030.0,2024-04-28
19146faa7b814f01a75dddd88ab30532,5226.0,2024-04-25
1916072dc68178dcd9ac00e9da6acf2c,7679.0,2024-04-28
19207ec6a70e928eced50a7344b23d6a,6698.0,2024-04-24
19265a250c895b1b99f589c3a5caa748,3773.0,2024-04-23
19398bb87d4b1ca3fa9e18dc8896b689,3932.0,2024-04-24
1939a5a99001e7b279997250fbaa4111,11961.0,2024-04-26
193fb4e7c237dd3f060a883460783b6e,7102.0,2024-04-29
194567da60e901c47f5cfe77b3b582ec,10713.0,2024-04-24
1947fefc622e39d853042195d43f1a70,2916.0,2024-04-24
19481c938808431fcd4772f39463ea86,3157.0,2024-04-24
194a9ed0a97e7ceaf08c7e4234af87d8,10912.0,2024-04-27
195219cf34fe19c6b31c4e36b3cedecb,4969.0,2024-04-24
19543aef3de7cd45c984ff9d1fba0da8,2885.0,2024-04-23
195f94052c2e4ced82a7a7c37a8cada5,6992.0,2024-04-24
19632aa80259daa5af7c1da9a4c63982,2980.0,2024-04-25
1966abfa0d0ef6b3c3a7bb7ea5f3e943,7171.0,2024-04-25
196a66bc02f7959286de1dd88daa45c5,3440.0,2024-04-27
196baaa13353bf07662fb514df0e802a,4300.0,2024-04-25
196c0af01d000100b648fa4b574adba5,10754.0,2024-04-26
196d979c21185fe3fda826182f2aeb39,12437.0,2024-04-23
196d9b1b3e7fd8d360ef7a48931b55ab,7289.0,2024-04-25
1973e1f2387b5a4cb131e3a332a2faf6,6696.0,2024-04-24
1973f393fb99bbdf8b577f8cf84c1636,4073.0,2024-04-23
19754d6376630b812c3f580826b05ec3,2160.0,2024-04-24
1977351d06603523097dae3dd9216314,5050.0,2024-04-25
1977935e027ff490c26c2c54da66adda,7828.0,2024-04-28
1979f29fbfe2c7277086d0e366ae54e4,4950.0,2024-04-28
197fc8e688e4ebb95ca908a13ab6160b,855.0,2024-04-24
1982b068f1f8b9ec5ad48fa64d3f1ac9,5632.0,2024-04-27
199381a6f73a57fefbeb96bb0db28a24,6939.0,2024-04-23
1998e823ecda02b38f38a518ef2124c8,2391.0,2024-04-29
199c7578245dd2dc5f30c4c05c1996eb,2522.0,2024-04-26
19a14b6ab222b790cc5161745b42df40,4819.0,2024-04-23
19a2f5c061080e0bf6b5d702dfa28069,3801.0,2024-04-27
19a363211ddd09111a7759154756dec6,3221.0,2024-04-29
19a93a9e42d730e0067ae61413963094,4096.0,2024-04-25
19abc14d323d0590adee5227ae3ac822,1296.0,2024-04-29
19abf325ca985143d3e620bdc56688f0,2957.0,2024-04-26
19b2a5380a5d5e243de7a7d0a96af6be,8178.0,2024-04-27
19b642d11174f40fdee986dc602e4931,2224.0,2024-04-25
19b841a071dc6f35c6f78b9a2c430c6e,3544.0,2024-04-23
19b945be60b72c16c72968b31af47709,6524.0,2024-04-27
19bd5c31fcb619f714136977de494956,5530.0,2024-04-25
19bf673ecccd09c7d1524823938b5655,2863.0,2024-04-26
19c99f66996f3bbeed0492798381d153,4341.0,2024-04-27
19cd0eff14ab337156eb597d847020a6,5274.0,2024-04-24
19d6305b809738b7152b9b49b3a07a50,10761.0,2024-04-23
19da64cdef4cdc1e04735f4d15c10728,3452.0,2024-04-27
19db6c0c62a2adedaea66e649d72834b,5779.0,2024-04-24
19dbcce0f026d0486e80258f0991dc43,7199.0,2024-04-29
19e16b974e5ca5e208c76ea0646f83c0,2508.0,2024-04-28
19e1c287c0a042afedddb06cfb6d4990,2995.0,2024-04-25
19e20f2962d8661d1085e3092ed34f9a,5395.0,2024-04-24
19e3e42aff107dd3c062aa30ee9966ac,5412.0,2024-04-25
19e4eb7f7bf5f0ce5564ac460161ed53,9536.0,2024-04-24
19ec2c2e67590007f090636acd3a6d1c,2032.0,2024-04-24
19ee6b845dd3310b3a5148ce953b6fa3,3844.0,2024-04-29
19ef516e8edc9a33c1cac17c24177656,1961.0,2024-04-24
19f0a940b9fa6e5d676ca07c5037ddc5,4841.0,2024-04-23
19f2b7da1103be3bd07cfabd6c0314ef,3624.0,2024-04-27
19f2ed1bfcf7f26301a53bcd14f5be46,3605.0,2024-04-29
19f3607703056f6c31b0cc292c940ee5,8635.0,2024-04-23
19f532184979343c4ea11c4130c1556f,1656.0,2024-04-27
19fed7ec7322af658ffd92a1fbf410cf,9399.0,2024-04-28
1a00172e1d19d389b52325d02de1f235,9905.0,2024-04-23
1a0375f6f5f64b86a1abda895deefc25,8895.0,2024-04-28
1a06cf9e9dcd2f7ec1409cfa0f67603b,4083.0,2024-04-23
1a07698e7ff3eac144282e5f43e626eb,4134.0,2024-04-28
1a08fbc313275b2d1d9bfd0fe7dec2f8,7678.0,2024-04-26
1a0d080de41cbb74a857513910cc431c,4009.0,2024-04-27
1a0e0986bf02ca6a069d00a683d05130,4963.0,2024-04-26
1a0e8029dc1192cd9b8063ac49f1d5d3,5524.0,2024-04-28
1a0f18bba3892e5ed1674c3ea0dd0f8a,8806.0,2024-04-26
1a0fbdb3a3c49a1ddd6a3ef16ef81d25,5249.0,2024-04-28
1a15e9802807a13b5f6353da246c0f21,3667.0,2024-04-29
1a15f78d32eb672b0f9993d31a2e011a,9747.0,2024-04-28
1a1c08a318fad0c282621c6ae5c16d26,7242.0,2024-04-25
1a1cb3c6349565838ac47b5f69733bde,1876.0,2024-04-28
1a2a876849a6574d867c62b511bb9982,4479.0,2024-04-27
1a2b7587ea387ca40e8a8d088e6b11df,3461.0,2024-04-23
1a2befb41211d7081643d2301f519010,4841.0,2024-04-25
1a2c1fec361561f98de27833d9098fa1,3185.0,2024-04-25
1a2eebf7e3966ea781777910534985b5,2808.0,2024-04-23
1a2fa0deb554143a004a1405b690de63,6227.0,2024-04-26
1a3439829598021a53b22566facd1e04,6956.0,2024-04-25
1a363c0787d231bb49a3c50f09bfd4d5,3506.0,2024-04-28
1a3a5eedf0022be7bf959cd18e500c83,3175.0,2024-04-29
1a3dec80d368eb1c8fec4d6e989924ac,7086.0,2024-04-29
1a40e0ee3ea1de70585765b81a5b7178,11632.0,2024-04-28
1a41474281c5d9431f7c5ffd495358e5,2794.0,2024-04-26
1a4188b669b5c60cb5131dc666774840,9217.0,2024-04-25
1a479170e6cec73ba2611cc51cd9ae84,5040.0,2024-04-24
1a5055cbf2eb26af1e82f52b75cefb04,8907.0,2024-04-25
1a5477d306271c1b549ebb158cb598dd,2981.0,2024-04-23
1a557832f175eb8b5e8b683ced26e2d7,7070.0,2024-04-27
1a558444d6f824de56ebf2623ba11949,7710.0,2024-04-26
1a5be933445267529b5fb2c6116e946a,13438.0,2024-04-26
1a5e7ae8066cc696324b76bec297244e,2023.0,2024-04-26
1a63edee3cc8dbbc920aeba372e7b8b0,4223.0,2024-04-26
1a69197e1b4a25ea3587a8234f5a5d43,7603.0,2024-04-25
1a6f3847728e4eda3fd455e81a9f097f,6559.0,2024-04-23
1a74377a9787d76aafff1bcd19a4973b,5785.0,2024-04-23
1a757fbdae58b74e0ffbb605ab1bd3db,4584.0,2024-04-29
1a787a144af414edb9ffaac9d88c758e,7995.0,2024-04-24
1a7b91b749c1d71989a99a4fb5323d4b,1668.0,2024-04-25
1a7b964ed778fcc76b56f80ab949586f,5020.0,2024-04-29
1a7bd588137e3b1cf5d397cecfe29416,1205.0,2024-04-24
1a7ca651a6dfa53ea33a9e2afb987d82,10017.0,2024-04-29
1a809e971d8126a8434d496b827eded8,3419.0,2024-04-24
1a80dfffd3362d61e279a14e01988e7b,9405.0,2024-04-25
1a8767f39658a7015f6f998d992d4981,9509.0,2024-04-24
1a8a2431f21bf2c5f1d9e72775216124,8710.0,2024-04-27
1a8cd055db1f95918ec58d701dcbc7c8,3728.0,2024-04-25
1a8d5b6dd0709ee46c80b2dcec79f9de,5744.0,2024-04-29
1a8f711506000df43ee0f208bae6ae7e,8927.0,2024-04-26
1a9241d00e345a4692c683885ecd7334,2268.0,2024-04-26
1a925e88e5cb9e214080033ff4dac814,3365.0,2024-04-28
1a93513c1a9de1139be31df76aeb2f7e,7115.0,2024-04-23
1a954f7f29560f23c87de2d1ab110a5a,7929.0,2024-04-24
1a966670f630a2bba4503fbe5be2e36b,6142.0,2024-04-26
1a96a938ed1185e5fa64e7d372d4745f,4611.0,2024-04-28
1a9dadc67733eb61dff5534548ca217d,10752.0,2024-04-26
1aa3495bf7fc4762c524883976b3d279,5023.0,2024-04-24
1aae8ec0f9914b450c6c236ab0971c95,2852.0,2024-04-23
1ab416781189c7bce673d7131a7eadfc,7305.0,2024-04-23
1ab423f6c79642b33fc2a0160b8ddc45,6680.0,2024-04-25
1abc2d48bf24c83d5c264c3055bcbd05,6051.0,2024-04-25
1ac545a89a562e7e3c6ae34c217eb9d6,5027.0,2024-04-25
1aca2a4eb3dd2f4e1e6bf6dd6ecabb00,3222.0,2024-04-29
1ace54a7da3099a8c36b28c4bb36ce12,7593.0,2024-04-23
1ad2f975d7ea334845da872e2b440abe,2525.0,2024-04-29
1adcf3d33cfff7ed47510203e14ffb87,7519.0,2024-04-24
1ade9c9093ceb1ad48de2f3652ed2cd0,1687.0,2024-04-27
1adfc75a6980208ce5fc18125b6c93f5,2780.0,2024-04-26
1ae13cdf0c0f891a8392a646df2b0bc2,4571.0,2024-04-28
1ae801282791b707c98c45090b2bb23b,3825.0,2024-04-23
1ae9aae1645fe307574fd267a675493e,6982.0,2024-04-28
1aed0175e2582aec4c93b9e6b6a1ae55,2173.0,2024-04-24
1af50a551562be0b0f6725405488fe56,7845.0,2024-04-27
1afedd7154c61d6d703944b7eecf2501,13278.0,2024-04-27
1b04607c0a4d075b7618fc003cec3da1,9577.0,2024-04-26
1b04a9befc40ed489adf4c0dde36d685,7070.0,2024-04-29
1b0536fe4a7d097406a3bf1cd34a35c5,5022.0,2024-04-28
1b0611d46bf75948c9257325b583bad5,4334.0,2024-04-28
1b08b045b4146737122e31aab13080f8,5169.0,2024-04-25
1b0d9c68cef79d6552cbed9cab49563b,3825.0,2024-04-27
1b0febc98aeecc64c62ce626e0b25fd5,9867.0,2024-04-23
1b147e29020b55bb2bfb2c67c147a73e,7455.0,2024-04-25
1b14aa5a3d2aaf5eb4f69326e14e3ab1,15153.0,2024-04-24
1b1db9e78b7ce2b2d601adbb28005d99,7362.0,2024-04-25
1b1e2cb4d75eaafe5db46792ee40cd1c,4620.0,2024-04-23
1b2407a729d5e42db0c78c78195ce7d6,9815.0,2024-04-29
1b25a3371050a34fcde057110e3d66db,9919.0,2024-04-25
1b2775f3565333ff772b6bab923467fd,5273.0,2024-04-23
1b27fc28dbfeaff215969d9d710960a7,3468.0,2024-04-27
1b2cd9902a90568f1d82a9237163df26,5567.0,2024-04-24
1b2dbb92ee56cc414332bb8982522174,4793.0,2024-04-23
1b33e3bd75b8b3e725368c96cf56ea7e,9349.0,2024-04-28
1b3d3558eb3f6707a49c38e7ce6013c5,5806.0,2024-04-25
1b41eb234d842ad5494779d8d0df0388,8879.0,2024-04-25
1b47fa2969132fca0ea9d81dc0fa8fac,3682.0,2024-04-29
1b48aabf55b1fd6d04879a080ea3526b,13881.0,2024-04-23
1b4ba668cdf5872265d861e211c3eac3,966.0,2024-04-27
1b4de02a51b86824bae2135e55c26b37,3303.0,2024-04-27
1b4f5f3c1ef3b8ff08e5a112b23c8d39,9376.0,2024-04-28
1b5265d1e770c49ec7d09d2d26d41e7f,12174.0,2024-04-23
1b5c1f441b20e876a06c907e2a802b9d,5614.0,2024-04-25
1b5f79fe4c8b65a339ca353e491ff141,6898.0,2024-04-27
1b640b55afa24d3b1be9e589917495c8,6369.0,2024-04-28
1b68c8c08ce40bdaca7c57917503ee3c,4601.0,2024-04-25
1b69d7dab4763eab22d4490836484ada,6508.0,2024-04-23
1b71ce6a356d33288725667af321588f,4781.0,2024-04-26
1b7283ab63cc92a3563ab7e9cf10ce1f,7262.0,2024-04-26
1b72e5542ef1351e602c82374ab88740,3828.0,2024-04-28
1b780174f874447761666a70467b70cd,2835.0,2024-04-26
1b7d75a6284077670a24d99ab238c781,10414.0,2024-04-29
1b801a7520b4ecdd8ed179ce1dfdc868,6574.0,2024-04-27
1b80f63f8d1a8261d18a2c4eb3af3161,7371.0,2024-04-28
1b8df0050c24dd94c1630eecc8b4acaa,3852.0,2024-04-27
1b9170e6d1b4988ad59d39d8579f3cd8,1560.0,2024-04-27
1b979ae5ac94ec4502c18dd075335318,3629.0,2024-04-26
1b9d1d3858e5e29b99ac8c5c9ce0ad37,2833.0,2024-04-25
1ba43e6210dfd1b78f9319e774bf9b9b,9192.0,2024-04-25
1ba51689a4dc7d57a57eca1137ea59ad,2995.0,2024-04-27
1ba595cdc1e8d0d2d1964b5c068ed545,4337.0,2024-04-25
1bac815786dee17970b64c0e3f572778,3455.0,2024-04-24
1baeda5ad206523535523e5478ed3693,6699.0,2024-04-26
1bb240a2194506aca1bc6b5fb9607162,4230.0,2024-04-24
1bb37460d25624cec0e6897574702e4e,5287.0,2024-04-29
1bb476aa6b48bd1473f936261715c6bd,5682.0,2024-04-24
1bb530f28bbc79936d92b53e58613658,5877.0,2024-04-24
1bb8893b5fd17f3d1eb18408b8b2aaa8,12914.0,2024-04-28
1bbac4ac20969e6c88a5749b2b1cf341,4238.0,2024-04-23
1bbadd15b59f6e1e0912e5d8129c9fb1,3540.0,2024-04-24
1bbbc9ce14a0e93795abfedc24c0fc40,6768.0,2024-04-28
1bc00c6e01eb57cb23c7c4e7024c1693,10262.0,2024-04-28
1bc7c61effe7106589c96de26429b473,2236.0,2024-04-26
1bc7e777d3a459511dbce86d39a28ac6,9368.0,2024-04-27
1bcaf09ea2fa63d795b24d7c0b47b560,4370.0,2024-04-26
1bcb56c53ebf548ec628e24e3886cf08,5187.0,2024-04-28
1bcea8568fbca1484846b8f8d2333400,3395.0,2024-04-29
1bcee4addeb3194dfffba4d4c8c9c54b,10609.0,2024-04-29
1bcef8c9c461b672961b9d8f11b9115f,3531.0,2024-04-26
1bd5144c5e3cd59fffdfb4f04dcc77d2,4680.0,2024-04-26
1bdab6ddeea6adc25433c734f1a7adb6,3886.0,2024-04-25
1bdb63c6a2e93fd15da3967919cce4b4,2391.0,2024-04-24
1bdea66273b54f0bee4b584d8bfa1f49,6310.0,2024-04-27
1bdf415438e91e3ca24e66be40be47ef,8761.0,2024-04-25
1be1d2c449ffcc60040c5087a0f6b513,4422.0,2024-04-23
1be65db633bdb50a446d65aa7da56421,4288.0,2024-04-23
1be9cef69eb54599829a80498d0490bb,6642.0,2024-04-29
1bf21ecc4e131868735ead59858bc67a,7550.0,2024-04-23
1bf5a9fae79d2d4c0df1343f3564ebab,1937.0,2024-04-28
1bf840a33779a910e09f61ecf2cf6eac,2889.0,2024-04-27
1bfd0b6774045297964c1d757a8bb62e,1897.0,2024-04-28
1bfe113abd4c830f7a49d100406bd537,9008.0,2024-04-23
1bfe34cb43e0779bafe78e103cae10c6,9574.0,2024-04-23
1bff4bd587fcda92a4d530d007c2abfe,3663.0,2024-04-28
1c01ce093dc418d11b57798138a08cd7,6645.0,2024-04-29
1c0656de2267d423ffab4209879469f6,8821.0,2024-04-28
1c0966c5035e91d1f27a02616d802a98,1687.0,2024-04-26
1c12ba5fcc54da8e1d5b758d79894dc8,5581.0,2024-04-24
1c161868d90656ccff794bc940379d28,5702.0,2024-04-26
1c16d66b77d167c5e467f85656e45c48,6310.0,2024-04-26
1c198cc4fdb8efc38a11c4f8a7bbf94f,4391.0,2024-04-23
1c1dcf700f74d8c747efd7181cfb381a,3262.0,2024-04-28
1c1e291817740aa791f9e7792a4f6e7d,5673.0,2024-04-23
1c25477b9146922fb7a5fe8a1ce68703,1115.0,2024-04-24
1c25cb337fb56474c71d4546b5841e63,4097.0,2024-04-27
1c2610e05d0ec92653dfc9cfe7d0a0f0,6243.0,2024-04-25
1c29cc08705aa5b1e62c08dde0e178dd,9863.0,2024-04-27
1c2c37dcdd6e0ba5dab563064a63f392,6947.0,2024-04-23
1c2faedd529d4b552f477b5d1af111b4,9573.0,2024-04-24
1c3417784be661e62719a4d9dbe3a24d,4239.0,2024-04-27
1c3422806eca6465e0c7c03e6e1bd41a,4334.0,2024-04-27
1c38d35f95bf43032e52fe03a04b9913,4075.0,2024-04-29
1c3e529d410aabc89be6c033b337f0e9,7011.0,2024-04-25
1c4377e3b5274946d71d136c711fc247,4274.0,2024-04-23
1c47c2a3e0d579345e933651be7e5cb8,3533.0,2024-04-28
1c4abc60ea299023e3a66dd06d174e63,10134.0,2024-04-25
1c4bd08e28526b813c60aa74ff4b1303,9737.0,2024-04-24
1c52da1b5f6aad027ba807d534e0d9d9,7265.0,2024-04-28
1c568e36c236625cc916f63e8c59ca6b,4237.0,2024-04-26
1c577791eafaa1b1f0d67cd421b99e8d,6158.0,2024-04-28
1c5809ad235db6444d4ce89c340cdca6,9310.0,2024-04-29
1c59a51298e16331cf311e37c36dc515,2329.0,2024-04-23
1c5e2ba4b83d9ac4cf0352bab018af52,3639.0,2024-04-26
1c5e53c4906e44773639a695b387c772,6227.0,2024-04-25
1c5e8545e928104e7133fb4ecd5da9ea,9723.0,2024-04-24
1c619ac534ee942ea2c3a6e3f1cc3063,2682.0,2024-04-25
1c6259be22ff935ca50723aec56e3ec3,4811.0,2024-04-23
1c669900f25d1d8a909541a0e7d0e5b2,13023.0,2024-04-28
1c6830d153480572150c00916b5f73fc,3067.0,2024-04-27
1c6d30578b3077ea58caabdd0d96dbdf,1748.0,2024-04-28
1c76f58ca8cc90c9b7cd8b17b64fccf6,6418.0,2024-04-23
1c77e261fd3e0a31a984c793239d4dd2,6760.0,2024-04-26
1c78ff3c8f3accb674c3f9f58749b69a,2968.0,2024-04-26
1c7ec56e03ec6e23968c14f69c3bc479,5685.0,2024-04-26
1c7ef1685b08d577fdb96d72c64d89ba,4534.0,2024-04-26
1c836e1b97f2c1668947f5b81c974468,4416.0,2024-04-26
1c87d001ca498aba8b7fb02919b59cc9,7900.0,2024-04-28
1c8f979b1a08a3715a76573baddd79e4,4644.0,2024-04-23
1c91367b754a6d4fc2ee7fffb8bf4016,3923.0,2024-04-29
1c9a5584cb885406a1fd320aa5c0edd0,9761.0,2024-04-28
1c9a94a3682f0cc8958ac27f2fcd2aa0,5053.0,2024-04-26
1ca017d5093a5c54ce7ea0af5edbe412,2452.0,2024-04-28
1ca4c58d0feb9c4808d198ee04d31bbf,5761.0,2024-04-24
1ca614b39598ad223057bd9cc6112556,10463.0,2024-04-29
1ca6a7d9410d27e32cb2f2f451f3b280,11714.0,2024-04-29
1cae278e3fa1c3d6d7a175bc98543939,2722.0,2024-04-27
1cb18558eefd9365194c4c39dc1ac10b,3953.0,2024-04-24
1cb38c2629211a9ed5f367f05f0f86fe,5621.0,2024-04-29
1cc6e7d5a1136a9f99b253c0926e2254,3216.0,2024-04-28
1cc89f52c8c05d5d751a01d05f14bd9e,3732.0,2024-04-27
1ccc5c72cca77e9981a9a197f5aefc33,9781.0,2024-04-26
1cd0a49296cd0c55bbc6aacccb03f38e,5141.0,2024-04-26
1cd5b359711d07e361519b7b5e240943,4469.0,2024-04-27
1cdbff09860d23d12cf21fc07bca408a,2104.0,2024-04-27
1cdd5bef40a5b3c1226b796fd4baba6e,2587.0,2024-04-29
1ce00f277650d458f34c641a0487f9fb,8613.0,2024-04-24
1ceb120fdf1ae64516eda925c7b047f2,5065.0,2024-04-26
1cef1085de735a96b8194a4b8505f15c,7561.0,2024-04-24
1cef3f262a4764ee4e9af3279ee5f96e,3703.0,2024-04-29
1cf0b1979b5e01c4255d85e36a00210e,2636.0,2024-04-26
1cf865a1d92d2fd7d7bcc49a246fc6f9,6453.0,2024-04-27
1cfad47182afda7859e9a2ebd570863f,3361.0,2024-04-29
1d004590905d45e8654c19b4dd6d3826,3913.0,2024-04-28
1d0171cfc9f502fdc4414a92843469ed,3999.0,2024-04-26
1d04077f5ec3f92f9c475db18d4e92ca,4283.0,2024-04-27
1d07543b81274dd18f074a5e19114633,4908.0,2024-04-28
1d07b7273f79338496fb0a325f4bb342,6876.0,2024-04-26
1d08a1ca1cf6a8c5f02d6c001068bc62,5157.0,2024-04-24
1d0bb25fea52d6ef6109ae67c2eaf8ee,2025.0,2024-04-25
1d12fad93078c40aa9a222fc02456fd5,9278.0,2024-04-23
1d148ee407051cd998033c2ab1151418,6041.0,2024-04-28
1d169d70cad91c57dd414fd955920d6e,4302.0,2024-04-28
1d1af56676e476edf8726e13438a4404,3775.0,2024-04-26
1d1b36129e6296b3f5473346f0736e76,9410.0,2024-04-29
1d207b50f73f9e283b48a6a10c9b86f4,2407.0,2024-04-25
1d25438c1ae74aa3fe6f014385cdbb8c,1931.0,2024-04-27
1d29127103fe2664a7ae274c3db12f98,4684.0,2024-04-27
1d2968111a5470f6de1ebe7efb95b740,12718.0,2024-04-24
1d2ac1432d08099c4da9f7703b329300,6148.0,2024-04-26
1d2bc867b0f130695f3831c3f36e5f9b,4475.0,2024-04-29
1d2e4e694efbc0caa2cf531fc878a12f,7859.0,2024-04-24
1d311585848aa1ff777221a1ae6effd8,6397.0,2024-04-25
1d34407a8dc6e590abecc0cdca5d86b7,4950.0,2024-04-23
1d390bc501e2ed014b0c86cd7b3c4a9f,2688.0,2024-04-25
1d3e711895a2b94b32a801c7abdd3e6d,5044.0,2024-04-24
1d42bbf77092f3b05eaccb66991c72dc,12212.0,2024-04-26
1d43658c59f45092d2e757d885533571,4176.0,2024-04-26
1d45962ce61d3f9b3edc115978307878,5483.0,2024-04-27
1d4b4546e6d45be0d4d3e5c1208af8cc,6242.0,2024-04-24
1d53fb6c010c3cfe5e5cfdc00b21830b,7547.0,2024-04-27
1d589b454a8423c18232f488cc64d3a6,7527.0,2024-04-23
1d5aa3067a63c8ac1e761f67364da77b,3275.0,2024-04-29
1d5b959dbbddcf207b264cb1e036fc2d,5354.0,2024-04-29
1d5b9c2ba34c92133f20040b574ee968,5897.0,2024-04-24
1d5bddc724bb6f3d27b2a8d861f44667,5865.0,2024-04-27
1d5ceea681d3b073e6a55e21fd87ed10,4349.0,2024-04-28
1d5e62fdc03284ce44352d8f16f90772,4464.0,2024-04-25
1d6040ef56e947baef429387f65f1dfc,3819.0,2024-04-23
1d619c7c92f800a87788fb6a6cd404a6,4480.0,2024-04-26
1d63b25c0a33b59dfe51aae00a127e8b,4392.0,2024-04-27
1d6625170ab4c7ddf31a8935e94bc461,2232.0,2024-04-23
1d69abcb9520ee5caaf4799402473eb0,3078.0,2024-04-24
1d6dde0b9b360b26ac3285146b2a48f8,2332.0,2024-04-25
1d7260ca4bac520a8c1ad5c6870340b2,6168.0,2024-04-23
1d7486b992ff3483b15a6b3a29dead21,7684.0,2024-04-23
1d76748fd7239b62894ff736ff6ce443,5052.0,2024-04-25
1d7acff1243979b273ac117b5ce6149a,4743.0,2024-04-28
1d7b5dba0d325ce5496eddef02be54cf,10717.0,2024-04-26
1d7bd2bc7c18347f437792666e8891d8,9988.0,2024-04-29
1d7f952ba94cb7cd2726f3bb3d1982ee,4517.0,2024-04-24
1d86acd4fddbed85a1fae786b3387a57,19744.0,2024-04-28
1d897adc08a1d9ee2529a5d8efd7df24,2494.0,2024-04-24
1d8a931687088e04c736a452ee5a8177,5362.0,2024-04-24
1d8aca47356c08f0228e724a8ade1ea8,4748.0,2024-04-25
1d8cd21c72031e4f8d0425f5f4393f19,5984.0,2024-04-23
1d8d4f7f611e4ef67ea6ccecf801a110,3283.0,2024-04-28
1d8dd3928332c3d773f99eab529a1f0d,5301.0,2024-04-23
1d8f2c11e19269282ffccc5913154a31,4958.0,2024-04-26
1d97abc00d3c0931d62bb93717be58c6,7010.0,2024-04-25
1d99d47dada7b42f77f15cc96e5f2944,5064.0,2024-04-28
1d9d74b55dc6f86b619d33cc2a8a036c,8829.0,2024-04-27
1da72d8112b61c5b4f2f8e25018635f7,7684.0,2024-04-26
1db4cd41b41dba3dd3158e512b5495f1,7753.0,2024-04-27
1dbdc190ceaaa69a2101be41422a4049,2585.0,2024-04-25
1dcb80c63c9de10fb0f482da8c53e433,2279.0,2024-04-26
1dd065af8ff0880902a75d9738946951,3395.0,2024-04-24
1dd2f9a61a7e1c94c2505fbae117e517,10642.0,2024-04-25
1dd3a459043db352b0556bc47beb7fd3,3494.0,2024-04-23
1dd7ae0ef240ce2122369fd1cf87fe95,7709.0,2024-04-29
1dd8f99efe229c9748f4d10f91333201,4499.0,2024-04-25
1dda69daeb408574312b3957dea80508,4649.0,2024-04-27
1de1988972821a16c6901fa73b8dc71a,7226.0,2024-04-24
1de6d82259a20564d4b8909c26c8aa28,4854.0,2024-04-24
1de840b4bd5e78aaaf0f17e48f0eb3fd,3451.0,2024-04-24
1de97897cdb1ef8bc6bc195df6b5d1d3,4166.0,2024-04-28
1deb8e5fe81880337086da90cbf49a1b,2817.0,2024-04-26
1ded01765454687cf7dfe9a3584c4b25,4193.0,2024-04-29
1df025555273af32f5a8443ed81352b3,5539.0,2024-04-24
1df3ab049585cbd27d6b007315348719,2373.0,2024-04-29
1dfa7a6aa9369ca92df93be31d543649,9018.0,2024-04-25
1e028d4a9926d89952a45de8874e9ba4,6910.0,2024-04-26
1e0ad1b9601aa92adb95e69301f2e739,6239.0,2024-04-26
1e0c8047f3b9bc519cbe4df0577b9307,9014.0,2024-04-27
1e13ebeb289f0211b2970d962566bf26,5706.0,2024-04-24
1e1d2e7701d4de99dfcf9dac5be221c4,9928.0,2024-04-29
1e1de0bd900646c0f430f9a61270d9ed,4617.0,2024-04-28
1e2a1b52865e1a0759c0f84096919141,12016.0,2024-04-25
1e2a2588932e8bca5c6b0902e09a6229,4743.0,2024-04-27
1e2a91cafa0df246425fff9f73439cfd,6758.0,2024-04-25
1e2e33712bfe570d4add808666a0a75e,7008.0,2024-04-24
1e2f32559af1ff88bbcbbb18cf42bb23,8590.0,2024-04-23
1e317a146a3b39f69ac45ca9a562c4e7,7484.0,2024-04-29
1e329b13433f7bd1b968a3d693048096,4325.0,2024-04-29
1e3549cbe95f6cfecd1215b766608df0,3837.0,2024-04-26
1e36f385885e4cf92c4e071acb255a5c,7022.0,2024-04-28
1e3864b8ee075d29a8042bb4f2394782,3175.0,2024-04-27
1e38e353ed6aa59691cdaa9e4d52e783,4425.0,2024-04-27
1e3925212482fd3197b47c5d52206ff1,1866.0,2024-04-24
1e3cdd43fb25f9ce5d5cc55b578057bb,4135.0,2024-04-25
1e3d127fd25fbc6d360cb166c772600f,8218.0,2024-04-29
1e43c74f0573685c4836e9ec7fed4d7c,1872.0,2024-04-25
1e4ecced59067a294f6e2ab7dee41af7,6553.0,2024-04-25
1e51d537edd16ff49a33df71e76f81f5,3168.0,2024-04-23
1e52301a80cdb6fa2826b5e3ab306a42,9032.0,2024-04-28
1e597fb1142f43bd0ad71e7efef3b8ae,2322.0,2024-04-28
1e616d84ac2a50f1fc1f54204e499fdd,3681.0,2024-04-28
1e6675369e5a7ded850ff5f664056007,4264.0,2024-04-26
1e6ec2d60df81d3cc1e4391736f9cdd2,4222.0,2024-04-27
1e701fd42e870a85eabae05f57785158,4124.0,2024-04-27
1e718ae21a537a2fe9e644cd0be5fa83,7259.0,2024-04-24
1e7477027e55eee1dbaae006af9ac6d1,3421.0,2024-04-24
1e754c9ff76ed5e090edc90f9cd4fa38,8583.0,2024-04-27
1e77521231337dd5fec8dba7dbca6c94,2708.0,2024-04-27
1e813a1a48df7966bb38002ee6f44966,3943.0,2024-04-26
1e8ab141a0478f6ceab88876cef082ce,4920.0,2024-04-29
1e8bf4ec0a4eca46674ba9946a5cf89c,13982.0,2024-04-26
1e9080b49f836c844813948eb9a96bde,7948.0,2024-04-29
1ea3872620b1e78af413b20e0fd6ebf4,3099.0,2024-04-25
1ea39b5c0cd6414d995973772c139a31,3964.0,2024-04-24
1ea3b6f651f0c88e9f0b0da36061fc5a,5511.0,2024-04-23
1ea574dbaddcb83bf8b176c6f76ac391,2314.0,2024-04-24
1ea65640f9059f099c68f54348441f77,2975.0,2024-04-28
1ea65dc03e50bd5a4ce660b1a18d5d6b,8880.0,2024-04-27
1ea9fdd49aec0167ccefbf10bfa6f0d2,5945.0,2024-04-26
1eab99dbe89ac5a815a4be6d8ed19638,4753.0,2024-04-25
1eaf9697fdc6ecdcf5b0faf35e7f5a2b,5306.0,2024-04-26
1eb4066af564fbc695f8be815e823ad0,11223.0,2024-04-25
1eb4ce05bcb9ec2d017c1a46f2540582,1662.0,2024-04-26
1eb5aeeb9998a4708b647663c52296ef,3154.0,2024-04-25
1eb7f9ba22cd1b2e55a02de5dc451181,7845.0,2024-04-25
1eb8cbcffd541d115be1365818d98ccd,5288.0,2024-04-23
1ebe2076a1ede8cffc2b4d6007d62fdc,4638.0,2024-04-25
1ebeb1c87bc1b83c1675037f688d2ba8,3121.0,2024-04-28
1ec19ca128c6790f60dc19b5f8508ac5,1528.0,2024-04-23
1ec2c10f177447c1b2800b8e0c9562d3,2511.0,2024-04-25
1ec4320a45a407bb70604a0c007aac4d,8430.0,2024-04-25
1ec712630c6199527fde0e5b69633861,5789.0,2024-04-24
1ee361c242716c084a00e992e8521f22,4952.0,2024-04-25
1ee400a0dd41aafe54d1cde891ad3753,3990.0,2024-04-29
1ee68e5a4ba0618ccf13aa01877bb2d1,5842.0,2024-04-28
1eec8a516691b4362a0a566862aee0b5,3228.0,2024-04-24
1ef4597889ea28baacad5ea5b213829c,1917.0,2024-04-26
1ef5f9081bd26891d9203badf146d63c,6536.0,2024-04-24
1efa5582f135af1fb117f3897076e79d,5000.0,2024-04-26
1efbd2c9e6f128f21203d98db9592c95,5464.0,2024-04-29
1f00054b81af58f8919bc46ddacda630,3821.0,2024-04-23
1f05de3f4b188df029e9952373b655ba,2232.0,2024-04-23
1f0683c3dad888c0c8947756bb87c66e,8121.0,2024-04-28
1f0dbb517be0cb51a1060da6015e4033,4963.0,2024-04-24
1f1d9381249009bf44c1fe9f72c6f8d4,2892.0,2024-04-29
1f1da1772cabbdeb94c27aeb81a47a97,4220.0,2024-04-25
1f2df6b58772e59e977c2c3eb18e7ffd,6720.0,2024-04-28
1f30d43394e091d9df34abc986eba2ac,12316.0,2024-04-25
1f310e8cf5934605f4c9ab0ab9def026,3734.0,2024-04-29
1f330f70a9007f33a3825a45f66e35a4,4780.0,2024-04-28
1f33faa2815ba696955a8bca6e2287cd,10668.0,2024-04-27
1f35439fbf51c684762b9ca96bbf1090,5268.0,2024-04-26
1f398920d148231f9b096ad757956824,6728.0,2024-04-29
1f3bf4253e942da580559ca92eed0b59,3018.0,2024-04-25
1f3c4c6b15ad404437337606a7365329,3038.0,2024-04-27
1f3c7d2f19fa1eb119dfb724aefef817,4393.0,2024-04-28
1f3ea1b6e88687b67ec73888f4c562b6,9696.0,2024-04-23
1f4a7931b910e0ff52aff6a8d41e5cd3,12865.0,2024-04-29
1f4aff91a54724cdb0e6ce7de486e719,6938.0,2024-04-25
1f4b7f49e2fa60a69edf08ae831059db,10591.0,2024-04-24
1f4ba104d7e64191c93b5fa1c555419e,3729.0,2024-04-24
1f4bdabdd68987fcbd343faf60630643,3928.0,2024-04-27
1f4f0191dab0cbb7aa52907387f50f89,4935.0,2024-04-24
1f4f5628f84dc8ab38c1bf0ae1fbf09f,7287.0,2024-04-25
1f51b8d5619217e96e37849695cbbc42,7110.0,2024-04-25
1f529a0c06684eb87cc1605a75ab05a0,1992.0,2024-04-27
1f633abbfe190da30072d16531ca8791,4687.0,2024-04-28
1f672f6f3c362d0bbbc33b3cbf12e058,3289.0,2024-04-25
1f68e7973c3e40a3a34a1b950299c94a,5697.0,2024-04-25
1f6a0c588193816aeed54e113afd0619,7386.0,2024-04-24
1f6cfa519cb968089db7afdd24c6341e,3003.0,2024-04-29
1f6f7df2a03110487cb97d99862b23f1,3807.0,2024-04-23
1f78785921ef25968f4a9cdb7285fdd6,9109.0,2024-04-28
1f7a8a83ebeb1bde57ea1e2740579046,4797.0,2024-04-23
1f86894aa738113e71c242fd6f64096c,4378.0,2024-04-25
1f8756149f8b7d3608f8452417130dc2,2999.0,2024-04-29
1f89dbc403bd200e12ef5ef7907121f3,3669.0,2024-04-27
1f8ec68aea7479a3ef6496717dcfb4e5,7633.0,2024-04-27
1f9534639413a4c37d44f89fce9e8271,2892.0,2024-04-23
1f9680306988e4ee596dd606787d6e9e,12794.0,2024-04-24
1f971bc2d7ba2cfecd205e0465d89d41,8575.0,2024-04-26
1f9aca34052b24cff631204fb21cd536,3632.0,2024-04-27
1fa0000b68b01aec9e7336adcffe6559,5678.0,2024-04-26
1fa94b411c386db41b9da4617e42675c,3752.0,2024-04-24
1fab080231a778aa14348e41478da09e,5314.0,2024-04-28
1fac7ffd6d6a71ebcaa951ee33ea653c,3773.0,2024-04-29
1fb2322b6c667e3d2d195ec0100c902e,5174.0,2024-04-26
1fba3f001bdf081ccf9f46f9b6faa102,7762.0,2024-04-23
1fbc1d8a3eedc510367196781317a23a,8301.0,2024-04-24
1fbe7000284f82ae9b5173b6eb0e24c6,6472.0,2024-04-28
1fbf2245cf1f19444c035d629b7968d2,6230.0,2024-04-27
1fc297194642bd9228aee0760bd394b5,9007.0,2024-04-28
1fc2e5ff137a6bd4fdaf24c0198d780f,4391.0,2024-04-29
1fc6e715d628314eca1f061447dcc7f0,4716.0,2024-04-26
1fd393559b5fffef2c41833708e1214e,3581.0,2024-04-26
1fd599740408b07bead8d2ab5a43bdbe,7938.0,2024-04-29
1fd868cde5905158c8594b9d186d076f,7415.0,2024-04-29
1fdfca79eff9cbec9ba1e826cb436901,5446.0,2024-04-29
1fed3556387e949472e54d47768b7c4b,4482.0,2024-04-29
1fed4ab2edde849f57514116c77935b4,7848.0,2024-04-27
1ff2ae8282f0cb7d3ca8cd22d1d04555,7787.0,2024-04-26
1ff7456410e0ea88d74eff60ab63be48,5387.0,2024-04-29
1ffb0db4f941322d305372b064381d74,8349.0,2024-04-24
1ffc8e16417274d044cf7e32d926b4f0,9318.0,2024-04-25
1ffd45bfda4b528f3d98129ed944c423,4299.0,2024-04-24
1ffe9742d398a70c1bec7cc5aee3ff38,2509.0,2024-04-23
200102aa653cacb065318dbdf686569e,3264.0,2024-04-25
20023107676085c2b2a09d9d4506cf22,2908.0,2024-04-27
20041e438200306aa25474298d013a1e,2553.0,2024-04-27
20050edd2fd3e7ab8db02c21f872c40e,6096.0,2024-04-24
20055229e910c2cb69f8618ef1ad0a36,8177.0,2024-04-23
20081461890e3d45707456e0d5d9d0ad,2231.0,2024-04-24
200b0ca658ff82e33b11a92926602a81,4733.0,2024-04-24
200cc073bfb495c995fa72292f91f71b,2039.0,2024-04-23
200d3e8356685e877b293a2ab5d9368c,5434.0,2024-04-23
200dcdf327a52c6bc79aebe08137fc87,4029.0,2024-04-27
200e16e3506a572ab9d1db1b4921308a,5845.0,2024-04-23
20103c63d7172301457dfba0a9e9983b,1801.0,2024-04-23
2011a3f81edbe42409d1befce49c6efe,10025.0,2024-04-27
201a189698c6602de5dfc1ff6c42fdf2,1735.0,2024-04-24
201a42365c11853257bd24cd0927c010,4987.0,2024-04-26
201f4851c98571dc73f3b7b676b3764d,6709.0,2024-04-26
2020a960e2ec25cc2a790687c9af86a2,2649.0,2024-04-28
2022cb4602c671bb1f1325f9f71be0fc,6089.0,2024-04-25
202c7a8fec7c56b5b75025fde980532b,4158.0,2024-04-26
202c909ffd69ce27521e493688dbe98f,4310.0,2024-04-24
202cdb04c611df0e64ef985d154729b0,3037.0,2024-04-26
202f6af2f25f60f65207a2253ea5f02d,5001.0,2024-04-25
2039f39b318fc0654473c00af7de5a36,10181.0,2024-04-25
2046f266ea704f207fd960c17e8168f3,4783.0,2024-04-27
204706c159dce3b1f41b0cb6bda68f19,11065.0,2024-04-28
2048bc7cd110433ce51742dcbf05cf0e,6011.0,2024-04-29
204d1fbf822789cb9b4b251f4c0ceaeb,2009.0,2024-04-28
20535e2c0da25b66b366af50f4e2bacc,6275.0,2024-04-23
2053e717f6d883cf256223cc5b633c5e,2896.0,2024-04-28
20573914d79ede6631449d5e16e97fb9,2146.0,2024-04-23
205d8b4bd0f0dc0628c8cb1b6b3e556f,7425.0,2024-04-25
205e5b960afc6b01a1c30aa6eca9a85b,2402.0,2024-04-29
206581afe85aedaef56811669c3c0fe7,5859.0,2024-04-27
20681ea7684ce627721e00f39328d429,3163.0,2024-04-29
20704f9f41893a3e1bab66796f203d57,3519.0,2024-04-28
2070ff858e4a9ade1cb1247da6e764ac,11863.0,2024-04-27
207194c4c176b402a1a538c8d01192e7,2969.0,2024-04-24
20731622b94a1ddfe6bec152eb8e1288,7931.0,2024-04-24
207bb89b36c77d7732aa192c3d7d607a,3769.0,2024-04-27
207bd57038907eeed43c17b4eab2529e,4079.0,2024-04-28
20800e0ee97807bfe83bdfce4d098adc,4633.0,2024-04-27
208583accc6b7ecccfbc76a22ba711ed,4363.0,2024-04-29
2085f9bc36e89ccc8b4f021a302e95af,9201.0,2024-04-23
208d6ade4d4c39115027e9f0adae50dc,7615.0,2024-04-29
208e69b12f8c3fb00384cb36db44fb8c,2349.0,2024-04-25
20956970765b442dc0b7f94a62407b46,4803.0,2024-04-28
209ad5c1472e86f772dd63dea376cb34,5239.0,2024-04-28
209c04f08dce56db1307ce855ff16eda,6528.0,2024-04-23
20a15464132f59fb5e321188b2019982,10820.0,2024-04-28
20a38648c8f6384c017821b6a5727ab2,4964.0,2024-04-28
20aa36117acb424f72302dd4e9816750,3970.0,2024-04-24
20ad561dc315c477976a92dc552c2544,2225.0,2024-04-27
20b082c43c6c1aee1893cff73b683e05,6702.0,2024-04-29
20b6e10bd6f595bd3ab5cea90f6dcd51,3092.0,2024-04-23
20becc8f74d25c5b358b3e9f5b16a08c,5158.0,2024-04-29
20c0f21b7c9d3782dda1cef598a799e2,1886.0,2024-04-28
20c63a6c1b7d3ca897c717d111c2551f,5526.0,2024-04-24
20c70ec66ca974d9ae13d7505ec7774a,2441.0,2024-04-26
20c7e06cda4c9b29e3bda9f79c12d88a,11824.0,2024-04-24
20ca65453dbebcf942e49d79481266a3,2370.0,2024-04-24
20d20a2b38f2326c597ef84c705e453a,5234.0,2024-04-27
20e6a20440535bac623adfea9c25eb21,4010.0,2024-04-25
20efdb534d0a9ac7163e3512a75a5d8d,4881.0,2024-04-28
20f81402e73a2b27ce9e810a85149f5d,4692.0,2024-04-23
20f82170475f12fec445911a2eca63d5,9417.0,2024-04-23
20fc39e6bf7000a74933ec5b16ee35f7,3286.0,2024-04-27
20fd8c5d68800b9916aa780c555b97dc,4389.0,2024-04-25
20fef09cdd019bcba1fa3f49f7cc1565,2625.0,2024-04-27
21000fc6c8fad3fbe867efc413563c45,7308.0,2024-04-28
210b1331eed2acbee63e5fa99379d1ea,6941.0,2024-04-26
210c097166c0e7d29a6fcc2d42f9ae12,3900.0,2024-04-25
2110f545725602be468959f18143ccc6,3298.0,2024-04-28
2111775c5e2ef6d9acc710950116426d,3046.0,2024-04-28
2111a391cf3488bfc3a7e91f5990ed4a,7037.0,2024-04-26
2118b952b68955ab1b8c4c2c793f4dd2,5927.0,2024-04-24
211be723125009d9f45e6c1d84a3c1ef,3054.0,2024-04-23
211e8ed5338f5dbf7b968dbc748a9670,8805.0,2024-04-23
21200a4dde50a2930089d5d3892ebfef,5083.0,2024-04-24
212156a8e123eaac2bd285d3d39147fa,4483.0,2024-04-24
2125530479aeab405cdef81cbd4059a9,5927.0,2024-04-23
212a01fc95e436fcaf94bfb15625cab9,5389.0,2024-04-26
21307c219e746a853bda4317f04654f1,2679.0,2024-04-25
213234681b2006af7f0def3da2b3622b,11376.0,2024-04-29
213faff8aa9a63abe0303a3bb1713b74,6780.0,2024-04-25
2140c4c266145d6e316260bf64c6ed02,3001.0,2024-04-23
21413816da0fcd6b175db986da167550,3327.0,2024-04-29
214232056bf35b2ae763895f6b6f458b,6728.0,2024-04-28
214429965aabb2156c445a934160c3b6,9526.0,2024-04-27
2144a114a72bba8668056ebf796ffd09,2551.0,2024-04-29
2146c9f39cec37a92135ec62fc6091b6,3041.0,2024-04-24
2149d0971dbb65a3a4dcf0c71b918425,7040.0,2024-04-27
214ba499c627cc5690f0238a037c4529,5291.0,2024-04-23
214c474395976e67081d27e8de4e0229,4900.0,2024-04-29
215407a63ed3e1780a3adcfc52435e11,4227.0,2024-04-26
2154bb8dba64ab6d35f7047dd019543b,3817.0,2024-04-25
215b025ff37323f149e96ba53d6335dc,4632.0,2024-04-23
215b0e02fb0eb583da10801498f5fb1d,3407.0,2024-04-23
215f3ceb29c4784fee26d73d142c6f9a,3793.0,2024-04-27
215fabbfea88d10ee0ff41d1f58317b0,3563.0,2024-04-23
2162c4d52f662d61ee7b85a1f663b94b,2671.0,2024-04-24
216469ddf457276f94d9e1d48bd5379f,5186.0,2024-04-27
216623a901b9b35cd12c87dc8dca31be,10043.0,2024-04-29
2167f0cee5924db2b26333515e629b3c,3804.0,2024-04-27
216a5b563e33283f05588fa90c2bf404,6296.0,2024-04-29
216b73ed286413c17da5b7baea29304a,3796.0,2024-04-24
216e9cf3d0817f4a6bf65ed78057c0f0,4166.0,2024-04-27
216fa254d5fe02b2f925c45cc1bc86ec,4344.0,2024-04-24
2171ca4d704aaefbe917bf8dde4d3046,7265.0,2024-04-29
2172faa587c2c5dbd033d73722e5c17e,6442.0,2024-04-27
21750f90ddd2c6b85fd86dac51f02ff1,3167.0,2024-04-27
217ebb9afc4d52d19da80b5468afce09,4592.0,2024-04-23
217ee2701caa94300299f71a21b68940,5544.0,2024-04-26
21801da467dc1e9cee092e073724cb71,3943.0,2024-04-25
218122df7ff7403e1c72a0b429b06b1b,5674.0,2024-04-27
2182a6b098a543d8ccb50d1016a76957,1420.0,2024-04-27
2188c2743b9b988fff07964d72244b87,1864.0,2024-04-28
218ee6258d6dc08c146d9d638714f9b1,4776.0,2024-04-24
219059af5aa1cda7638898b5e5391704,5221.0,2024-04-29
2192fb85f5f4d1c237f222d2c3dbe0ff,4491.0,2024-04-26
219337fbb24bfac853ec6c8bb1e43641,5765.0,2024-04-26
2194df7be4af815a23a2c4ede2c9b2d8,2341.0,2024-04-23
21957533d9baf20a619a27aa97a42693,3592.0,2024-04-29
21989fbec7e310ded660a342e328e168,2232.0,2024-04-23
219b98c086845aa31348bf202661f4c4,6587.0,2024-04-24
21a4044228541c39d63d541069fa7482,5457.0,2024-04-28
21a883d17b3a526a607d6009ec8bec70,2446.0,2024-04-23
21ad7cea376aecee917499af7affcc02,3967.0,2024-04-28
21b26dd76ce03efc54cc201631f2560b,3990.0,2024-04-28
21b283a25c6aeee99836551b3b81f27f,12139.0,2024-04-27
21b79a5a1c0dc592deedb352d57ac98f,4362.0,2024-04-26
21bb690d5cbf953c536de08dda49833c,2735.0,2024-04-24
21c3956eb742588b463181b2183f59ad,3389.0,2024-04-28
21c6be70229ea05502759aeb6aa7da48,5306.0,2024-04-29
21ceedb2f5c5e70ff3f3b5c14a618540,6293.0,2024-04-27
21d626db7741021e24b53ec0b7863f9d,3055.0,2024-04-23
21d64d05c49cee02c6d0d71c70ceabb0,2647.0,2024-04-29
21d81affdfba6a3f8217cca459eacb0a,4196.0,2024-04-28
21df1d62e75630aac9c0b73a3ed97d01,2703.0,2024-04-29
21e596d33be43f8197eb6d2e03108383,3421.0,2024-04-25
21e6600d884aac2f39959aface89cea8,6399.0,2024-04-29
21ee008bd8fe4f9b0279fd86e391fb27,11087.0,2024-04-23
21ee46971bb7e83a888d5507228e7f4f,4009.0,2024-04-26
21f014eace34df700e64c94893f25f47,4833.0,2024-04-28
21f37b51e11fbdbe332e1dfce6953c3b,8375.0,2024-04-28
21f5d8153a1dc86c9e6c749de5f321bf,6806.0,2024-04-24
21f8474e93c53d82f340ebf9a1d9556e,6702.0,2024-04-27
21fc06393115745b30149e2fbe9d8a02,3045.0,2024-04-29
21fe848ad8da515800769d135cfb1cf7,13136.0,2024-04-27
220972b1aa027579b91f7fec531996ee,4125.0,2024-04-25
220b35810a4d7d8cc545a7490177f223,6620.0,2024-04-25
221012e990f6ea322c88f6cb2348f713,5205.0,2024-04-25
22177ad554c1ea2604cfd4f352aba4eb,4601.0,2024-04-23
221f767bc44f575789e902cc6706b3f9,4719.0,2024-04-29
2229e4562796c0598c4195f85130074f,7849.0,2024-04-27
2230cd30bed803a5e44ea8c4736fa4f1,6078.0,2024-04-24
2231d048b7ba05b0af4f58678418dd97,7830.0,2024-04-25
22322f6bc2921a0873bafda044e3be77,7656.0,2024-04-24
2232be820cafedf31b8a4e4ead83119a,5403.0,2024-04-24
2237d7759d6c6e3cb193c8da8cd0b9f1,3476.0,2024-04-27
2238aa1638a48383f0fb71403a42f3cb,1127.0,2024-04-25
223ac082a5c67c61070000da3ea09569,4737.0,2024-04-29
223c01781ed2efb4306583a26443f63b,5172.0,2024-04-29
2240e4fc56f1787852ca9f81c6e13f34,8020.0,2024-04-26
22482df8fd61ec9f454545821825a001,3704.0,2024-04-27
224e22458b9b8079b0b447b82e594e06,2251.0,2024-04-28
225111f0ff73988a57777f54c65eee2b,4616.0,2024-04-24
225194cea9f35d447637c3d5fe0a30e1,9648.0,2024-04-26
2256474910a64922168b4d1a6c4a4d6f,7255.0,2024-04-23
225751ce1e60bcb56d926db90c1c85cf,6109.0,2024-04-23
22578df4c145fe89a852fc7c870aa204,6871.0,2024-04-27
225a67a7770988e3a934739556b741c8,4192.0,2024-04-23
225ae059b3e0bdbcaabe31b34aad124a,4355.0,2024-04-23
225c3e5086a623970a935cc907bb765d,4893.0,2024-04-29
225d6cfa11e1965f65b766160a4fc7b5,6142.0,2024-04-28
225fd48e49ac9d2dc844c8ac448cb87c,2002.0,2024-04-23
226103c0c8e6972b0913135e16fd650c,7374.0,2024-04-27
2263d37d579740ec81f9cf06b86b547e,3033.0,2024-04-26
22641ef8aa0e7ec257b1ff39e68f081d,5973.0,2024-04-25
2266d683ad3846d93955dc7f47abe4a0,6374.0,2024-04-28
226923e3d5743359f32aaeaa768da204,5363.0,2024-04-28
22699bd053b1674f04e86ecce5bbb34a,7287.0,2024-04-25
2274dbf2afcc7ab2b37696d0f3ba84eb,10928.0,2024-04-28
227687da0e4dd510fea79ff8339b55fd,5299.0,2024-04-25
227a52951995d9819edc03244c0f1b4a,11822.0,2024-04-25
2280865ec3da1e9ff51da8a77d18ae80,7808.0,2024-04-28
228604b952b09a9c9d9202f1e1763b72,9123.0,2024-04-23
228a572accc9d53f8f4aa8ac1fc9c470,2149.0,2024-04-28
228bcb7948636052046cc56a3001f5de,5312.0,2024-04-27
229104c28d8f0b7545142f6679134ca6,9574.0,2024-04-24
22930c55480c431abfeeedb5563e8755,6104.0,2024-04-26
22935d235d72840f55893f2025888275,8678.0,2024-04-29
2294fe2f5b812de1e5fe6edb2fdda5b1,3480.0,2024-04-26
22a97c11a5788519a20873144bc5be22,1986.0,2024-04-23
22a9c15757b1bb62726669bf8bca30d5,2751.0,2024-04-28
22aa1c404c69195a5f9382aec5a37c27,8879.0,2024-04-24
22aaba5b99ab55d0dff74c4d182736f7,9965.0,2024-04-27
22ae5b736a1c73f9f45a6f0a1b6e417b,4101.0,2024-04-28
22b3b43b5628a6a0d5ea0f976437925c,9704.0,2024-04-27
22b3cb7eab5b227cbfb8e8570ab835a6,8789.0,2024-04-25
22b402141a44a245329e6e63c29a8172,13815.0,2024-04-26
22b4e30ac89e4fd823108acb100764c6,5587.0,2024-04-23
22bae939a0bdf3d890a24fe7d24b7fc6,3314.0,2024-04-28
22be556becd3d510fbd00bbdb765b571,4553.0,2024-04-23
22c1e590bfb74b63757d24ff3a82c60a,6906.0,2024-04-25
22c7e2aa6315e2b17fdec5037d40a17a,3609.0,2024-04-25
22ceff1ccff906b28d3a8792c2b6ed11,1517.0,2024-04-26
22e1b5d4fc9e8dc5e4ba30457d8d9b2b,7261.0,2024-04-26
22e35e786ef0b2bca89254ca4a75bb71,5906.0,2024-04-24
22e5a4be8f6a2e4802a54ef2dd3cf13c,5777.0,2024-04-27
22e5ebc01371cbb207b32117febc3a6f,8321.0,2024-04-24
22ebb0437c4bb0a9cdbd2afd716bdf38,7642.0,2024-04-26
22f25d2b4443131ad1262b78f7155637,5401.0,2024-04-23
22f6c5f3120637d9353347d2aab0d3f9,5248.0,2024-04-24
22f834713989674de0d73c25ef385e21,6590.0,2024-04-24
22fa078f18f85a0011a68f9fc1f48d7e,1725.0,2024-04-25
22fe8b1551e9cd00fee59d4c39f5f567,12557.0,2024-04-29
22ff67748c2ff0cfb67f410dec8a8ed4,3857.0,2024-04-24
23006327cb455da185e49a8466ebe183,2220.0,2024-04-23
2306b13c9fff4e10c30f7fab766f2ecd,7616.0,2024-04-23
2307600e39863fbd89d037a0ccb4ea6b,3039.0,2024-04-28
2307b8854b57e84db06a89c8408705c5,4020.0,2024-04-26
230a814029bf1c59d898dc888f2777c6,7512.0,2024-04-24
230c3776793003255a47ae79257a1224,2719.0,2024-04-29
230f7068a1eef92748cfbc3434615a1c,4358.0,2024-04-25
2311b3bf2c4a91ee36140657f16fa814,3541.0,2024-04-28
231b01a4b17b0e26865b1a6d62851e83,3856.0,2024-04-27
23217d6aa31355aed2b674097392570c,8822.0,2024-04-23
233023a13c95cc7d561d3956aaa13c90,6222.0,2024-04-25
233488a977a00217c134c196e7909ea9,9268.0,2024-04-23
2338b8018b1005b5840ac63cf186de95,471.0,2024-04-25
2339756d009a5d285f414c9927fe39e5,5608.0,2024-04-23
233d8a5b216a28c95f70e85760a2363f,10554.0,2024-04-27
234477b6038d9f2cedb319694832b080,6226.0,2024-04-29
2347de8241e1b3a1f586774d71bf0943,4018.0,2024-04-25
234862c3721d1c83fe76842695ae424e,10527.0,2024-04-23
234bb94b2f0dec5442feb2877be2570d,5445.0,2024-04-28
234cccd56b7148d2b1f2cf766c3bfaf5,6768.0,2024-04-24
2350921486c3429d18ff9b955c234cdf,3239.0,2024-04-26
23509a95bf6e932cca999dd018503f3f,9260.0,2024-04-27
2354be9ae79d923c9f7643172836f613,3005.0,2024-04-26
235692e1a97b1fa2c92b865992286cc8,2086.0,2024-04-28
2356fb0d99047958579e5e108ab635e5,6295.0,2024-04-29
235b20c724cdc97115136f27cdddd7e0,4077.0,2024-04-29
235d49c604b6225c753963475f54912b,2999.0,2024-04-23
235fe8386607bb25be52970d716eaa93,8656.0,2024-04-27
2369ab4edd944a1efd86e103c216a8e5,4012.0,2024-04-27
2369e8e66037e32db6d0c7ec9ce7c0c9,1488.0,2024-04-26
236c461c963c9123f7e517a86d72910a,6158.0,2024-04-25
236d6000cf40fedac261221955a3622b,3079.0,2024-04-29
2373b15859be113425b2924cfe4bf940,4196.0,2024-04-27
2379ca236b2392e3962f0be7050bfc55,4919.0,2024-04-25
2380f523a26f90dd91f8f7710889964a,2537.0,2024-04-23
23830b53bfb2c5550b1098840c1eceee,3544.0,2024-04-25
23870a59e963e848170f022775cab964,1814.0,2024-04-25
238d9905d1aa8c0db2369825eb34b074,2483.0,2024-04-23
238e75e61374bdc0c6c643d1b1d9fbe4,3706.0,2024-04-28
238f6d1017b873e98af67888073f533f,4084.0,2024-04-25
2390c2f0b97df27bb978e6258cdbd285,2437.0,2024-04-24
239228dd66661c162c6de95684c816a8,10372.0,2024-04-28
23939ad719bc40d180c03957911501d7,5434.0,2024-04-25
2394a966b4f4f29cb1cbcadedb15c63c,5105.0,2024-04-27
23970f745a5822120767a689f327faf7,2834.0,2024-04-23
239a94604aa64e2133f86e4cca039f50,10499.0,2024-04-29
239b4677a2de072b3a7992d875774196,7965.0,2024-04-29
23a3d575fce064e5e39cf8618ae9ce89,5792.0,2024-04-26
23a54f30f2257f434ee352ee6d1aeea0,4516.0,2024-04-24
23a56f1b18774b15f82dd691bd3ea9c9,5968.0,2024-04-28
23a9845edfbfb72204a98d8d695d0e18,3350.0,2024-04-29
23abad994ea6e9fe51f3da63ae16574a,9546.0,2024-04-25
23abf418cab40514eeca5de29acc0ee6,4534.0,2024-04-24
23ac94df23b5c901c8590a1b4b33aa0f,7000.0,2024-04-25
23af96b5b4a2724ec162e7afc1bae7f0,8289.0,2024-04-29
23b273cf1c08711b9ec5236b8aeaf79b,3532.0,2024-04-23
23bde2389b07eed77bb82f527210c002,3372.0,2024-04-28
23c1b09c2f096a1da6d08e18dd436a89,6089.0,2024-04-27
23c1d303d619e8f66ff93d824e115a8a,5630.0,2024-04-28
23c44db4a8d83bc7678dbb2e0000fb74,7459.0,2024-04-26
23c498bb41a1dee57e238e1528463b28,3095.0,2024-04-25
23c51eb8e6b19bcc7203facebc520599,4996.0,2024-04-26
23c5c04f6e03e70016993c55446e9964,3956.0,2024-04-23
23c84515478c77eca9c0cf553448093f,5997.0,2024-04-29
23cc5f63f395f7e8cf4a66c247d5e857,7100.0,2024-04-24
23d3fef48f216ed6af992d34f4aaf66a,3124.0,2024-04-23
23d6a88d73f3b77bdd705ea06bb1cdae,11423.0,2024-04-26
23e10031653b3f0eaf07e26657dcf513,779.0,2024-04-29
23e1faf65263003b4a830fe4565380c4,3016.0,2024-04-26
23e7e3f7176a87af0443b14b12c802dd,11180.0,2024-04-24
23e88966f41b731ad2eaeca47421d925,6356.0,2024-04-26
23e916c5268667fb888683dd731edf08,2823.0,2024-04-28
23ed62a243ea6866b85daff442061ee2,1197.0,2024-04-27
23f6ac6f206d8e02861b72b71acfc944,4964.0,2024-04-27
23f6e22e70ee6d2282c68a316bb74e50,6047.0,2024-04-24
23fdd9fbe206988428ec936c5af320b0,4025.0,2024-04-29
24015bf0f2e1c74260e3dc33fd5019ca,9355.0,2024-04-23
24024a1b69ea02c7272e27269ca3ed26,1361.0,2024-04-25
2404cb6f7319d621f515cdad62c4b31d,5789.0,2024-04-24
24073bb6bffd1a27c29751404f416952,7379.0,2024-04-28
240984f1f06305a2ddd64fedaaaf6fb5,5902.0,2024-04-26
24140d1bc09768b9678859a66431d0de,7289.0,2024-04-27
241699c15c19fc1e591f7286e43f2d82,3114.0,2024-04-29
241778b6408e84c7b028b8cb2d90b096,2598.0,2024-04-26
241a3e6ff46373d44b6c79443e69ae1b,4846.0,2024-04-25
24216da7e042ee80750fbfa950a27ddd,3955.0,2024-04-27
24299ad2badaa1b1e82ebe424b1ba289,3977.0,2024-04-24
242c4b2acaae27b4fcef65df594fe883,6176.0,2024-04-26
242f28248b2db3294b59a25ea0b83c7e,2166.0,2024-04-24
2431d598477a0a3864f6461484a592af,3701.0,2024-04-23
24358ab73edc25a0b580ed83b4ee37b9,4998.0,2024-04-29
24394ad7542084a6500174864af9ee62,5929.0,2024-04-24
243a17ce38d3a6449c2ffee865922506,5991.0,2024-04-28
243ae74b849555fc573839e868675c64,4474.0,2024-04-24
243b72e5ee230ebd612b7869a1590c1b,1040.0,2024-04-28
243c5bd747ce44f4fb3cd09621a21d9b,7539.0,2024-04-27
244844b2a3ee7948c64952f5539a12bb,8096.0,2024-04-23
24548d281fe7e91c0452e133b8289994,4219.0,2024-04-29
2458e42129fb84cd41e0d8fd9954898c,7745.0,2024-04-23
245931e433d5cca91341b9d06b1b3696,2504.0,2024-04-27
245a9f5df201f2974f7fa7a4af8ba742,9596.0,2024-04-23
245ccfefa787dd5e2c967d6ae062caf6,9291.0,2024-04-25
245d7a54f81e2690c93698de8573c76e,1516.0,2024-04-24
24610356347a24d0daab3ccbd18177d5,5261.0,2024-04-26
24631dfe7229ad7240e8da3daa2e8378,2050.0,2024-04-23
2463425efdbea7d10bd726fbc5725d80,6645.0,2024-04-24
2465b483a8ec609691274956297adbe9,2267.0,2024-04-26
24672e60f2302149a4a4438785e1f12d,7234.0,2024-04-29
246f4e67fe6addd51ff28000fbc4f831,4290.0,2024-04-24
24760e15b928dff70dca76bb763ad02f,6480.0,2024-04-25
2479f6694bdd7bca22c0d1c8a4a2ba5f,4914.0,2024-04-27
247e52613615e5a253ef291f04c66c19,3878.0,2024-04-27
2483bd63e059048c329bc85dfb9efd03,7752.0,2024-04-29
24841742014e6add3bb31f10e281b157,5108.0,2024-04-27
248c10bf8f6fc216eb52b81dfe583118,6464.0,2024-04-27
24936344aff90442c91cc7b4d6c9babc,1723.0,2024-04-26
2495279bf6a8e8084a156bffeb006551,3886.0,2024-04-26
249840724fc009304cffb52300ad71ed,6965.0,2024-04-24
249b145e3ab381b38cb0092640282987,8480.0,2024-04-28
249edaee3df223718fa1aecfd18c2e3d,1660.0,2024-04-29
24a059adc4e40373ff20b3e7da85d799,3476.0,2024-04-26
24a299e9cfaa3f6f8984b49959a01b6f,3216.0,2024-04-29
24a55551482f1ac3cd1b1ae935bb7160,7779.0,2024-04-24
24a85e10d486f97d751676ff6dd5b447,2942.0,2024-04-25
24a88c620db7f14893d4a7e9cd1e8141,4651.0,2024-04-23
24aaf79d089e273959bf3f19d155e3b1,5176.0,2024-04-28
24acd9f70d8731118ed2c9f79b6b6d0a,10425.0,2024-04-23
24af1543a4b9c9ef3054050a0dc9c60a,2697.0,2024-04-23
24b48943b502d8d6549c8c5a88b7d25d,4112.0,2024-04-28
24b80dad2961cec6046adc44e51cc575,5664.0,2024-04-23
24b827b787981ffa98112b827f6973e9,4130.0,2024-04-29
24bd3a0f9300ec4fb4cd42889ccd3418,10229.0,2024-04-29
24c0b2f62dd9a227b1109e41eb390c6c,1985.0,2024-04-24
24c17fc356479009be9adbc2a4316fc5,3196.0,2024-04-29
24ccff986912fe5f734cb08818e51fbb,12398.0,2024-04-23
24d0051d80d5ddc278600b422f49f309,7195.0,2024-04-23
24d2d21f3aefb2f96f9f9838a0c5c3a1,8153.0,2024-04-24
24d2e85cfa318bff23c0b48be9f7024f,11777.0,2024-04-25
24d7957daaad35a0d62d1631ad6ca9c3,7052.0,2024-04-23
24e3c4138c61afc6beaa1f4e17eba663,3566.0,2024-04-23
24e515847de76ea02a71df991f13c426,7873.0,2024-04-26
24e559d9a5ee15eae17fb763b8386a41,5961.0,2024-04-23
24e793702a679722eb2b394ed1f8b2d1,6788.0,2024-04-24
24f35a6bd9c7543ade8693e1bd513642,4755.0,2024-04-28
24f37bfb75e142b318ddecb846e42456,4351.0,2024-04-26
24f3c4de84d72fbc33272c222b58b90c,4908.0,2024-04-29
24f43f39ca9cae713fb6b76477e54414,9824.0,2024-04-24
24f45c19b3e5f1558b45e16f86ad663b,526.0,2024-04-28
24f55112590f9f35e925cc0618d56e31,3947.0,2024-04-23
24fb086bf3c0fe5df7d262177cc098f7,7921.0,2024-04-28
24fe28e6b21f882f93e7c3d1653830ac,3525.0,2024-04-25
2505ae66b78247e3063513472e3271b0,6681.0,2024-04-26
2505c4c11b5d06a17cb4559ee6fbbf9d,4145.0,2024-04-26
25075fa2e5381013e152bd4d3968fefc,3720.0,2024-04-23
250c063df3ebddab751f721ddcfd9912,6301.0,2024-04-25
2510e06307dea266b27a247dbfc4a8ff,7516.0,2024-04-26
2513af21b88b937de9ceb0c34d88a9a0,9437.0,2024-04-23
2517d92b3ce38146b1d603c510bc3f45,5661.0,2024-04-27
2519dba42a36ec0b701cdb52ca45cefd,5218.0,2024-04-24
251a9f66f139d27371860f9a189aec57,3772.0,2024-04-27
251bc44c0f5cd6da4994c6ae6962a493,2165.0,2024-04-28
251c77ca303422446dfe94cd2abeceda,9451.0,2024-04-28
251ce922bacc615774c15d396f391952,3860.0,2024-04-27
251d58f29d0d89c74ff811fca7c2a871,5449.0,2024-04-28
251de47f6042dc0480103df639974b74,4928.0,2024-04-25
251e0cfebad3a6d5a2189538381f0218,7074.0,2024-04-25
251e73310fe7ce999549ac7b294be7af,2892.0,2024-04-27
251fbe8288df7e660ed695c8703674fd,4636.0,2024-04-24
25202d2bacb10e7102f2e3806bc2f5a1,7115.0,2024-04-24
2524054d7502c0e093a30807dab7005d,2152.0,2024-04-23
2525f0e19cdc70f8fdbb72fbceb2f59e,4243.0,2024-04-24
25275042382f2fc335df6f34ce230897,6379.0,2024-04-27
25286a928deaebfff4abb927b15cb80f,760.0,2024-04-29
252b70502253e6d3b6156a5a9de97de9,7760.0,2024-04-26
252c0761cf3a4d87b3c75f08c6d1759b,4593.0,2024-04-23
252dac536a9ab26a753739b13ba06cc9,9681.0,2024-04-23
252e85c4ac57f506940f4e25a2090ea9,1805.0,2024-04-25
252f2723c04d43e1c124a0cb2e323ecc,4656.0,2024-04-28
253418129acfb3c4f64fab312bd3a46d,8377.0,2024-04-25
25342ab0604f15e856ef6ecc8ceb28f6,6624.0,2024-04-28
25394b1c7d3ea49e000e5d113846c650,2407.0,2024-04-27
2539e500c705c9a8397396eede9010ac,1581.0,2024-04-26
253a38964ea91759be52c3998229b675,6053.0,2024-04-28
253c0f13891007ca9a13846de08dd6f4,4329.0,2024-04-26
253c629a09d0aad38c4acbcebfd4603a,10411.0,2024-04-24
2540465a8132b9662008eb69842466f3,3706.0,2024-04-27
2543c1825ac9d7cca5cb79e576dbdbe5,5398.0,2024-04-24
25478672942dfbc93c0ac4a0bc59d9f9,4313.0,2024-04-26
25488adc488a9501e2bfa3fc66f3b662,5252.0,2024-04-29
254bf0f1689d247a3a188c4dafbd9ee2,2740.0,2024-04-26
254f3bc4c325eddf15cea96e0a6a4ae6,2421.0,2024-04-23
25508feffaa40a39801852fe34f6d91d,4208.0,2024-04-27
255205bd3eafa4de960937c5a2b8a78c,1815.0,2024-04-25
25538bd11580d6e6d9666174080307e2,6258.0,2024-04-28
255645a5970807fc6a6c21a033119603,4088.0,2024-04-29
2556f4f66f0604f9a515ca11549677b4,3713.0,2024-04-29
25586b52a0ddbd3d815893d7e9efcf19,4417.0,2024-04-24
2558c8468acbec9236376e5bb7784ebf,1672.0,2024-04-26
2559a4aa27520b9363e2adee4c9ad6c5,13896.0,2024-04-24
255e4439a707c9478a86cb2c175ff78a,4971.0,2024-04-27
255f49a6d27937e9633639e2a46b9827,5285.0,2024-04-25
255fa35c436519501585ce7e0d035553,5866.0,2024-04-27
25667645c27731c3e964c327a3c2c714,2213.0,2024-04-25
2566fb6bb6cfd90824a148f97841fb6b,1923.0,2024-04-26
25678975b219300fe7d9d09b8483d72c,3199.0,2024-04-25
2567e99be00fb33f3010f6b8a6821d27,4423.0,2024-04-28
2568071387d40e350d761bf3bef38c19,5800.0,2024-04-27
2569b36dbae1fc15c125734a51c360a8,3104.0,2024-04-24
256c4cdc303a0c92423b6a3a3e8d46fa,7985.0,2024-04-24
256dcbf128b61a9f5a04ad19b2ef6cb4,10074.0,2024-04-24
256f7a4b234b961b0f7d354ba8ddc1fe,5053.0,2024-04-28
25712c8b75e9917bc363137aa00c35d1,10138.0,2024-04-23
257658e36237222196c1a36c8582fc8e,6409.0,2024-04-24
2576c867b795fec0940046bbd60949e4,2086.0,2024-04-24
257d61e9c03c1ab032270c75f490c7e9,2804.0,2024-04-25
2585a266854b65cc3d53cc1bdfb3dc49,3803.0,2024-04-29
258689b69c2583b2f7b8cdd7051b7eb0,5380.0,2024-04-27
258c62087d219cfffa87d800a3769cdd,11106.0,2024-04-24
25991c95814f2e8f7cf459c62df68bac,5298.0,2024-04-27
259d87c13ffbea7cbb3e307c791dac0b,6895.0,2024-04-24
25a6911e33d756bfebbc9ba6803a1760,13775.0,2024-04-28
25a8db0d1f8dd6af084489973006a0f1,5012.0,2024-04-25
25a9187f6d127633c23075bcb223405d,7290.0,2024-04-29
25ab7011351669ef14791fce7a1b1c37,5435.0,2024-04-24
25aeb293ee1efd8e8ed58faea2cd117b,7649.0,2024-04-23
25b2f546ed1120cc1345fa2be11bcd5f,4314.0,2024-04-24
25bbd4b9faeebb615b3d55770c6b9243,2753.0,2024-04-28
25bca9ab00d086536d893df61789d4f0,1706.0,2024-04-26
25c0480266705faa9477819d2f762abd,5807.0,2024-04-25
25c3157d6d1112b3e9ab8e4ecffedc91,3986.0,2024-04-28
25c56f9178ebf47e8801fc7614524a2f,2400.0,2024-04-23
25cdd3c2c980228f4c248136fec5dae2,8640.0,2024-04-29
25ce6ddac9f51eb71172a77bd886cb47,2165.0,2024-04-28
25d22e8ef1ccc52bfea844ce31d390c4,2757.0,2024-04-26
25d9f03cd0e0f78724caf38dca820953,3399.0,2024-04-26
25e2589735a0390dce4ae2b9d26597be,4119.0,2024-04-28
25e540ad49437715f65b659d0e4635fd,4811.0,2024-04-28
25e596c1b9dee4d66c13d7c1f8ba9992,5800.0,2024-04-29
25e9297abee048a3f20515a74ba83d8f,3887.0,2024-04-25
25f194e739e2d04393feb9f1787229c8,4615.0,2024-04-25
25f1b233ed9d93c5206ad57d617a1fdc,2288.0,2024-04-28
25f5ff8f69fee26cfe579a59b98d6676,3656.0,2024-04-27
25fc05fe5280554ae85e39f2a70e7f51,2287.0,2024-04-23
25fc2b8e4f1e38640a593ba5218af41b,9888.0,2024-04-25
25fdb2ac984c822f5074e1c8af00f2fb,7092.0,2024-04-23
25fe24b28c7d3f5016f6dfe87ff42cac,5647.0,2024-04-27
2601517a8ada6c91e47701b831f72fc2,12128.0,2024-04-25
2605ca3baa1f09c78d14e7e3d563ee9e,6741.0,2024-04-26
260686db55c4d1f2d658d1b10aec5312,10310.0,2024-04-29
26069e4e916b2ab6fddaa71ec4a2d77d,2711.0,2024-04-25
260857ef1ade6d61e04f8b3632173288,6824.0,2024-04-26
260e9dc372c675ffc4b038001d0e638f,3059.0,2024-04-29
2616bf919de7edbfe0e1c43f8d413d22,9363.0,2024-04-29
261b518b85f5388d2a54ed4380c4d4dd,9345.0,2024-04-26
261e82ca22cbc9b25d51c8affac071b2,4330.0,2024-04-25
26206369dfbcb36186efb9ae417ef432,7940.0,2024-04-28
26243071bed8a0f39c0b515bb624889f,6678.0,2024-04-29
262b39bcf6d8da53df23a84f07e13e7f,3097.0,2024-04-29
262b9fc23ba18a887f7b4fc60a6e39ab,7777.0,2024-04-27
262c60b4e73c6427a9edda9feaacd912,4753.0,2024-04-23
262f2d851f9cf215f66785176b137dbd,7290.0,2024-04-27
263483c2587dadee7613a60c6c1f05f8,6903.0,2024-04-27
2636333dcaad1429d027df5f8d877e4b,4826.0,2024-04-27
2637286a00bb47639ce0be04f3ddb0e1,3402.0,2024-04-28
263f047807178297bb53fd2fa7afc45b,10510.0,2024-04-28
263f4f42d69b0fbfb59d2097015665f3,8160.0,2024-04-28
263f58619846b540da06ac96ca5d56e4,8624.0,2024-04-23
263fa28861eeaac2af6ff321a9c25fb7,6828.0,2024-04-26
2642d7b4f8cf482bca64f0de207a0568,8433.0,2024-04-28
264a34d277687bd73f4a2db186626c47,11112.0,2024-04-23
264ab5ded6d2ec1c6a1de9c4a8c6a4a9,3780.0,2024-04-26
265024e28537d5c1c3767a08c395e728,7970.0,2024-04-28
2656c04dc6d806feb33eb83692957202,3769.0,2024-04-26
265ed2ed191fc0c9f44e5915ca388c49,8923.0,2024-04-25
2665c5a6cf4f19f6392c86f06e1816f1,5107.0,2024-04-28
26664ffc1a465d61245a1410c00a62b5,5320.0,2024-04-27
266bd625ed7daeb732d81ea85aa654ca,8595.0,2024-04-25
2672d76925d07e0a98c1ab334bbd3492,2429.0,2024-04-28
26772aa75c2315a04582209837644182,2601.0,2024-04-27
267e06c4446a459c1c9f32fb546b1461,3875.0,2024-04-29
267e958a2c539912f1fee6b992fa86e0,2154.0,2024-04-24
268a1cf8a5a1e13fed552a767c5a2ce5,7504.0,2024-04-26
268c7e70da6425ff545231c484892b3c,1794.0,2024-04-27
268dfe099562fc52104edf58aaecebfa,4788.0,2024-04-23
2691c6da68bb1f21a0bdeb97c8a7ee93,6761.0,2024-04-24
26951a6b5b16cabf37eb02c63de65d8f,7126.0,2024-04-27
2695e475b34e0833726d91b68695953c,3841.0,2024-04-29
269975b4b776375dbc127cfcd305b3ec,3944.0,2024-04-25
269aa6130fef6b9ce3132a1791fd2ddf,8535.0,2024-04-25
269df6c3cb548944553e691c9c88d7c8,3201.0,2024-04-29
269ef54959431b910f79a2680c296180,6243.0,2024-04-24
269f8e0b026fc3fa1ff2d8a5f30d3772,4521.0,2024-04-25
26a19cde4146d8a217f636692d815cf0,3761.0,2024-04-23
26a39c001ad54d1f8ba4ed2d8829a4ad,7365.0,2024-04-23
26ab71db5c2ba7d04c96f08b0c455bdf,10850.0,2024-04-27
26b681f91f15057d25fc135e58e76b73,2210.0,2024-04-23
26b6cf9d3d6319ceb9c709fdeddcebfe,12402.0,2024-04-26
26b88a7daef2420e0db90efe0d478ad0,11445.0,2024-04-23
26ba979db695070bda85af29bb6a443b,6787.0,2024-04-28
26c39ce7bcb3c7f0e91d9f554d2f1581,5886.0,2024-04-26
26c403ae379cfb5039cee89c3b6a6f1a,7654.0,2024-04-26
26cbc1f62b479938abf1261fe8c821cb,4551.0,2024-04-24
26cffc8c80658f6cf7292499c6f0bbbd,6062.0,2024-04-28
26d34b44c6bd2464f8f6ab40909b06b0,3991.0,2024-04-26
26d3c14e3ccb860fb7572a4d069fb1de,4524.0,2024-04-25
26d44f0eeabbf507a467a06d078a340a,5428.0,2024-04-25
26d6d7b069737b757b70ff8f602cee29,3225.0,2024-04-27
26d91c0ceb9cd3018a2fa15fec64e3eb,1973.0,2024-04-27
26d91d03fb5c19f130f1d5101fc34f70,8767.0,2024-04-28
26d981c023b322441306eacb88cb3722,2839.0,2024-04-25
26dc0b95c469661f9880ddcffe2dd0be,5813.0,2024-04-26
26dc7b2e1f08d1f31e2f9026dbd5a1f5,6172.0,2024-04-29
26e0372a1bc41b150fab9b36fd87962a,10197.0,2024-04-27
26e278cbe753e0f6558fe0ce6cf62c80,7692.0,2024-04-26
26e2b2b8abf8fc6653b3aa1d559d70a1,4826.0,2024-04-28
26eb79c27765e98678ca5041ec51728a,2848.0,2024-04-29
26edc24689217f4b0695e62df4d7eddf,9177.0,2024-04-27
26ef60b0d4317dfdd04608d1ab167920,4829.0,2024-04-26
26f0e465fc044116a5f6968dae764d4d,3362.0,2024-04-29
26f171c1d86ce17078171db2e67851e0,2711.0,2024-04-25
26f8c446e5ed541f04672ae244d70400,3092.0,2024-04-29
26fd143eead239e5a38dd9071edd708b,5211.0,2024-04-26
26fd3e632491815914f6ed097a656bd2,6718.0,2024-04-28
26fee54d5bdd3b3b13aef9ebe279042f,4359.0,2024-04-23
270177cecfe29b578b7313cacb0a5976,2150.0,2024-04-25
2701a5e6fa8f13214c6c534fb86c3776,7992.0,2024-04-23
27041f6d0f4116c3d86b7a6bae702097,4358.0,2024-04-27
27076f6c5e95d0927d7d0fb9dcf34389,8311.0,2024-04-25
2707b5045f7a07799b000a50de274153,6756.0,2024-04-26
271929460bcb9b8de3b8e3db1a26e3da,4606.0,2024-04-25
271955e8dfe13b83d6daa1b0ea777cf6,5430.0,2024-04-25
271aa6f6b2870951e6cac0b0dd30e5f0,2394.0,2024-04-27
271c17cb83f5dd80b48b66206adfd222,4436.0,2024-04-27
271cb2e0b7e9ddd07214a228bbc5bed2,6400.0,2024-04-29
271dcc1b75a650c38882dcf98439b5c9,5231.0,2024-04-25
2720ac89559c23090995030342a63415,3602.0,2024-04-25
2724f4b795b3dd71b10f220a4a6f39b4,8366.0,2024-04-29
272f214eecea3d01defef48bc8613251,5792.0,2024-04-24
27329f39619a1844f00a0964bc28a4b2,8056.0,2024-04-24
273b95b0b769486f36bf5409feb14315,4971.0,2024-04-29
273bb94271bbece9c02ee19848fcadbf,1077.0,2024-04-29
274068d0900cbd51b16c6edbd51e3d5b,9888.0,2024-04-28
2741d800f38f2484b5722310cc3fcb4c,2768.0,2024-04-25
2744d5b1c4bd8a64bffad434df15092d,4645.0,2024-04-25
27475f77366c381a3c553a60bee2bbb8,7823.0,2024-04-29
2748b0ec00502562c9c9249edc17b7e2,8880.0,2024-04-23
27508a31d42196c5b3b12ae98e64c8a7,8587.0,2024-04-29
27555d51206899e81fd99b9fed8006b0,4573.0,2024-04-27
275650247a0aafe5509073901fc6e64f,7019.0,2024-04-26
2758e3f5966c05f1aef1ff8b2dc5a2be,5571.0,2024-04-23
275aa9a3784e719bf318007cdb6a6c35,2730.0,2024-04-26
275b1d6f8d24e409c9af0819c3ea5e09,2589.0,2024-04-27
275b4585456961d5b7eaf213342c418e,6204.0,2024-04-26
275b9da19e0159b0c424b144bfedcbe4,7009.0,2024-04-29
275c36f7d9652e96cc78c229859216b3,7528.0,2024-04-29
275c5cd3fa727d245993203bdebd8dc7,9926.0,2024-04-24
275f2cf5c88d858272141f91bcce4b5b,3064.0,2024-04-26
2769c8c5e1f39f55dc24d57872b98a5c,4888.0,2024-04-25
276a66d3f83c789aa6a6ddfea0c7b304,9790.0,2024-04-28
276d56c49de12b6ecfdea64b45ac7883,3817.0,2024-04-24
276dbf7a2aecb70c28c0a1e2ebb475a7,2496.0,2024-04-27
276ff1f73cfeaeae54585e4c06e6e5ae,6641.0,2024-04-23
27773dd6a1b7f8e0cc4be985e8e788b6,12557.0,2024-04-28
2778673f3e9fb02765ed9eb0f5c427ee,2586.0,2024-04-24
277b2ecfbdd51922cee5aa9f30c3463c,7259.0,2024-04-27
277bf9d0a1983fac37b36e1f672600f7,6377.0,2024-04-27
277c9446e78ca91ef3aaaa0839bdb484,2676.0,2024-04-23
277cb978b906fa3635a4166c68c54367,2035.0,2024-04-25
277d03087d63d1f2ff04c3a26599069a,5933.0,2024-04-23
27862301fa91f220d8943a65ee38a97a,4514.0,2024-04-25
27891d2d0dd2b28b80c75d040097091b,7633.0,2024-04-25
278a07a5d92390dfc09121f7977a3886,4388.0,2024-04-29
278be975645d22bd2c107ad6d325dfe9,5735.0,2024-04-28
27900be8b85c290cb11d407bd909b458,6768.0,2024-04-27
2790f828f72a44f8e9186582ed7a472c,3600.0,2024-04-29
2793bd88a350e9e71c037973440e93ea,6005.0,2024-04-26
27958d6716a1900210685c7248e25272,5703.0,2024-04-23
27a1c9e52f0024d2d7f418fac85b4cff,5519.0,2024-04-24
27a8f017c00ec4d4655dcb8c2ca32c8b,10034.0,2024-04-24
27ab1f4078a324e09250baa78e6503e2,5794.0,2024-04-24
27aeb1faf24d0e4bf1ada131d66f2ddb,3869.0,2024-04-27
27b038346226edc253097286294730ef,8388.0,2024-04-29
27b381cc386e53029b47faf978169294,7127.0,2024-04-23
27bca030d3a71753f4b78c92abc13c14,2921.0,2024-04-25
27bd10d4657d269afa4b49132d8e3f15,1662.0,2024-04-26
27c24cce32e18b4dd4bd9576d5787d30,10406.0,2024-04-29
27c46627049cb46dfe9fe95d13725e8e,11381.0,2024-04-25
27c4ad333eece0404c496ebed19a78b9,8236.0,2024-04-26
27c821e6f2468e33de0730e666cbec0f,4498.0,2024-04-25
27ca19073d56afd951883820b6a24aac,5044.0,2024-04-23
27cc9618f5e400590105b932b77066eb,6719.0,2024-04-28
27d541b3e88d5a03e6fe89fcfa44c175,7798.0,2024-04-25
27da4f7991064ae30259da1445190d25,2936.0,2024-04-26
27de9c682009fd9ed8b8e9ec2ec745a8,2697.0,2024-04-29
27dee0187dea3943eb6306b5a55f73ca,1610.0,2024-04-24
27dfd86c9b8d3aacbae2d377f6ee5966,5689.0,2024-04-28
27e45c0b2e5527a70b2e2afabd3a5d28,13407.0,2024-04-25
27e4eeb260aa9620888069caede3d444,3618.0,2024-04-23
27e50cf24ea3af37f6dc74f2836cb22a,6706.0,2024-04-23
27e6f444bc86bcb1c2a695bfcdcb9c48,5219.0,2024-04-27
27f686503fa57d4cade43bad7f24395e,9212.0,2024-04-29
27fd95bf8dbdb2dce3ab292f774c174c,3394.0,2024-04-25
27fdf895d5fadbdffd9a2ecd249cc823,3862.0,2024-04-26
280034c4a04104de91549f5957fca023,6121.0,2024-04-25
28016a5d49aa32a5dc9133bce5e00174,5973.0,2024-04-24
28036c0ee9293a7497f67db2148cc073,5140.0,2024-04-27
2808260c74b47f1ea6d8054960f70ac4,2938.0,2024-04-28
280b74bc0d10b3f83bdb459f01dd1056,9681.0,2024-04-26
280ca4c6eeb000e38ce4a6e9e182433f,3551.0,2024-04-26
28118a516d9c6eccad797358bfd6301f,2443.0,2024-04-25
281482ebf1373d319f8925d8fd97e41d,3423.0,2024-04-24
2814d20bafab146ad36761ef05381a52,2643.0,2024-04-25
281caf32b95b147bd15202de449f12f4,6479.0,2024-04-25
281fa44735e9f6345f3c116979c2f602,5517.0,2024-04-25
282105521dc291bfe67908b50bf13522,3231.0,2024-04-24
2822f20fb75462e57f2cf6f2c56930c0,5149.0,2024-04-25
283039891a94ad38ecd1fd41feabb440,5355.0,2024-04-27
2836654c0763e2ecccf969f2f47fab95,4162.0,2024-04-28
2839b1562f4b7299e6ab8521c3e22759,5187.0,2024-04-26
283a3fd0cdde3ad58c9e93589e783430,3059.0,2024-04-23
283bc6e8036e121c4527a23b14defb90,3042.0,2024-04-23
283dc82b38b57dbecf28f9a33482e936,5531.0,2024-04-23
2842fcc0464edde673b9034fcfec5e87,9311.0,2024-04-23
28432b3a0aadeb08bf0a221073582361,7351.0,2024-04-23
284769651f5efc8ecfb0bab29ab4509c,2842.0,2024-04-24
28493e914916ee59683ea54485277a28,21055.0,2024-04-24
28503acd8e3003f568352fc8cad1cabf,3185.0,2024-04-28
28535f5079e27294a8fc95857feaa406,7865.0,2024-04-23
2853603fbd942d67000121b685087af6,5050.0,2024-04-25
2855c69517f156edaaab0a45eecc8b2c,5312.0,2024-04-25
28587d6dc4d96dad65b18e24583c226c,6666.0,2024-04-23
2859cdf7904c543f80be7177b9e1760e,10402.0,2024-04-26
285b88c65cc1d1cb20a3da50d4bdf0fb,5819.0,2024-04-26
285bc989170daf16e8aec2e0f125f81f,4395.0,2024-04-27
285c5b4b10309817ae8a1be2e894a915,4930.0,2024-04-23
285f2f3787c56e3c395abce1d47bbf50,1538.0,2024-04-23
2864441b5cf0358c5a6709b2e5610926,19266.0,2024-04-28
28658ce9b7920e60212f21c969e1d451,5333.0,2024-04-27
2865cae5638e79b137340a7c1b3c1919,5007.0,2024-04-26
286abf9543d2c15f9655e8530136b897,6548.0,2024-04-29
286cb9ef65720f0bc1294e7df1b87900,7014.0,2024-04-29
286f2f0c2ffc3082d685aa8c520fe05a,4022.0,2024-04-23
287129bf2c06a6fe5f6edcc928bf868f,6687.0,2024-04-29
28727afcdd3646e511c9e86e79bdf79a,3779.0,2024-04-25
28771a62b4c12be412609491647204d7,4706.0,2024-04-24
287916a96f507aae00bf7a7530e57dfa,5110.0,2024-04-24
287d4ce89f7ca5d22ee452f5a2dbe114,3641.0,2024-04-27
2880d6c125aa054369e06e54de32e885,4635.0,2024-04-25
28819ee102f5ba0224ec2a643c293d2a,4906.0,2024-04-28
2887a780293bc51c56bef3abe90b38bc,1159.0,2024-04-25
288a2c4a30b44005ab06e41dabe43987,5455.0,2024-04-29
288da7f50d5d76a70cd7094eeefc0f7f,5390.0,2024-04-24
28903876df3103c045d53e7befafbded,5969.0,2024-04-29
2894df8d669295bb7351cf92a224ff10,5147.0,2024-04-24
2895edc2913b239031be27e2a1f4dedc,2955.0,2024-04-24
28974a45b4889d9f60fdbee065046901,5512.0,2024-04-28
289a1dbc1bed3784254360f50e1984a0,4054.0,2024-04-27
289b05860d72f46e1ff395c79fa527ef,6455.0,2024-04-24
289c2a3d3eee3f992e8612ad5dbe1add,6860.0,2024-04-24
289cb3ddecedc62e386a0e13b59a9f8a,5667.0,2024-04-29
289cd3bd422281154025baed35a3fb6b,4415.0,2024-04-23
289eaf20d627190cc7c61dce2a10e9f2,5489.0,2024-04-26
28a6f8c50618bdf882279da2b4d7753e,12603.0,2024-04-29
28ab4f48af364d977a1bc33fdfa980d6,5052.0,2024-04-25
28ac455d34d51ab3e8e57fce46314f5c,3441.0,2024-04-23
28b2bf95a9ba4fe15d84122648356bea,8189.0,2024-04-29
28b62847a6f51b2c5cbeaac112d8e467,2690.0,2024-04-24
28b639bc9e8a1ed554a27b61b03740f5,4869.0,2024-04-24
28b7319fbe68770ee5d069945cd7cb09,3631.0,2024-04-25
28c5dc639f9478212831b257769730d3,4302.0,2024-04-27
28ca282cdca77cfc967d8da7573a871a,10511.0,2024-04-24
28cc83e5c24f6549dcdcb706ce0751cd,6658.0,2024-04-25
28d08b4a0c14f889899b63e052469dd5,3572.0,2024-04-23
28d65fa9d809501a65f0d83db89c2b1a,8174.0,2024-04-23
28d846b7046596bc601999c01def527f,4996.0,2024-04-25
28d877c1f2a9ffce9d38e655edeecbfb,2693.0,2024-04-29
28dc12ad4f2b90a62e775f8bc7431ab0,3592.0,2024-04-24
28dea23b0cfbeb4ad71360ebfe1337d7,6075.0,2024-04-28
28df8406b67f4a764bfa85757d7979db,1241.0,2024-04-24
28e043eba695f3d448a1bafe7ef1e1b8,13768.0,2024-04-29
28e1ea542e1865cf78864e34e9983381,10829.0,2024-04-28
28e9348bf042c0c73631283525a6e0b0,9430.0,2024-04-24
28ea7231d9b9d285abecd0f8f1e8dbfe,1848.0,2024-04-27
28f02c6d43115b953f6fbff9f6acab7c,7672.0,2024-04-27
28f06b047052a8db7dc9f173c080ad2e,11003.0,2024-04-24
28f30a9a3fc5fb849f1114022495b819,9884.0,2024-04-27
28f404f17dbc0dd92177dcc9f9bdd47e,5256.0,2024-04-28
28f7631a06a2bc31f8c5cbf611836826,9177.0,2024-04-28
28f78407346978d8a8cef72a98d01fd7,7261.0,2024-04-24
28fcf80bf42011ce2cd4bc1b7daf1a3b,6538.0,2024-04-28
290462d8b261936caf2815c932650bdc,7747.0,2024-04-24
2906c9b2cbb14080f65195a040546561,7902.0,2024-04-23
290a0c432117a46a4bd1e5132489d848,4367.0,2024-04-23
290cd70e1d84ed9414c965157cac9e2d,3245.0,2024-04-29
290f1fe386955db87a12a87e21cc58ad,11768.0,2024-04-25
29100f102eef554237eca02eae5a5a75,5775.0,2024-04-23
2916730961ed19eefffe8eebc62738d9,8865.0,2024-04-28
2917e4595ab774dd213b3aa0c608667c,5752.0,2024-04-24
291a4499f1b30159a534d75733160aa2,4183.0,2024-04-24
291d81a74109650e6a2905b44086b084,4661.0,2024-04-26
291dffa386ee6d3fea1e8476862edfd3,2792.0,2024-04-23
291f968021ce84b0489f1bde5a44efa5,4341.0,2024-04-24
29231b8793f93f5b2f3cf2174327400f,3321.0,2024-04-27
292347e85a6a44b726fb215168cc5133,4108.0,2024-04-23
292589135c631b376f274ffe8b2655d0,4632.0,2024-04-25
292e255f2a1819913bcf90b00af4e7f4,5116.0,2024-04-24
2931d4eb5ff9bb354140be018b709314,3205.0,2024-04-25
2936a45995da6038a4d90751c9358844,4676.0,2024-04-28
293c0d7fdc5d7701e136283ecd44612a,1582.0,2024-04-24
293cb5a099158a979253436230f633fd,1712.0,2024-04-25
2941a3cf4ea9f7724a669db72b70423c,8373.0,2024-04-23
29424016a266d57d235b7eb8b60c13d7,4544.0,2024-04-28
29452f4ad6b51a376b54ded40c182497,4254.0,2024-04-26
29474a61e5b4931789d4aab99348557e,5634.0,2024-04-23
294e123377b9a4b6a9f7f77ff66406cc,9202.0,2024-04-28
2952900a49990e922ce26ecffa6622b7,3785.0,2024-04-25
2952941fe12f9065351af94d51069a73,2751.0,2024-04-29
295d52feea46478aa36db04c97712e4a,4631.0,2024-04-28
2960e73afd052c7867d76e7186daec8c,11039.0,2024-04-23
2968804817c4d99f39a688a08b28f40a,3500.0,2024-04-28
2969a71f14cbc9619e95684e9b70e4fd,5642.0,2024-04-23
2969d7e1153caa52c5dc306a783afab1,6591.0,2024-04-28
296c7c87b83affac53ea17535a1d2049,6536.0,2024-04-23
296dc5eb09f1f4d07e78c4d2e3a333bf,3066.0,2024-04-27
2975c24454e2521449d4e01fae335086,2407.0,2024-04-25
29773d011d171c1a43e7e6a26b34b512,3275.0,2024-04-26
29790e6b8e010c93d18b1f87dfb6d469,3910.0,2024-04-23
297d706b1319ea2594e2489d8fac36dc,3887.0,2024-04-27
2980a49609c7815cb955af10216d3721,6552.0,2024-04-29
2985598e449a22ccbfb27292fc52c8f3,7166.0,2024-04-27
298890b5287d4320b706e79add5940b4,5558.0,2024-04-23
298dd443646494b13703fe24f2d8e17e,7040.0,2024-04-25
2998ce11b0a84d63807635ae9ac1dab2,4459.0,2024-04-29
299acf013a5fbb3f53731fc935b99dfb,4307.0,2024-04-24
29a712d3c5e04b5d1a05b35663fe0f7d,8733.0,2024-04-27
29ad44fc18908aa429c30b44ef7942ec,4212.0,2024-04-26
29ad7cf97601eef761125195f6255be1,4429.0,2024-04-23
29ae167b3dac0121256e6a2df2c98cce,4670.0,2024-04-28
29b0ce76c719943f0b5241de2fb71412,6151.0,2024-04-26
29b4082774cccb9fe43ca2b5a6953135,5770.0,2024-04-27
29b524d5812ba46ed59c96720690efcf,3795.0,2024-04-27
29b69113a33d62eb0f405a3d7a642f7f,4865.0,2024-04-29
29b85b175954cfb26a48252b4ecd310a,3578.0,2024-04-26
29bc2ed74475878228ac3e7f114f2886,5533.0,2024-04-23
29bd618c839122ba1101a82a4005282e,3125.0,2024-04-28
29c2b493d13e5604d3a534f0da78faab,13234.0,2024-04-28
29c5949a6502a2fd9a076668e8f31122,4045.0,2024-04-25
29c949d6f17fe72d0ce5628b1db6e897,2501.0,2024-04-28
29ce03f3086c693c68c28d589172e989,4854.0,2024-04-26
29d05769537e3b5e6249f4172866693b,3072.0,2024-04-27
29d229c7cf5f82f62a224e7c66a78c59,3005.0,2024-04-26
29d74fd6f0229e4b86fdf9ff46efb973,6183.0,2024-04-24
29d7eac9b1c4cbe3fdfaf1254087219b,1127.0,2024-04-28
29dc04faf62ff62ad836318a2712ea1e,5217.0,2024-04-26
29df8c7429c7b2687201f7419334e371,6839.0,2024-04-28
29dfa233178653f7f4015db72809f2a9,3517.0,2024-04-26
29e75b89ce9640c945e7d34644b12c48,6288.0,2024-04-26
29e9ca1d80fd0f000128760b62170e07,9970.0,2024-04-26
29edf484fea09bc0a9c17cfb0a78e88a,4725.0,2024-04-24
29f08274a17a2f4129f38f283af4ebed,5065.0,2024-04-29
29f24cd52f0539ba081c2fd545bddb99,13045.0,2024-04-27
29f2e236de1446112de7f0aa3c7edb8d,999.0,2024-04-26
29faccf17bc1950266eb87fe8adb2649,4575.0,2024-04-25
29faf69a293070fd2b03dba9cedd2f15,2524.0,2024-04-25
29fff12749f33c3329735316a79a18b9,4927.0,2024-04-23
2a058037983765defa93e71c8490dd63,7703.0,2024-04-25
2a0582fcde64a25fff504e0c16a89dc8,6154.0,2024-04-26
2a0c13881ec609ca6c14f1f24bc30eb3,3041.0,2024-04-28
2a1291deebc7d143ddd711bbdea1c475,4315.0,2024-04-25
2a12b71c3d4abf5fa6ed48731ae7073c,5288.0,2024-04-25
2a12ef8ef8734e32297eaeb8cf7f9953,2951.0,2024-04-25
2a142a089e6d5a0f18b13f1fd885d8c3,1805.0,2024-04-26
2a161503367a9eb0c23b2991b90c1e54,1671.0,2024-04-25
2a1ca0dfc161e133847bd99503103449,4317.0,2024-04-24
2a20f501b282adc036c3534874ac6dcb,6257.0,2024-04-29
2a229dcca24003718212b14dbd9784af,4421.0,2024-04-23
2a2607558fe53c7df6578acaa0f7f142,2031.0,2024-04-29
2a2664486ac933b5370418267eaa2e49,9465.0,2024-04-27
2a2b53b3e4683a3ccfb67a88c58cf644,6457.0,2024-04-29
2a3be81fbaa0ca2e7ca49868d4a2cbcc,4828.0,2024-04-27
2a3ff204558d89963d7e4a01c2890a28,4961.0,2024-04-26
2a42e6cde4d30f240582fea51950f94d,6493.0,2024-04-29
2a440854adf2fb76ea550f8b0f90e8af,3044.0,2024-04-26
2a49db0151b5ad1b63592641f8b381d1,9867.0,2024-04-23
2a4b26030862e8706125fe7e3ce6eb08,1845.0,2024-04-26
2a4bbc437eaf21605f9f53078fae819d,9987.0,2024-04-28
2a4d3d000ffbd9ff787df6165029529d,3548.0,2024-04-23
2a4fa9e915174142f0caea7e1f8b5f5a,4188.0,2024-04-27
2a50451cdf2f6a2b2740228dc87f3620,5752.0,2024-04-24
2a5325b421c147d971dcd0adef809b37,9446.0,2024-04-24
2a5aa494c06de2ea56730fe31ba4a806,2778.0,2024-04-23
2a5be9cd21fe020c5b2f235b258bd024,4030.0,2024-04-23
2a5d2eef11c5c80091e6ac4ca1accaef,4377.0,2024-04-26
2a5fee4a3859c4757b9039fb824407fc,4998.0,2024-04-25
2a62e844c0ddd8f4e4670b5d49713e19,7544.0,2024-04-25
2a6350fc0bcea5a5ca71d9a706cc00a5,8160.0,2024-04-26
2a6357ba2632f9ba4a351ba9f42791a1,7314.0,2024-04-25
2a6688f4fa7f1f10e1c1303d8e376504,1887.0,2024-04-26
2a6d44fca5abd7182fee4aaabeab7c08,3878.0,2024-04-25
2a6eec41a28fd5d1768c9c5c94183c19,11789.0,2024-04-29
2a70885e07cac6438fe9636b48eede1a,3110.0,2024-04-25
2a71134c4387c18a2f1fde38330c4c6f,3601.0,2024-04-24
2a72e57cb84e7d0d039624e4bf411af7,4315.0,2024-04-23
2a75f0f23eb396802df7390a0c623163,5432.0,2024-04-25
2a7a4a39941a8cad4662f029a3dcf950,3593.0,2024-04-29
2a7cac77a66a085d5dccbf31f1ddb3b3,2680.0,2024-04-25
2a8529d6a15b41ef57225f9d2cf5b7f6,4559.0,2024-04-26
2a85ad8e5e56c82104bfdcc49d15ea97,5403.0,2024-04-26
2a85b9be1992ae620e99f72a1b8283f9,4026.0,2024-04-28
2a86764b4deb04a471247c0535a0d965,3440.0,2024-04-25
2a8a6f3e40ed4fced59e44e9d62af6e7,4695.0,2024-04-29
2a8e8d9b5bdf9b5dcd57109f1a084480,4145.0,2024-04-24
2a941ef02e9bb56c80e4a65cdb0cb30d,8311.0,2024-04-24
2a9867db5c91733599e349cbaf9f967b,2752.0,2024-04-23
2a99044518acaa0a355e2cc32fb1717c,3924.0,2024-04-26
2a9fc24b40b2b1d2db02fd1f23f9310a,6333.0,2024-04-24
2a9fd755f44d7954ba5e3de9d0a7b2a2,3948.0,2024-04-27
2aa77a9169c2591fac3847f41864c0de,5456.0,2024-04-24
2ab330df95222d824b4d6695af9efe3e,3995.0,2024-04-26
2ab9a80062cd9567e3ebdf0e642925ab,2261.0,2024-04-23
2abda83dd8e6329e6a215b3ead9bb8ff,5945.0,2024-04-28
2ac1dfaff12403ae9b96aebbf042f33b,1408.0,2024-04-26
2ac233203db282ead8612f361765337e,3898.0,2024-04-25
2ac847a4bb30b6a9bd4ce414d45b9155,7887.0,2024-04-27
2ac9568d700e10c72bee99f234ee87f0,10208.0,2024-04-25
2acf10980edc9f98044daff67838d3ca,3054.0,2024-04-23
2acf2a63d0d6b7c52e7447f83232ad20,5766.0,2024-04-25
2ad11ca5bb2d1b92f84f0b525765ffa8,1611.0,2024-04-23
2ad3ff035854d5ef7a1c2b07db95afd8,6369.0,2024-04-29
2add3c618e2cce427c1a4783601fb399,2599.0,2024-04-28
2ae235adb6ed490dba2b2dc75f5d36db,7172.0,2024-04-28
2ae5117868e759a78539c46e1e924f2a,4436.0,2024-04-29
2ae7da18a79110c34efe7b19ab86d2f5,2631.0,2024-04-27
2aec10fec9a66c0c6630ee275454af63,6632.0,2024-04-23
2aee5f2e02db3950ba0bf1eec02d46ab,11129.0,2024-04-26
2af7aca768ea03d49e2283ceeced7ff0,3178.0,2024-04-24
2afd3c3af756c6c5630a2d8b4fd55a54,2219.0,2024-04-24
2b03e91f123ddafed2c0829b106d4277,7298.0,2024-04-25
2b06012747a98521da6c62cd68369f5e,6053.0,2024-04-26
2b08f784b34cc2e5808ace6525fe444a,6498.0,2024-04-26
2b0b511838027058913446e8f8b8df7c,2586.0,2024-04-27
2b0d29d17b817882f86eea74c76cb262,5421.0,2024-04-27
2b1568d3b513f7fa815d52d2ee06fbbb,4802.0,2024-04-25
2b23b2f810958a0e58debeb1e8adf22b,6010.0,2024-04-29
2b24284667e34ea74184ff3aceca00de,2935.0,2024-04-28
2b27788f5ec80df747943f52315ce642,7766.0,2024-04-25
2b29d8c6156546c7c908fcc77a493a3e,6875.0,2024-04-27
2b2f063f1d509a7c0d60f624de821076,5371.0,2024-04-29
2b31a9978f158ea5d345836e3f9e4b77,6463.0,2024-04-28
2b34a803cfb8de5b81459f1820d2c152,6571.0,2024-04-23
2b3647c354f6f20a8cd76c6b58211158,11792.0,2024-04-25
2b387b0cafa675f62f2ab47ef830c9f7,6305.0,2024-04-28
2b38c9f83d9f13ba158c09e6a465b72e,3659.0,2024-04-27
2b3cc77f76573e107d77a082dc9e391e,1962.0,2024-04-26
2b40a562a22da3a9efc740df407cba67,3837.0,2024-04-28
2b414f547f1e4ca8d1397993cb1de098,5311.0,2024-04-26
2b4935f10ec171e1fa223efc85d7c775,2082.0,2024-04-23
2b4a7c0baaa005fdd9a5fd679199755a,7035.0,2024-04-25
2b4f0e27b4bcb7348f6eee9d431c66e3,9390.0,2024-04-26
2b507eb483ce2fa534090648fed1d83e,2582.0,2024-04-24
2b518c1247d63751036290215b57c852,5970.0,2024-04-28
2b52343cad7247df4943e83f478e1119,8496.0,2024-04-23
2b53b47c1074daecbd8c05e70a76c382,3008.0,2024-04-23
2b545eec97950111d2a8b4650ed09554,4234.0,2024-04-26
2b599d9314b98e8c6147043776471f33,5259.0,2024-04-23
2b5a465aaacd67f74767c3e35c7d37d0,957.0,2024-04-27
2b5f09852807ad60168a9eee55b4c9db,7310.0,2024-04-25
2b63609ea5e26e627ab8a940ade2944b,12044.0,2024-04-24
2b64f6d8acc25560e325df16755fed41,1886.0,2024-04-27
2b666e70191ab6c6dce8468a0fadb5d1,2977.0,2024-04-25
2b671a0e0758e9571cf5b662a503762d,2631.0,2024-04-25
2b6748ee95d1d9df02095e4632fad752,7676.0,2024-04-24
2b6daa2854d23c6a6b0e1a8a0e6ca19e,3669.0,2024-04-24
2b752409d013eb9bca6bd7ede635bebe,3326.0,2024-04-25
2b8218c141541e023fc7b8cb70280eea,10859.0,2024-04-26
2b84f3504b9ec9546d53f2dabf56737e,4949.0,2024-04-29
2b8eb3f69253dd5445ac120a384a6b37,6444.0,2024-04-29
2b9212370b3f2a419d39661781e2e875,6181.0,2024-04-28
2b9243fa17a4d4b33aba72d430eb5609,4484.0,2024-04-26
2b9452795c5ac5a45fec98b4524512fe,4981.0,2024-04-27
2b9645a0b98728078144f549a6ae4366,6540.0,2024-04-24
2b9841cac52748dc10049bd7f9a08737,4481.0,2024-04-28
2b99a43e37cde5c8a33e2cfc3f8dc4ec,8090.0,2024-04-28
2b9be14005a7ef2a571196a687ec238f,3259.0,2024-04-29
2b9c2c1ee686b0278da1c5e4a02b4e63,4882.0,2024-04-25
2b9c3fdfb7636da52d7923c8a0c247c2,5743.0,2024-04-24
2ba0be5229d27ac2576c08367d5344eb,2582.0,2024-04-23
2ba37b38c7e2543393f49d1540b47f4b,5633.0,2024-04-25
2ba4d917641ef2ed95746872c73aeccf,4555.0,2024-04-23
2ba5b84462a12b0112122fcb98d87ab8,5484.0,2024-04-24
2ba7ee2ea010fd74f4882b4e17603bab,3614.0,2024-04-28
2ba8556a1c03c9ace698c3373e9b593e,7328.0,2024-04-26
2bad8004d95c9b9d8f57d3023541d674,3749.0,2024-04-24
2bbcdc49fede764de9b74bc73509f98d,4155.0,2024-04-23
2bc01377a0b7f7ef3c4cc96d09acf236,7680.0,2024-04-24
2bd192c61e56489740bd4ee61bd375aa,8118.0,2024-04-29
2be015e578ac0e0022d7728a4cfadf9d,3229.0,2024-04-27
2be1cbe913f326271eb6d28d7ac864b2,6591.0,2024-04-28
2be27e75bcfaaaeb311319ca59f91381,3777.0,2024-04-28
2be31d4858e3eb459f14695e0d54a00f,5459.0,2024-04-28
2be6a96e482340fb5ac8c0fdb0fc0e1e,11303.0,2024-04-25
2bea29d3e5766fa7819e8c7d1cb50b1d,2501.0,2024-04-28
2bf9cd90e52b8cae5808eb60253619c8,8853.0,2024-04-23
2bfae49603881bda74811cd5304c4bda,751.0,2024-04-26
2c00ff59e8d5a07be55daef45f4edba6,5056.0,2024-04-23
2c013438d565b873b1b0841d464f6549,1906.0,2024-04-27
2c0485ff3dea72cddd9607b539419ec5,7131.0,2024-04-23
2c04ab90ae07dd4366a311eb85bebd75,7661.0,2024-04-27
2c06cce1e78d1bf37a40e63729e7ff90,11315.0,2024-04-24
2c06fd3f7c37ae9bea18ee1cfbc413e2,7420.0,2024-04-26
2c0835d9bbcd9491363627e1e711afd6,6265.0,2024-04-26
2c0e1900610f113baa2b9f51f763f1fb,2954.0,2024-04-25
2c11c3757a475dd10ecf7bd6e204afe0,11658.0,2024-04-24
2c173de1b7494fb95791586bd229f266,2666.0,2024-04-23
2c20eca989e3d6d1ed2bb2bdc748ce14,2526.0,2024-04-25
2c25d061a934cda90d71c47670745476,6710.0,2024-04-29
2c2cc6b37e50f4c791bbd36c627ca15a,2496.0,2024-04-23
2c3493eead15115579286f2813a954c6,7882.0,2024-04-27
2c3adcac0b5318934e09d835f1fdfe8c,4212.0,2024-04-25
2c3c765669961f08a894cbb54d89cc36,3348.0,2024-04-28
2c407d8aec241e146422dea66cc9882d,2382.0,2024-04-23
2c42e3c6af3351897092e2d29df39b69,2475.0,2024-04-29
2c48e553f4a1ce0a3348ed73d50dd581,5016.0,2024-04-26
2c4a97e5310565a32a7a387f26ea5875,3055.0,2024-04-26
2c51989c94b9a6de9757a7346e1ef0ca,5601.0,2024-04-23
2c5db7676b4d8dc193c057f97e674519,6398.0,2024-04-24
2c62ea92e144fb5794280814bd93c149,5890.0,2024-04-26
2c636c3d03a86801a5cf7975107ab070,10807.0,2024-04-24
2c65f2cedf0c58ba1bb405e696d85bfc,1960.0,2024-04-25
2c71ac69391d169b5af60a98231b2baa,5356.0,2024-04-23
2c74a7e40100e5a9c69e4c887417deb4,12314.0,2024-04-28
2c7616e2b10530515a40ad2d415d505e,11685.0,2024-04-23
2c771f967227ac2bb5d6b19ab82a9761,12244.0,2024-04-27
2c7786be602ee1c6b01bcfb04a5fbd07,3340.0,2024-04-24
2c78ba019ce2e26794e6b90707c06c50,4704.0,2024-04-28
2c7b689569c3bef70b4f29946f96dfd6,3590.0,2024-04-28
2c7c4a0d55490af83a5d141ff448e2b7,7072.0,2024-04-27
2c8008d36e0134e3485a7fc5e3cd04ff,3726.0,2024-04-27
2c80baf1c648dff5d36ada72c16bd678,2273.0,2024-04-24
2c82e535dceed22168afdf5d5704f5ed,3845.0,2024-04-25
2c8415ff7b4952f27442c3ee5aa63a06,4831.0,2024-04-27
2c8459f43884cf5822159faa0ec45054,4403.0,2024-04-27
2c849abd97042575c1b347e56ad5ce82,5921.0,2024-04-25
2c8967e5c03c9e6e1d7b7ead88a629f8,5574.0,2024-04-23
2c89a7ddda74d309cd7dedf5d2ad70e7,6806.0,2024-04-29
2c8e1ebf35795b54c03d48adcd55488a,4822.0,2024-04-29
2c938d7a08080d7a1d99cf7b5de88ff2,14978.0,2024-04-27
2c95b170bb270cbe788348ffb4d114de,2530.0,2024-04-25
2c96dc81bd79e9bc96f0c305429a4a5c,3203.0,2024-04-23
2c984d6f4fe45151ee1fd8426a1c3f21,3690.0,2024-04-27
2c99776fa7d28a68acfc7b3d2846d803,6118.0,2024-04-25
2c9c2e6fde8514736a692dfecf9bc28c,6821.0,2024-04-25
2c9e3baa254d1add8390e7a58f958677,7958.0,2024-04-23
2ca139b187fd960528a198a86641f99d,2721.0,2024-04-24
2ca2358a6e1b13e15aff337a0364cdf5,7208.0,2024-04-23
2ca2b082bf9b27d0cfe5a543ae67980c,4788.0,2024-04-29
2ca66bbf102d572c8223de1cd6bb2910,3050.0,2024-04-25
2ca6c60a7a862274c6fd577e3ef5dfd9,11595.0,2024-04-25
2ca9960f8647b9ea4681db2cacf6b7b1,9223.0,2024-04-26
2cab2c6aed18d4b47d0f338ba70e142f,6993.0,2024-04-28
2caf173bdf8016735d89059b44bf232a,4670.0,2024-04-27
2cb43dbf0ac686ba889fc7c35e1c8c9c,8411.0,2024-04-26
2cb778a577c7c04bcf357af5748e6a69,3171.0,2024-04-25
2cbabe8b58773f45b8530ea5feb9feaf,11374.0,2024-04-28
2cbe22f3eb24e85642dc8df259edeaf6,6105.0,2024-04-23
2cccbe5455690e3cb588b78f04b0a2c0,11092.0,2024-04-25
2cd61854082ca0ae34295ef49f9bdc98,6503.0,2024-04-29
2cd6d2ff7fed6af8848e998e13c35852,6785.0,2024-04-27
2cd6eb47baf38ea7aae2eef83cd7c70a,3304.0,2024-04-24
2cda14465beb93efc547ce4238f6a42c,8657.0,2024-04-25
2cda31a2bd8e08504b48b367bcccb4dd,10025.0,2024-04-23
2cdfcfb1bf5157d63cb225b0bd2d68fd,2665.0,2024-04-27
2ce68de571176c5083885058a5fc0d32,5686.0,2024-04-26
2ce7079764102346e1ab54804283a57c,4412.0,2024-04-28
2ce9bb67d5b4b7f7dfa4b1bcca9ba320,6289.0,2024-04-29
2cedb12c9af8fc381b97b55756077c11,4121.0,2024-04-26
2cee71b9873380ca96e1f45e357ba3f8,6484.0,2024-04-23
2cef8e12837d3281073e1736b8dee157,9713.0,2024-04-29
2cf50a8c8830fe0de0fb4f47d27bea5a,7591.0,2024-04-25
2cf714534fd6dd4308c1945e43db730f,3158.0,2024-04-23
2cfcbd7bb40f1a1a13a1956075c11117,5087.0,2024-04-27
2cfcfdb974a9f1c8f92adf2d7608a62b,6051.0,2024-04-29
2d03bb7c796f588a273d219a67a2d3bc,1460.0,2024-04-25
2d04eeffae5d8ac45d46b91a5dc70510,4045.0,2024-04-27
2d09d452ad27b1790226c75ce7ab8e9d,4157.0,2024-04-26
2d0eb37bae8153a2fbfed06727f381db,4801.0,2024-04-28
2d19b2fb5c64e62e25d24890b67e8d83,5449.0,2024-04-24
2d19d0683a67ba8e6d488a20e163b421,8364.0,2024-04-27
2d1e11f7756e44c2e5539297fb1dfc2e,2785.0,2024-04-28
2d29a4dc8ef208ca0f83be515fb65d4e,4570.0,2024-04-25
2d2bb3154dfa2d618cd64cf2dbb238f9,3931.0,2024-04-27
2d31837a3921197ab2f6ae216ebca5ed,4734.0,2024-04-29
2d31c7235c6bb87a1fcf84ee1c0259d4,13119.0,2024-04-28
2d35ef6675333b2748503bc6a86b2565,2985.0,2024-04-26
2d39d091428201c5c0f558086510134c,7808.0,2024-04-26
2d3a9f3215f5ffb8f0b7f5704afe6752,7448.0,2024-04-29
2d3f89602f43e28ae00ea5f2343e97f6,4225.0,2024-04-25
2d40460e342f6cf02a30a02b7d44d0e6,7272.0,2024-04-28
2d43c41728e65d42d53d0200a29360ae,7976.0,2024-04-27
2d46ec1fe8ab8df081bfcca4beafb506,7843.0,2024-04-28
2d4cf6fcb7e96bf6cee754d14f475a57,2500.0,2024-04-24
2d4f84b7ad75e528ab26c203f6a91fb1,7642.0,2024-04-26
2d5361775e516c199475f4e7f30ae488,2463.0,2024-04-25
2d55749bbcce1b568ae34a019db64491,2325.0,2024-04-26
2d5584b1fd2b58e5c9076dc0bfcaa852,3778.0,2024-04-24
2d566e863e748dec7d9ca20042e22a86,8059.0,2024-04-28
2d6096203809f301a531e2e6741f0c7e,13366.0,2024-04-26
2d620082f1e157865999acbaf379980f,2952.0,2024-04-25
2d63cf7c35ac410040b586e3b2ab9276,12297.0,2024-04-23
2d64ad9c8a8a5c06f5fd012ea764b334,7231.0,2024-04-25
2d68db34e0bbfb5bf1c18b572db3fac8,2451.0,2024-04-27
2d72f604cfa523160058cb5ec3c52bbe,3386.0,2024-04-23
2d739e3c26be33090ac98b85cd12575b,5148.0,2024-04-25
2d7680d8172280b5c22972984c0e4e85,3033.0,2024-04-28
2d7a1992008849efeea01202ea784954,13181.0,2024-04-26
2d7a5912885a4b547c41ee543a80e392,6215.0,2024-04-27
2d7ced69aee4e24f1ed901c70c554a90,4931.0,2024-04-23
2d7ea70393d224d2f169cd2b8dc72d93,6384.0,2024-04-25
2d7f1a2712bd27bdb0e76b4e215022c7,2813.0,2024-04-29
2d7f769274ee91be306ce740161565e5,8176.0,2024-04-27
2d7fd41fa25a2973a3a700d9d96635ee,8217.0,2024-04-28
2d858c74b6a90f234b33fd83ec1b46ff,4419.0,2024-04-25
2d8d8a54ba6d8be3e5f43f5274abd1db,6106.0,2024-04-26
2d91d4a3d585604dee1f957a1c8c6344,4991.0,2024-04-27
2d921b9fc09f8efdfd6bb38e0881d73e,5843.0,2024-04-29
2d9596957a92fef9f997da37a7060a45,4168.0,2024-04-27
2d963e2620bce6d3a13ac6af84e63e64,876.0,2024-04-26
2d9a71e68be765e6aeae39abab69cca4,11415.0,2024-04-29
2da55c797e2ffc68a249c79674d8bfc3,4245.0,2024-04-25
2da9331e4a7237d979e78f7f4cff3ad0,4419.0,2024-04-28
2daac606cc31515756da699d97a85553,8208.0,2024-04-26
2dab8e34e3ba30ed4e2c34f018f32729,2405.0,2024-04-24
2dad0952916c83a41fe200f02e95d842,6428.0,2024-04-26
2dad7a6059db880558103420f8394d22,4157.0,2024-04-27
2dae02a68bb03ea4e6f53874e61700b2,3493.0,2024-04-27
2db2d8c6e740401580975dbc375da8ec,7036.0,2024-04-25
2dba28d371caf978ad5abbb094b5c14f,5903.0,2024-04-23
2dbdf593a26429bef43e11f18171b542,11614.0,2024-04-28
2dbf3f67b6b971fd6b3aedec47cb8135,2815.0,2024-04-25
2dc342e47e54d8b3fe87db0200ae0dcd,1901.0,2024-04-24
2dc6a07ee510f34209133854cbdcd480,4976.0,2024-04-25
2dc9feb08aba583c9615961d7510c749,1841.0,2024-04-26
2dcc5a18691ad3b903d6cb5e3f86b8a9,2846.0,2024-04-25
2dcdfa4f78419024c064e17017fae55f,1843.0,2024-04-28
2dce56b6448c1df75508495e2e1933b7,10350.0,2024-04-28
2dd29f966d3dd3933b12390a03b62a43,7399.0,2024-04-27
2dd4fddb8b6cd9494ecf0fe6b42b6a24,2744.0,2024-04-28
2dd5705c6eed7fb08392a4560b3853e2,2185.0,2024-04-26
2de25089511251309c0ae2347b4c6030,2670.0,2024-04-23
2de2de20087bed32539ad79a86b1128e,15412.0,2024-04-29
2de63f9dbd72e6ead906274b97657c15,4732.0,2024-04-25
2de9f91829ba49635f693881919eedf5,3175.0,2024-04-27
2dec9bf51aab96afe5b1eb2091604b06,2950.0,2024-04-27
2df5331c3c3687d7a5cefa06bcedf97b,4835.0,2024-04-28
2df6725645e2d849377cea810fac34bf,4442.0,2024-04-25
2e091cff7b03498912fcc7316a957d4b,3710.0,2024-04-29
2e096a3a3636cf30fb01c667312df70e,3005.0,2024-04-25
2e12eae12596cc3ea41cc9fbfde8c4c1,9223.0,2024-04-25
2e1342c1480696af20e93b0a79166c9e,1504.0,2024-04-28
2e160b9512fc11f9946f634667aa27df,6778.0,2024-04-25
2e16e2d675e298cd57c1408ab9c71cff,2447.0,2024-04-28
2e218a8c4b433a4ac195122ee1487f1a,8911.0,2024-04-25
2e24fb0c9c6228ccf90ed26f7ec5defc,4649.0,2024-04-28
2e2cd1a20777de581080f6115c413ac8,5404.0,2024-04-28
2e31086fc3fc6e765209c18786fbe79b,4812.0,2024-04-26
2e3208b19ce9fc71782e2e0dd9e9df66,7299.0,2024-04-27
2e38266b0a2271626ef9ece538eaeeb0,6100.0,2024-04-26
2e3b6d906064ec233aeaa2f67caf1846,2638.0,2024-04-27
2e3c2ab09e69ae109d8dee1e19d611f3,4218.0,2024-04-24
2e3dd21da9e7d2f45c4ab5646651d791,1971.0,2024-04-25
2e41bb93754b4a8cbff9f8ff46b2e1f2,14341.0,2024-04-23
2e517ef28c4ac231cc768392aac98b1b,9595.0,2024-04-27
2e5312ac173f25f82f3d51c9a7821f8f,4470.0,2024-04-25
2e5865ecf46a19a9801f97ebf800f935,6215.0,2024-04-26
2e5aa5bfcb78e4177effb0b884a4ce4a,5788.0,2024-04-29
2e5c1e937653a183efb438b4d2ba5065,5757.0,2024-04-29
2e5d7f6fe052da2494246947f6f34776,2074.0,2024-04-28
2e5daa16af6578f74fd50d4359972f2f,6385.0,2024-04-28
2e647065905b293e939424b5c50df3af,5939.0,2024-04-25
2e6e9dec0120d7c42b313d420e909636,3544.0,2024-04-25
2e6feb1c49d3a913956fae8d3a00fe92,5458.0,2024-04-26
2e72552d1e6321efe6073191dbe35eee,8634.0,2024-04-24
2e7258b59e3006eb2d60d07fbeed530d,5710.0,2024-04-26
2e7308dad8bcf564e8bb1282e84fbe38,7474.0,2024-04-23
2e7500e6626750eddb16f16004d38206,5168.0,2024-04-25
2e75f7b92e843323f1ce80a3413112a3,6186.0,2024-04-25
2e78d09b762a91a2c8a9ffd96168647e,8804.0,2024-04-27
2e7ad92a741e2ee25373126b182ba530,3550.0,2024-04-28
2e7b99c70611ed52bd71f0bf411ac133,3453.0,2024-04-27
2e7c33b899dd0bc62b3781fe744d6e03,2091.0,2024-04-26
2e7d71bc91e1da874c0c8a4e51fd31b5,4164.0,2024-04-23
2e7f31bd050ab0be8db50180a82c9ffb,5281.0,2024-04-29
2e852480e6e863a572ad31e811a02cdb,8349.0,2024-04-26
2e85251ffecb4d0388171c60cf966e71,3126.0,2024-04-27
2e8bf953e5ec01eb9f8094ed728d30a0,2201.0,2024-04-26
2e8ebf38245e0aaad75e2685bac1ac9a,6519.0,2024-04-26
2e911cd24bd10636aaaa38e388a0af0b,4646.0,2024-04-29
2e9cb594dd31b96f569a68b909805467,6222.0,2024-04-29
2ea5e4eb4e915ab20b5c14557f073842,14477.0,2024-04-26
2ea8782a2785999f5e990a421aecf4ce,3459.0,2024-04-25
2eabfa8c71b129fdcb62826f1eb4e0c3,15760.0,2024-04-27
2eac1532c4e15394f9f85a0fdbcbff80,4707.0,2024-04-27
2eb0b6fd8289d60c98a3e26491496a4f,4850.0,2024-04-24
2eb8961f621ae6e86d2dcff97e5d8c99,4589.0,2024-04-29
2eb89bc3314577fbeda995b3d3be3aad,1632.0,2024-04-28
2ecd6afe3a78e27d556c7b0534db8d00,3488.0,2024-04-28
2ece5ae90ee02c121535df92a3069990,5043.0,2024-04-26
2ecef33d810e98274f724519b5cc9ba3,8857.0,2024-04-24
2ed0f090490d4121026aeface8416678,8228.0,2024-04-23
2ed129c0d5ca23d1cc4f7452dbd7d0cb,7593.0,2024-04-26
2ed3fae286de33d509b56431796e0f88,3897.0,2024-04-29
2ed58d709103ba197b05091064dd9e7d,2053.0,2024-04-28
2ed9644395d846c075815d5e5f151934,9845.0,2024-04-27
2edd6bb96ed78797663f8f928e462d85,4154.0,2024-04-27
2edfd743edee69602225c193ae89c1d0,6079.0,2024-04-26
2ee89237e17dcdb27ccb2e43b0295643,10076.0,2024-04-24
2eec583aeae4facb58a0b87371ae4541,12410.0,2024-04-23
2eed6e10f43608b01651f3468b67330c,6820.0,2024-04-27
2ef5e080597c08ebd708e7fd5e8179bb,4567.0,2024-04-26
2efd777af424a833fb206cd475f3719c,11388.0,2024-04-29
2f014cdf9ca1445999777ff0764585ae,2409.0,2024-04-25
2f0442b87c9c7b9305493b3191375e95,6573.0,2024-04-27
2f069f69c1092406f72fc038f932a0c6,10625.0,2024-04-27
2f0d60b24a30a0b5abb1e6076cbde3b7,4374.0,2024-04-23
2f0e51111f41a57839489331fdcf2c96,8886.0,2024-04-26
2f0e9bb9e63860bf748094d7f32dc726,9418.0,2024-04-26
2f115c20cc6a8f8da4f9adb90c7b3df7,4141.0,2024-04-28
2f18b762b654335a7b97c32839ff5019,6872.0,2024-04-28
2f18dba70a3f6c48cc3aa7bc899a15bd,7692.0,2024-04-23
2f1e67acb869691c6907fb4417f67163,10879.0,2024-04-27
2f1ebd4deb10d5654b1950c8460d6edf,9264.0,2024-04-26
2f22e62e18cf0a0fafe45cb03651d0b9,7652.0,2024-04-24
2f257f7a9fbed64ee3dca56fb59d316c,7941.0,2024-04-23
2f25ab8ba8d4276446902a194a7807fd,4162.0,2024-04-26
2f27ba1fba104fa9dc309355f4460eda,7481.0,2024-04-23
2f286c2a0fa4259489c2d3948847388a,12565.0,2024-04-27
2f296ba66bda4249714b27fbb5c04770,6792.0,2024-04-24
2f2983b2ea6da8af4ff2c36ed47a892b,2783.0,2024-04-29
2f338b07b59f65e6776187a381b14641,1657.0,2024-04-25
2f34546f9e4a1b95e5fbb66c357d52aa,1094.0,2024-04-24
2f34610674f38b2b5f9e707da8cef6a4,7052.0,2024-04-29
2f448b083f597d5f562fbd6b3129b645,3408.0,2024-04-23
2f44e733fa7cb2683b2bbe9de0d0337b,5830.0,2024-04-23
2f46deba5a2ce37832ae14458fc44901,5683.0,2024-04-27
2f4c16a2879c720d0fa1b59506c09884,3168.0,2024-04-23
2f4e95cb54cce06f06dc72ac73ee3f71,5091.0,2024-04-27
2f4f46645e6eb70d5ba13f6374c5f208,5424.0,2024-04-25
2f4f7267a53724937518d4335050e64d,7220.0,2024-04-27
2f4fde26a8609aa4bce23f9ed98514fb,8079.0,2024-04-29
2f562185b588ac42fde558f67c86ebd1,4344.0,2024-04-28
2f56d1379818327a1d2ed68da15ec87e,2578.0,2024-04-24
2f5e8e7c1011157391476b864f0ddfe8,3289.0,2024-04-23
2f5e967ad803e3083ea73ba7cd00ab3c,10609.0,2024-04-23
2f5eb1cdd10b5f657d4d9b9cf4a93ade,9552.0,2024-04-29
2f670dbd1a6ecace78b5f7edc41a5186,3356.0,2024-04-24
2f698823201343466cd181935da1508f,11019.0,2024-04-27
2f6adf64062ecb5083cb528463e48f97,3917.0,2024-04-24
2f7474dd830be6a00f28ccc5534125b2,8189.0,2024-04-26
2f7742f0551dd3bdc826d246494a1ce7,3897.0,2024-04-28
2f77c8898d392a32d326e4fb88b64c8a,6999.0,2024-04-28
2f79c2b013c1bbdb2dba944febc90d8d,3510.0,2024-04-26
2f7c406f62f6941c183fbee8060911d0,3674.0,2024-04-26
2f7eae1c18b693fdb08173adcc054305,4878.0,2024-04-28
2f80688226bdf15d4616b5edf30ff9e1,2630.0,2024-04-27
2f81ea7612b0aed1b0f3615af47d509b,3750.0,2024-04-28
2f83075a0e6e41c908e70851651b3c55,2775.0,2024-04-26
2f843939e214c27b3987ce46081719c1,6267.0,2024-04-26
2f8504ee7028993f08a693a931266d3f,2184.0,2024-04-26
2f897a6cc83d360a0ca5c0ed4d499c10,3877.0,2024-04-23
2f89f63aa14b9cb594449d5b50c6bab8,5206.0,2024-04-25
2f8d9bb771ab050b24936b10f9f1cf58,4161.0,2024-04-28
2f8f11552f429bfff3b9f4cfa82e3aa6,3869.0,2024-04-27
2f92ace950ee6b47c880e8884642d308,4061.0,2024-04-25
2f95ce2f5b580aab7d0aa03d38aac13c,1931.0,2024-04-26
2f999e947811889164599f4e7a813fea,5138.0,2024-04-29
2f9be8757cc27ce3163b024031faf4f6,7406.0,2024-04-28
2f9e3be2fabfd499180c592d39ed4c50,7209.0,2024-04-27
2f9e881e2a9cb648c1451799a85f7621,9532.0,2024-04-26
2fa086d5bcba32e166330a35fad609ce,11190.0,2024-04-24
2fa408fd73981b4c7e67e5aa4d8da608,9100.0,2024-04-25
2fa59dec2c0fd4a6c29aa353d99962a7,3865.0,2024-04-28
2fa60ee33cdc0d43fd7def82dc83c67c,10142.0,2024-04-26
2fa8317ced911ce4745ef38cd8cfd6fd,1005.0,2024-04-24
2fb050d906a4f5c822ca47b9896b33a4,12323.0,2024-04-25
2fb809dcc4dc0a9b56f33baebc698b22,15625.0,2024-04-29
2fb86ea90aabb3511762b38273bd38d5,3604.0,2024-04-25
2fb9c207f1d673aad48eb1da76c29511,4366.0,2024-04-26
2fbaf3d5e9c17762495f5b0625b1db4a,6076.0,2024-04-28
2fc07b0d45e05702b2b66d15b0912610,4586.0,2024-04-27
2fc83065ae7f87bd9a580eb4ce276236,8363.0,2024-04-24
2fcb448f87e781e399797a84b4dc58d6,3477.0,2024-04-29
2fceb434b44804ee1003f7a5f12b09d3,2738.0,2024-04-24
2fcfac4cb81b916a1de5274852cb7881,6462.0,2024-04-29
2fd300dc55c3f767076e3897c3cf7d54,13945.0,2024-04-27
2fd40d460e19907134b5907174aba561,3030.0,2024-04-28
2fd7116e416c2af4bb1188557efb1226,10516.0,2024-04-28
2fdd19f50787596039ab83dae243c63d,8739.0,2024-04-23
2fde8b6ec6b0fdfed670413d8077924e,3475.0,2024-04-24
2fdffd6114d805dcddd2159e8b1f0e7d,4290.0,2024-04-28
2fe0d7bea25453ef634e7fdaa143c3cb,7525.0,2024-04-27
2fe6590dd418e2d8c457eac9db264c10,1574.0,2024-04-23
2fe6f12d9e21351d6c9b53c3025efa51,4141.0,2024-04-25
2fef8322ffdd5f28a66788be4d183277,1303.0,2024-04-24
2ff61bb8259916dcc1945b1879769d31,2834.0,2024-04-27
2ffdda0e9313685b1ba06bb333df7410,11868.0,2024-04-29
2ffeb40541b9ba3ab046b37559eef1a6,4471.0,2024-04-23
30054db0febdb6f53d0da6ad63af33a7,6189.0,2024-04-29
300814039c754c9eff7486abba2bae06,12477.0,2024-04-29
300cee0cda4419859274492b3a2065db,6109.0,2024-04-26
301bd83dc84af5ebac2624b441ac7958,4555.0,2024-04-25
301c542351eb47c1c7750e72b4f19d00,11675.0,2024-04-23
30230163610dcf26339f56bd59406e4c,3911.0,2024-04-24
30233e23bcfed7c11ebf504429cee148,5697.0,2024-04-25
302469b3c60f4516f33ff0d91e7e9c20,2077.0,2024-04-27
302b3dbb87604f45cf9484d2537cc99c,7378.0,2024-04-27
302b9843b2201becc0e3c4931fadc0d7,5966.0,2024-04-29
3032d9179be1516f93793100957dcae4,7981.0,2024-04-23
3033524cf74500f11f5e434b9dd65688,5003.0,2024-04-28
30374e4b70df369f2dc4e9424ff98f46,5489.0,2024-04-29
303a1652690e56634d163e5467feaae1,3307.0,2024-04-29
303c49990baa9c83daf972ef96581572,3099.0,2024-04-27
30405a62162f98c18121ad1ee24dbc2b,8604.0,2024-04-28
304a722ef3e5d09eb504a4010a6b2cd6,1177.0,2024-04-23
304aa9ba3004fecb661f5fd99d5133fa,3927.0,2024-04-29
304e2af676f86e1df9daaac87f32c1e8,10112.0,2024-04-29
304ee12322559d0d1ec3a92b3604dc94,11834.0,2024-04-26
30530925cb545bcd531c3c9e31a08938,4923.0,2024-04-24
3053a639f2835933c4864f93d3040cff,10676.0,2024-04-23
30545b4d4c2310e22a674ea5b01843d5,4782.0,2024-04-26
30638dddc775178afc75ee598cfb1462,6801.0,2024-04-27
3063c563d8b50bb01fe72dc670c53f8e,3686.0,2024-04-28
3065a78aba234b267abf228fa318d0c9,4240.0,2024-04-26
306bddb5dbec3e939e40168fd0a93feb,3922.0,2024-04-28
306f10a8cb1672818a49427e60224cee,2606.0,2024-04-24
3070b2e965f840cd6434e8755a9d07c4,7385.0,2024-04-24
3076fa4196935ae0196419cfb00fbc70,13163.0,2024-04-28
307b42e2bbf73273d9d103b401052f38,6429.0,2024-04-25
307b813874dc6ae96c659da2c179c342,6434.0,2024-04-23
307c9c8d0f3fdd4b61d388f6d5645d49,7407.0,2024-04-23
307cde1bcae934b555b6ab9d73c050f9,8035.0,2024-04-28
307f0005fdbd7835702e30da2d66b9ce,10055.0,2024-04-29
307f3baeba0b9bb22603bbb5c875093c,2770.0,2024-04-23
308377f45021064732096a4bda180ccf,4139.0,2024-04-27
308643ad3b435291cb094792edd32a69,1777.0,2024-04-27
3088b05437f1bd577a86852f096cef50,8968.0,2024-04-24
3089e8fabc849e027b072c784a73113e,10884.0,2024-04-23
308a364321469f55a12309e80f7fb977,4925.0,2024-04-25
308e1d9a40f348ac1d09cdda4f9cfb68,4836.0,2024-04-26
309216c3a84206cc9383d0606d436070,3332.0,2024-04-25
309bc56a5a8c4681248b510ff8169ffe,2797.0,2024-04-27
309e9a3ec83a0e9bcbb7b9b7aa7f33f9,5464.0,2024-04-26
30a3a1216ba351a66b602268b608d064,4263.0,2024-04-28
30a5a9dc0a5eea9df256414d5eca34fb,2200.0,2024-04-24
30a75e9edc47bc734d344bbb1124299a,2630.0,2024-04-23
30a7936b38bec18b31e715d02dcc99be,1965.0,2024-04-29
30a9d43f9001e47dbde0283ccaf34975,9770.0,2024-04-28
30aab3ac99f8a308ca6a298dd4a4ae11,1072.0,2024-04-23
30aad4cdc207df334b152d84d101985d,3438.0,2024-04-23
30aef367586e899486f901315b30ec7b,3754.0,2024-04-28
30b365ec6c16affc3ff80121ffcff169,7961.0,2024-04-27
30b88b97bfaef9f31b347e46e5538548,5264.0,2024-04-26
30ba3af620f4650da43b72126a9ba08a,9931.0,2024-04-27
30c86cd8ee7dd56425c179b3856e105f,4046.0,2024-04-23
30c94863b96a1afe85fa3a6c05d34717,7362.0,2024-04-29
30d702bd13c697fd45df0a347f176680,6862.0,2024-04-28
30dc149db20822c54e7c202ff644ab2a,9520.0,2024-04-23
30e202bebd23dc8bb2a39a9532ccd37c,7283.0,2024-04-24
30e4d518391ca9d1839200ca37e34f43,6661.0,2024-04-23
30e598615755982984efb064992b5075,2897.0,2024-04-25
30f111609a8375e739b1aa7de183203e,4031.0,2024-04-26
30f446f720815cb5edbf8a2bd44767ae,2228.0,2024-04-29
30fc653f4d14407e8ca01bbb5bdc17a9,5053.0,2024-04-24
30fda6ad3f51a3cc7c0ef7393a77def8,1825.0,2024-04-26
30ff44d985cc5c8fa0083b8da03a0fe4,7146.0,2024-04-25
310390eaa62ef7c7e82d3fe25a44bfd2,3949.0,2024-04-23
3103aeb4884c643e329d083ff5c8fcf5,8276.0,2024-04-29
310eff227e4422d64caadccf62d7e9e0,3461.0,2024-04-25
3116b2c28fa713c03f93c3a1a686449e,1082.0,2024-04-27
311825c746e56698fec5e87f5948b8d2,5406.0,2024-04-26
311cb8efa94be5c721e76f7423007fe7,7432.0,2024-04-24
311eca2d88c6a223b7753f89cde4e61c,1730.0,2024-04-29
3123c56d60658b43a2ae772b1bd54944,2997.0,2024-04-24
3124f2d4e46295151060026691120f34,5369.0,2024-04-25
312753bdbb32f947b8b3990627d165b3,14371.0,2024-04-26
312769262531c6883031deeefb4c60ed,3630.0,2024-04-25
31295ba1a7a36ccfde284fffe3b728b3,8930.0,2024-04-26
312c62ddcf0f3317714d68d37f7582f9,5171.0,2024-04-24
3131d36334f4979d515a9873acfdebe9,6825.0,2024-04-25
3137309c69ea84abba1642f6301ab84b,7721.0,2024-04-25
313bb1bee1d16f5f2771888896f13a70,2770.0,2024-04-26
3141280a52efc4ab8e9d6bc5f1a98244,3438.0,2024-04-26
31456b35ccf5231faa23d957371ccd1a,4384.0,2024-04-28
3145a2d074341b074b1b74841cfb68b9,3712.0,2024-04-27
31490c4c2267f677d1aa403bddfd91d4,5246.0,2024-04-23
314e4ef4355d9941f1c75ee3640cd4a4,7528.0,2024-04-28
314e9ae89ecd5d134a5c21e1a7b9f05f,5072.0,2024-04-23
315101b850264636a0d72a949d79417f,4872.0,2024-04-28
315129d7ff3237852d3a18c19e5b01f3,6355.0,2024-04-27
3151cb30f1616ac5e0aedefc771832c0,1467.0,2024-04-28
31597534a1899d1644beedc9709160a4,10886.0,2024-04-26
315ed9fbfdb0137f6b702a34ed13fbf2,8036.0,2024-04-29
3160e3c48196dd8f172de14e13535722,2280.0,2024-04-24
316d5a7c9b7cc7857aa4d39a45085146,5936.0,2024-04-25
31705f9cd6c82f9947f3f9cf60d1f589,11637.0,2024-04-23
3171e17f77946a8c12d27bf1ae87c597,2685.0,2024-04-28
317c2748fbb3a9cdc14ffb3514e2337b,7008.0,2024-04-29
317d5c7299977f31e6c870c9cca674a6,6629.0,2024-04-26
3181bee70102dfd6e10af26237be3e0c,2469.0,2024-04-26
3186256b4c6ef8ab2d92cd28bae1d424,6486.0,2024-04-26
3186b0aba17479bab884b90b0a1323cd,6334.0,2024-04-25
318726a63753b1a257a19316197c325e,7961.0,2024-04-27
31885824cb153b48242d14b3ccb03954,3175.0,2024-04-25
3190076b0e2fdf77c6e7f3fca318f223,8242.0,2024-04-29
31929259ecea2bc384f00e4c957c0137,6189.0,2024-04-23
31992b64023fafcc6578f9592655a968,2997.0,2024-04-25
31995f66b9e930928e1af67eeaf2a597,1372.0,2024-04-29
319d26cdf99e69cc6292a2fca13df526,2742.0,2024-04-23
319ef50573e6710f192dec13273a91b7,6227.0,2024-04-26
31a3c57bf3988be4dedfbce74e4e92d5,7662.0,2024-04-26
31ad69f65bbc8a14f9c3b2388f834c53,4059.0,2024-04-24
31b58066704e1d6ad0c959e582c3fc26,7891.0,2024-04-25
31b58390e006dd384f097bab7ff25831,7333.0,2024-04-23
31bb86603b6bcbdbfcb2481e815ee27a,3170.0,2024-04-27
31c396eb00668c850986ce94f08f0b12,2032.0,2024-04-26
31c3d24dd85eda112bf8f4ce4a6c7242,7154.0,2024-04-23
31c3d91192067051f40efd378f546253,4180.0,2024-04-28
31d879f0f6f336914da0c15fa987b5be,3225.0,2024-04-24
31da44133fb101f7f7735674fa420410,1459.0,2024-04-29
31da7cf95cdbebd5769d5026e6b6b826,6842.0,2024-04-23
31dce1fba586f9bfdd20b822ecf73711,3833.0,2024-04-27
31de6064e6998ac2f838d821276c4406,2631.0,2024-04-26
31de8938b301b799217ee6a03ec9290c,8634.0,2024-04-27
31df16ae24c9c0ac36931c89bc3d5bbd,3713.0,2024-04-26
31e233dafe8a9008cbec3f65c4acff40,1176.0,2024-04-23
31e263c057ac15651a37f0398d1cdcac,1793.0,2024-04-25
31ea45a4291286a4134d6b2e35e8c6c0,5965.0,2024-04-25
31eb315dbb91e5d5e1400e182685550b,6455.0,2024-04-29
31ec5b848152a2c48e5918de4a3977f6,7291.0,2024-04-25
31eeb0dc05358bebd5f90136ec3e1c9e,6283.0,2024-04-29
31eff95e1a4d481245bb17605e515854,7773.0,2024-04-26
31f210c47f5903441519c53d8e1c92bb,5502.0,2024-04-26
31f7cedca4c3c8ddc924c38f324d121b,3267.0,2024-04-27
31fa01860cb35ad76467e322abbe7461,5530.0,2024-04-23
31fd08472258c63d4a4a6cedd8069e5c,8500.0,2024-04-25
31ffb25cabae7d3a29000f73f498c7da,6380.0,2024-04-29
320153c419fac618b78e1459d2edb3b1,8525.0,2024-04-23
3202e4209dfca1be76ba6d9d3d477d40,3672.0,2024-04-29
32064e4f7ed0a26e34c84b733f3442ac,3626.0,2024-04-24
320b282917c3a8e05e8839387edb6c51,7307.0,2024-04-29
320ec9ca081242d8e91d4a19038a6bd3,2597.0,2024-04-23
3211f74b09b0014b6de1ed59314b7f43,6813.0,2024-04-24
3213c6bf19827d5ca929be93441379f9,2924.0,2024-04-28
3213d9cb6f1178276c020be46a047061,1665.0,2024-04-28
3215bef3710013e43bf72cea7e4acfd8,2319.0,2024-04-24
32199b7218e080ad844383d94f9f8297,10800.0,2024-04-24
321b14be17852659a3de72b0f3ebb8bf,5719.0,2024-04-28
321ca7d817df9bb5e5dec6963b6fef71,6522.0,2024-04-24
3220c6a6de2053bb47c6627a4c3f13b7,1806.0,2024-04-29
32215ed30faeee8c2dbfddded4246ba8,6640.0,2024-04-26
3223fee0b747aeda418c6a589ec413de,2511.0,2024-04-28
32251225fe2f4f2f8e91c43779188017,7605.0,2024-04-26
322607cecfacbe0a57b805929b499207,8285.0,2024-04-23
32288ffcb5f925a9d8437fb195fa907d,2695.0,2024-04-29
322fb64641324c4dc613ed2780838f07,6314.0,2024-04-26
323417ac5514bfce7ff115dd57a6b50b,5001.0,2024-04-29
3235062b01aa0d8125a36f4d9647c248,8916.0,2024-04-23
323766c9400bc3d1f17790d961437de9,7602.0,2024-04-28
3237a4346466a22b9074ac47eff3f07a,8201.0,2024-04-24
3237efd176f6e0b328fa118b55c12899,11396.0,2024-04-27
323ccdf581d2bf025312a999076f22f2,2591.0,2024-04-27
324342e9d20e77db80946e396b90a009,8324.0,2024-04-27
3247e367ad7af92b3f11f1e86e89a216,5636.0,2024-04-28
3249b9030cab4595cf8d0aea5feff6a2,4008.0,2024-04-27
324b24ebe28930ef4e32e7dba70f749a,2507.0,2024-04-28
324e94cf1dcc98f668e114e7a0fdf034,2075.0,2024-04-27
3258a11173c16536e63e1c8a782977c8,5742.0,2024-04-23
325a2ee2d7624ccd53193187cd4c2a70,4145.0,2024-04-28
325ab28f645a6a8b2a0cc907172b7545,7329.0,2024-04-25
3263d1e9bb6f125174ef7709cc0ffa1b,4371.0,2024-04-24
326568fafd7c27e153bfa04aac5a224b,5821.0,2024-04-24
326af485218c2a14e168161c9a35864a,3800.0,2024-04-23
326c69b2f633d79417beb01dd9a25fdb,6429.0,2024-04-23
326e5bd211281b7d51fc8b889e1dbd5c,4708.0,2024-04-28
3270acaf285d6fb1aae51fb2308a05b8,2355.0,2024-04-27
3272764481a7d83377395994c1c3ca30,8666.0,2024-04-24
32745cb2dfd6f4ce02f0c30eaf6ba146,8626.0,2024-04-27
3276ae082285b8cef1a7c29f8f7d04b5,5832.0,2024-04-26
3276bf7a16167f6524af274bb5b3ed69,3266.0,2024-04-28
3279d466d961c655353757f32f617eab,9713.0,2024-04-28
3281297f66bfb7fe02c76c7fdf15a752,9289.0,2024-04-28
3281b5e75705cf57af448f4ed53d2624,3754.0,2024-04-26
3282ecad2a012ce24644fb56a35421d8,2484.0,2024-04-28
32851e4aefcd3b5924e356d7a7a5cc92,3368.0,2024-04-26
328631128ca3d5ad2d7bfd09ceacfd19,6661.0,2024-04-28
328976a680c3ec2beb8679bdf3877067,7266.0,2024-04-27
328dd84bb97b77bb55bd769d2f51279d,5089.0,2024-04-26
32923f045e9a736742fb049a21f1f581,7771.0,2024-04-27
329355ddd587f6033f987faa86151a69,4457.0,2024-04-26
32969c4894654fc785ba3cf896497182,5811.0,2024-04-25
32973e9da95ac0b7bd8a45342171aa56,6629.0,2024-04-29
329a88641d6c3e167c87d66b0010b5f6,7689.0,2024-04-23
329d67e15415c6965bff25f69cdbbfb1,3934.0,2024-04-29
329f99d2f3b3b9d94c217b75427924b9,8291.0,2024-04-29
32a4258db2f49730b66636fbdeaca995,11708.0,2024-04-27
32a994fcd7b9bd16ab236131f8febd35,2917.0,2024-04-28
32ab5533fc2d87ebf606fa270f1cfc9d,7039.0,2024-04-24
32abba09f2a5533b775f79fcd6d4a5da,6074.0,2024-04-29
32ad3ba060428043722f1935c2da2437,2605.0,2024-04-27
32afe0b845f03bc91a668a860362954f,6556.0,2024-04-29
32b09bfa6686059522132d12c7d57fb6,3157.0,2024-04-26
32b8883185576399acdecbc9e5ee7898,5250.0,2024-04-24
32bfd4fc4c29eadff68f5c9db6473240,7125.0,2024-04-29
32c17ae8eae800537c44eb6db30fc41e,3402.0,2024-04-27
32c7b0ed048ab7ecbaf1ff093f6ffec0,5668.0,2024-04-26
32cd7dd27b189636aab5926b06065e71,4923.0,2024-04-28
32d1251b8ac76acf69cf532c569beb23,5515.0,2024-04-28
32d3de39530fd3c574034b746ed7392a,5445.0,2024-04-23
32d75bccc72da54f7d5165e902f55293,5778.0,2024-04-28
32dc14083bdf1b6966d14fddf1527a06,6957.0,2024-04-29
32dcbf754f0638666d5783c47d3bcaad,2987.0,2024-04-25
32e0d3fd3acaa5be3d64cfda2003584c,7090.0,2024-04-27
32ece78e83b8474ff62bee1250aae24a,5950.0,2024-04-25
32ef40a699b9388df3f2ae5d392f6a8e,2395.0,2024-04-24
32efe62a9d4f346dc7bcb119c878cea0,3311.0,2024-04-23
32f1d97d2e955f7557d5868f76999306,3809.0,2024-04-29
32f9a32f8aae162cb45bfbcc485032d7,3628.0,2024-04-23
32fe83f4d2c72ae4d46fd85d588ae4b6,4111.0,2024-04-23
33024ed6bf33580a05a5fb656d1bb260,2813.0,2024-04-27
33055ce9518b162cb1f29ccee1570d2d,8026.0,2024-04-28
33059d11856341d5292d13a0beeeae61,4205.0,2024-04-27
33076eefdaae5475091f83f007e4ebe4,4372.0,2024-04-28
330b5a8bf89e768394ada921647dd7c2,3440.0,2024-04-29
330e56105ab2ec483bbec99eb87d86ce,4576.0,2024-04-29
33107ecc203e9cbd0089639fe3c85f32,2064.0,2024-04-28
3311202c4c5565a5aeeb8333c2b5d100,4737.0,2024-04-26
3313da2b84bc3ff265fecefd464b2fbf,4953.0,2024-04-23
3317157863cb549706c2d57807db011b,3556.0,2024-04-23
3318c0dc81ab71e6e50dcb85cb061d9e,3849.0,2024-04-25
331aa82d8a2c17a9d187bb1746e874be,6057.0,2024-04-27
33213566938aaf65470afd23252a92f2,4849.0,2024-04-28
332b319c6da0e9a2f1b2bbd0510de639,3675.0,2024-04-29
332ea3c3c2bef3daf4495b1d6e3d0fd2,4750.0,2024-04-25
33362a0c55a505b5690abc8ac6f457f5,5208.0,2024-04-29
333739d0921a6cf0339b3d70deae533d,12087.0,2024-04-25
333871affb2f14e7cdebf7570fd03921,3791.0,2024-04-29
333f13ccda34c7768146b2d9501424e9,5518.0,2024-04-24
333fb4436c4d134c66d9c20e07b8b1f5,5072.0,2024-04-27
3340b0db03c4d48865850c4c179d3a2e,4787.0,2024-04-23
33424981ce9da31dbbc0f2cdd7810bcc,5801.0,2024-04-29
33449c0583f15e97352d9034df1f1b19,7129.0,2024-04-25
3344f6a4f1606b696c355e8753a04e9e,6136.0,2024-04-28
334a75067324cf34beaee8aa800155ff,10383.0,2024-04-29
334a7d2218c3683a110f6ea2a27c8f6c,3298.0,2024-04-23
334e4796deb7b7e5aeb426317bafc38d,2194.0,2024-04-29
33545088f497e572d500967d610310fb,6668.0,2024-04-29
335632f05cf104141838f753ab235c54,2685.0,2024-04-25
335d300cbcd51cb5a82f3e559ead4515,4215.0,2024-04-26
33659a0a031e6b9a0d2b38b23d43269a,3752.0,2024-04-29
3366d115e07c7fdadcc90a8b8060f1fe,5832.0,2024-04-28
3373a3395e9f2927db203d8b74e052da,6027.0,2024-04-23
33758c92e0ccbf3cfbca1737fc7f3957,6948.0,2024-04-23
3375b4a39b9dd1b0727834fc2f80c15d,4269.0,2024-04-27
337667f8553f4145492e2e5ff4c76ade,5486.0,2024-04-29
33779f72170142a15c0ecae103abef0c,4550.0,2024-04-29
3377c020671b70b2b4c3b0a79dfacfe0,6366.0,2024-04-27
3378448d1bd26a38cd5a1ef0a7471700,5134.0,2024-04-26
337f01b2617ff7f2dfd484e0b98b5ce0,2687.0,2024-04-29
3387ba9916a94d060fcae950a604c81d,4234.0,2024-04-25
338ddc72a367111a28605b7484f6277a,1738.0,2024-04-25
33915e013e91ec9c77302e17da1164d0,3111.0,2024-04-25
339ab5ba91b69fc846f85883f45a300d,3755.0,2024-04-24
339b3ad8c116b59408a9ec3ef38c39e9,9507.0,2024-04-28
339f0d2e1c5b815f2b6dac69f9e26039,5541.0,2024-04-23
339f7b74d248f1f76cfb78f2658de816,3984.0,2024-04-27
33a66b35e6d043b6cad46bb5c4f1959d,5427.0,2024-04-23
33a9076bc474017d6657776d7acdff35,1067.0,2024-04-26
33a9568f8a845ddac3e407fcb9a0eccf,3257.0,2024-04-25
33ab562cfa85971d27395ef859ccf0aa,3429.0,2024-04-24
33ab72b7cdc3438b99ab44862894089a,8715.0,2024-04-25
33b11382c52f00d0731c197e33246617,5088.0,2024-04-25
33b24c019ca6cab03925717349fa3abc,5496.0,2024-04-24
33b28301200b2fc1eb9126d5afc78dcb,3842.0,2024-04-27
33bc3dbb028e0b8aec7e049fbf229c3b,3114.0,2024-04-29
33c0b7f05c180d7797c46e42b9aaa948,3677.0,2024-04-26
33c15313905215ca0db7efbff2dfa2cc,6270.0,2024-04-28
33cf0279be6611d3a56e205be93b691f,5987.0,2024-04-28
33d0913283584661e6b15b614e6c8d1c,5962.0,2024-04-24
33d0cf20e444503bc53705eea88e7d8c,4217.0,2024-04-28
33d2b34c864cecc0565cb8386ae00f18,4183.0,2024-04-28
33d332db98703be5e849451d1a43606b,8165.0,2024-04-23
33d84d3326ba968170f179aa5cec898e,6405.0,2024-04-27
33d9bd449d26263eaaaf70ea1994cff2,3082.0,2024-04-24
33daa46710f6ab2077f0eb125f0347cc,6728.0,2024-04-25
33e1a0904b0015358c5531651b1e87f8,7828.0,2024-04-27
33e5f499bb83f2949ccc86f1386d8827,4275.0,2024-04-29
33e68db0f29b919a7ef18547a7b597a6,4659.0,2024-04-23
33e80321a1deeace3ca719ffd832ff1a,6624.0,2024-04-23
33eaab0d9f2242aacb94503c43c6af1b,6070.0,2024-04-23
33eb4531ddf159f044ef05fc851cb046,2620.0,2024-04-23
33f16a1cc7992e00fcc7cc7fa14f4d6d,5736.0,2024-04-29
33f1e6e8263fbce20609d0c57574750b,5316.0,2024-04-24
33f25239d2d1e9650e45cc1d4b97a29c,6632.0,2024-04-28
33f6779207a9c59f2401b2df444a6f63,6733.0,2024-04-29
33f6e6db9a32d4c75a2b79eaa11439bd,7826.0,2024-04-27
33faad9d6fc0e7f7fff67b1a96125e8d,3795.0,2024-04-26
3400c47820e86a4589dd05fef85f25b6,3492.0,2024-04-24
340210d490097ca2dacdf743e6a03a08,4553.0,2024-04-28
340276e1a07d2514daa31e7bf199f149,7073.0,2024-04-23
34049cd6b50688188577c491beef0f77,6806.0,2024-04-27
3416018ace86f20cb4b6d23a1bae8bea,4822.0,2024-04-28
341d7822d9ba1551ea932c38ab99dac7,7842.0,2024-04-25
341db3c28dfd83461ae212a5b9a29e7d,3930.0,2024-04-27
341f355e814b2653ff7508e4a98cb4fe,7133.0,2024-04-23
3425ce15a365984d04230f9aeb7b8490,3816.0,2024-04-26
34286b44802d8bd1306ae26dd67cd157,8325.0,2024-04-29
3428e45538be6cd5cacc144ef0ebb1ae,11822.0,2024-04-29
342a6b206c0fc56816624351a62c8c36,6720.0,2024-04-28
342be9bbdb999bcec256b404780312ac,2886.0,2024-04-25
342c6b367dff62ee6686cf5bbfd18bed,5972.0,2024-04-24
3430cbe558811f18edb7355c9886026a,8256.0,2024-04-28
343af297d0a8e6a9a9eb82cd23c07e43,17105.0,2024-04-29
3440e72bdcbb7cefe3aed9c11de6f84c,2537.0,2024-04-23
3442b724f1884d0d7796d73b024c257b,5536.0,2024-04-25
344883e6488aa25ae8f688933cb8cc12,2240.0,2024-04-25
344a75b5db768291fa0d3bc9db51d3ce,5953.0,2024-04-28
344cf5b853c351ba6c0674cf683add94,13526.0,2024-04-23
3451a604303de20d3af23f94ce1f4b80,10894.0,2024-04-26
3451ace8a5b439d570871114571867aa,3849.0,2024-04-23
3452e455cc3b97179a727df5d00b1b37,8900.0,2024-04-24
345b8a1007f08bebb89153f30ef1cba7,7699.0,2024-04-24
345c73de75b275cc61d7fb7c9593fa8b,1004.0,2024-04-28
345d7fba3d5d991ddcdea6c152916a76,5943.0,2024-04-26
34692dfbdcf50f92a062f3ea0c57bca4,3954.0,2024-04-26
346d05a0fb2279968050d4d8dc7fe2d2,3328.0,2024-04-27
346f1447c01074c51a2f6e8ef46e2b32,5763.0,2024-04-24
346ff7aa3ab2027ea0a4b83f1ab4a710,6838.0,2024-04-23
3470113ca78f678e483f11fd946b6ed7,3020.0,2024-04-23
347120b17e4ba0c3695d2cc3f36a4cf6,2483.0,2024-04-25
347443d2817ae06d717edb6d4a3e9296,4981.0,2024-04-27
347aa94cb76f3996f963d89ff5210c64,13151.0,2024-04-29
347ce9b6e78f845fc8374f9006cab799,5792.0,2024-04-28
34818afa3f50efa801d58b2e9e51adaa,1259.0,2024-04-28
3485943455f21476092f495aa2ad588f,6131.0,2024-04-25
348773f87450f336b5333dbb262cb3b4,7315.0,2024-04-24
34908e53de3b97860026ef49db4edcd8,4946.0,2024-04-29
34a1b1b65b7c7c3e67b67f0b2f8868d5,3972.0,2024-04-23
34a2455936b5876eafcfb413a7ed8d74,3839.0,2024-04-27
34a69a1408fff90a425add783cb53528,9275.0,2024-04-26
34a86db7f1a1f510f2ab4f48ba0913ba,5644.0,2024-04-28
34ae5a5883e3434e9ad514d40202ebab,4553.0,2024-04-27
34b27fca59e01fe639e45d0f858c1056,7470.0,2024-04-26
34b6b3ce740d196e4aa8161c8acecac7,9990.0,2024-04-29
34b6fba5133531c2425a95bdcf8a905c,5157.0,2024-04-28
34ba0243d716c70dd3db34dfbed59aa3,6481.0,2024-04-24
34bca712ebf7f8eaf2c0b5ce56ef6680,3061.0,2024-04-29
34bd7ac22f1393c3fffcddd2abe6ce4d,8556.0,2024-04-27
34cac1dfd520faa25de80a72d13fe28d,5980.0,2024-04-25
34cb3ecf3cb3a178cd361457d89c616e,12543.0,2024-04-27
34cbe6befa10229a39236a055003b4e0,3723.0,2024-04-24
34cf99b162e9c26b2ec0641878586b47,9055.0,2024-04-29
34d00cf8ce1949e5b3c6f37a06ef9324,8201.0,2024-04-28
34d55322d324e7dcd839f669836fb56f,7487.0,2024-04-28
34d5eb8c02be31989a9e336264b0b1a2,9581.0,2024-04-23
34d6572d600b94666f1a35d5eee2ce52,4860.0,2024-04-26
34d98efac1315611df609db1d4620815,1767.0,2024-04-28
34e4808598f0793dcddfc2fdb9088300,3326.0,2024-04-24
34e6c331e7723d603e506ccda21bf959,3091.0,2024-04-28
34f180faa7653e8f4fb5c76b23029950,4227.0,2024-04-29
34f4f0332b361516be1c095900b44dd9,2869.0,2024-04-24
34f75ee241ac652b297f9b068e2ef057,11035.0,2024-04-24
34f9a01fc3634d8bb9fe2b2a6d76e332,7052.0,2024-04-23
34f9e4078a5268c06183db67b651af08,7759.0,2024-04-23
34fb5ba5123cb33da80de2d7ad0a5dfa,3574.0,2024-04-28
34fd75b45fdc55257ba06d50a7dbb486,7222.0,2024-04-25
34fe98dc1ad6f2e188ac416eaa623356,8023.0,2024-04-29
35016953dac1de22542aee556d7aa9a5,3408.0,2024-04-28
350550bb8409a3b62282fd4a4c9f27b0,4147.0,2024-04-23
35069cbfc4c732313f55ae61893ac34b,6567.0,2024-04-26
350767b8f2acfd0614effc9abddd44b0,5033.0,2024-04-23
350a5ae5cd3bf0f597794c73c0a112b1,4664.0,2024-04-27
350caad7762f25f817be70a4ec111979,3460.0,2024-04-29
351009fa37c0bc07497d969c86a12c6f,7132.0,2024-04-28
3510162bef258cd2b2dbcdcf881f06eb,3412.0,2024-04-28
351504dbe4c15bdbe10c410069b1598d,8983.0,2024-04-27
35164a042a6495f84959a0d4d0f2aca2,4976.0,2024-04-29
35172fc8410a088109b9ece14e749394,2915.0,2024-04-24
35199fc1aaaef9b67c989cf848dfa627,3609.0,2024-04-24
351a3af336ae3b97a13498ba8df7be5c,5721.0,2024-04-23
351d20588810eab9ceb9c3679358f34a,5357.0,2024-04-23
352405669999a83a4967d35827eab753,2908.0,2024-04-28
3524252869758bd79b5576874b9d5cea,4920.0,2024-04-28
3529fb8c417dbc388f630ec2aea41608,1566.0,2024-04-23
352bf9885ab984ea981faa1d7179b49d,11929.0,2024-04-27
352cff0f2bc47f674ce1e8dc739b1c3e,6325.0,2024-04-28
352dceb86b1c1328e94b420e32a58d1b,5272.0,2024-04-23
352f6f17f5eef362161b8970b386aaf5,2326.0,2024-04-26
353109d5110f7adb5e78ed1e92793b23,2905.0,2024-04-26
353159ee117bcdabda8d5e441a644026,5239.0,2024-04-28
35372695360ca3434c490980970b9017,5087.0,2024-04-29
353cf2a4321714c44724a57342302dac,6448.0,2024-04-23
353e11be094e33361766073c5a36929b,7323.0,2024-04-27
35449e57f4d9dce7c74b15dd4137ccc3,2364.0,2024-04-27
3545cb3c1cc0cdc17eb1e0a2df837eac,3261.0,2024-04-27
354a95badff8ef0be4bfa2898310ec6f,6633.0,2024-04-25
355c5af770c5f2357bda13a7cae73f04,6744.0,2024-04-26
355d0d2b56b591486f70cf095e2d9564,4347.0,2024-04-27
35601a6a06967d383a204f49cd3767ff,7954.0,2024-04-27
35601fd9736544e9109a80a7d96e770b,11493.0,2024-04-27
3561f3e56cb0dc744f1bc2fa2d35044a,7691.0,2024-04-24
3567146c4ce6d39da6e5694043fa0315,5582.0,2024-04-25
356978a2eec9ad77a23546c9c3a7a47a,4828.0,2024-04-27
356a0d73c4fb4f88ba23e0b878933e7d,2014.0,2024-04-27
356f251b4919f9f5735f3938aad1fd0c,4872.0,2024-04-26
3570150c220e50c653f43d0c77ee4461,5435.0,2024-04-27
3578706e6c04f6366c6c700513ec4ef9,7786.0,2024-04-29
357f2ee941d50008385d7b73ef0173b6,3615.0,2024-04-24
358392836719dd5a2a4bec68990246fe,3760.0,2024-04-27
3583a5cd958f84ce7ba8a82668b00eaf,5929.0,2024-04-23
35847631d666c813e48150eb0c748c1c,9640.0,2024-04-25
3586cbc89cd2638ca8d1abbfe29c1421,8078.0,2024-04-23
3592b1cece2a22c5d521c7ec452adde3,5213.0,2024-04-26
3592dbcc69670364d7dc8bcad40511ce,10399.0,2024-04-23
3596ba595422f1cb40a2afe8af472b08,2319.0,2024-04-24
35987b30500445f670d43a0697f40002,8004.0,2024-04-26
35998d8f1378cd2218bf77ca98151121,13686.0,2024-04-25
359af24b8068914ab1d1dd079bc780c9,2994.0,2024-04-26
35ab6939bd0e920fb53d9969be330b9c,4252.0,2024-04-29
35ab9f244d5eb1fd4d94d25c6b48e8fd,9553.0,2024-04-29
35af66d6a7fff1f54c8bba03877d191a,5657.0,2024-04-24
35b396cf101783ece5ad4dc1fb9eccea,8420.0,2024-04-25
35ba9b11b8df3f819aed762740b5c133,2833.0,2024-04-25
35baca5e75ce66c25de307655d05e755,3864.0,2024-04-29
35bb88839ee12f0f5a4c9acea07dc67b,3108.0,2024-04-26
35bc6e3fd3f0ddf1696868c6ca1d7c07,9411.0,2024-04-26
35bda2bc77f1d8754c4f34933ffa0988,3869.0,2024-04-28
35c22d7311b6bf5d37b2414c43d60572,2604.0,2024-04-25
35c7c165bd0a98be16c99097507b04ef,6473.0,2024-04-28
35ca66e54c98cac1e811cfa063fd16c4,6093.0,2024-04-29
35ce5c6a1b3df155c5aa9a8c5988f96b,6241.0,2024-04-23
35d167bd4a67042aff82b6e1509d86e4,4322.0,2024-04-25
35d383c572afc6e0d2fc81f5d93f9214,1226.0,2024-04-24
35d4cafb1bdad6ec38c09dc8ab5e455a,3305.0,2024-04-25
35d4d008c2be2dc627373c729323d3ae,2851.0,2024-04-24
35d50ddd096b8ef9eb01c86ee70acf64,8230.0,2024-04-24
35dbc0bf5b91ead7b1a9e8e0e02f5848,4729.0,2024-04-27
35de5482f08cefd693830c6bd576181a,6622.0,2024-04-27
35e14218fed290347b497dcdd4f112c7,6538.0,2024-04-24
35e8e2183316bf9d941930de6886c4f3,4719.0,2024-04-25
35ea7f4c20eddf74dda4b2ee58358813,4000.0,2024-04-28
35ee473aa5e5c851ccf139849be922fb,4160.0,2024-04-26
35eee9ac14ffb2c60546a7cae2447828,4002.0,2024-04-27
35fbe4088d5a82d947b9bf12ab0d54ba,4479.0,2024-04-29
35fce2895bc2cc281b0e940b68eb2e5f,5774.0,2024-04-27
3603020d03e4c24544f35e8422cb338e,3283.0,2024-04-27
360a68e0362d568a99aad29682c04c73,2377.0,2024-04-25
360d14be690bcbd2a803f1542a0a3f6e,2702.0,2024-04-28
3612d3ba80de50ea46d96d902b66d586,8544.0,2024-04-28
36155473f777575532ed33aae010065d,7778.0,2024-04-24
361574ee6995ea7dc5e9fbaa156ef25b,7622.0,2024-04-28
3616b40045b479d88a5d2a6f041b206a,6780.0,2024-04-27
36193961bb9b85ddb8caa4de7bf9e012,3628.0,2024-04-24
361acda93370d11e4572e59910b1c621,7074.0,2024-04-28
3626ad93a1bae52d4f595778329b111d,9716.0,2024-04-25
362beb01470cff1b7c2a15578affc5d2,5392.0,2024-04-23
363490f08b347689caa5ba55ac242d61,7734.0,2024-04-24
36351a27a9aecc6ecd38a7f441e1f497,3472.0,2024-04-25
363c1b4d3d0e82e9919bff38bf84c733,2728.0,2024-04-29
36417f0fd8ce19b6a92131d0627a245e,11567.0,2024-04-24
3643a5c05e371bac8724d5b80fbb0f75,5982.0,2024-04-27
36442d57859638db9492c978752f840b,4101.0,2024-04-23
364e4d21c07aba7ebd63891a3eabf5e5,11091.0,2024-04-24
36504e13051be40b6e85577ecc80c0ed,8834.0,2024-04-27
3650f090ed786a201e8c51d63319a0c9,9082.0,2024-04-28
3650f7bdb7ac0bc444c2270c3813f603,7935.0,2024-04-29
3652263c53f27c09c3a5849ef8177d89,4754.0,2024-04-26
3656675144235ab395fc19f97f9c0e66,4451.0,2024-04-26
365b9c4e26357a586c9a976e71bff49d,6730.0,2024-04-25
366543c2a24f6271337471b49a7da052,4247.0,2024-04-28
366f791d60250ab26eb28bfddffb969a,4410.0,2024-04-23
366fe1149b595a1902e4879885ce3735,5491.0,2024-04-24
36734722267c130e0d88e4d183b24b1c,9291.0,2024-04-27
367a8a402e78f3ee746fcd604b03106c,4577.0,2024-04-24
367dce330b0c6ab321344e65ab5e5b7a,4914.0,2024-04-26
36874f0688c7d55802c2c853c4e03030,5429.0,2024-04-26
3697867d62ec4c83fd0860125d98c3f6,4556.0,2024-04-27
36a00d9cc4f423f6067c5b938b25a9dd,3541.0,2024-04-26
36a1b878e554154f0975381cbdccca48,6500.0,2024-04-25
36a331e400395528f127d5bcfee66d41,4653.0,2024-04-27
36a5287fdb2cfbb131393ae3329cc680,10149.0,2024-04-28
36b6ae1c4828ac5719fed59199d99c38,5114.0,2024-04-26
36ba3e79108f9fb0cc1e96bcc3a78704,7868.0,2024-04-28
36bc627f71b3e2041fe7f700d63aebeb,5041.0,2024-04-29
36bf3b1e0f374680a13c1d050a002fc5,4590.0,2024-04-29
36c194f1b818372be81f49a9dc0ddd3f,8479.0,2024-04-24
36c7b3c9ef0001ef4f45b36cb32cf961,7252.0,2024-04-27
36ca0016c1fcd1636b3a3c1294c81643,6179.0,2024-04-24
36cf0b28a522ab6f25687e2a5e6d69fb,7349.0,2024-04-28
36d3def9cde5502a91c993a379df9e15,7209.0,2024-04-26
36da7cb5d37a3b9f3d767048af4906ed,8400.0,2024-04-25
36df74e1b25f9d39babfd347bc06a049,5380.0,2024-04-26
36e5f7ada9c1a393b705cf5739dad758,10058.0,2024-04-26
36e62914ff0284203ee2cfc516e00c4f,6459.0,2024-04-28
36e8646cfa15a71e4f74f3d5ccc08cf4,9470.0,2024-04-28
36eb6396e98cec1bbcf19544b180b0fa,6237.0,2024-04-27
36ec78d2518cf54a46c2a5768f0147ff,1733.0,2024-04-29
36ed5e5c8a73027dd12f83a2961ee432,3128.0,2024-04-28
36ee4a8ce4ba32287ef0c99b90a507ea,1505.0,2024-04-25
36eeb98bd223b70bdda530ac8c751f81,16139.0,2024-04-27
36f0995e0fca1a8e8d6f09e60a38ff6d,14092.0,2024-04-28
36f6ab9f14d282f5e17f356986c0e246,3587.0,2024-04-25
36f819310d11883d4006892eb481bd91,1822.0,2024-04-23
36f95de0ab13f577be7fdcb767e27d54,8128.0,2024-04-28
36fa26034d000530e7b5d408b957ba45,9105.0,2024-04-23
36fe20243849caa362f7e045c970567c,4527.0,2024-04-26
36ffdb2f4f9d32381716d2c8580e95e9,3025.0,2024-04-23
37000ce3c3a04ddc06009bdc18d1e22f,4564.0,2024-04-25
370029baa06c593b055406ca916272ea,7942.0,2024-04-29
3700c53077a49476f0e548b030d40aea,5210.0,2024-04-27
37014ca027a9dd4467ab3b7151e33761,3776.0,2024-04-28
370d1efc442185d0191d76a8c0fa8135,4955.0,2024-04-28
370f7d42f61a1de954e14eedd663d851,5087.0,2024-04-26
370fd28f8095c9793a18bbb53041a8cb,5750.0,2024-04-23
37119af3852bfcd0b16ce7b113f6adca,8991.0,2024-04-27
3712d090f7fe691ee6d2d97478295bad,5498.0,2024-04-24
3718202589b53f6df2c57cfe38321f5f,4628.0,2024-04-24
3718a6322cb7a2ee2ba85f95ff12bec6,5356.0,2024-04-26
371c4e8154898d132d0745a423b6d6c6,2235.0,2024-04-29
371dfa5fbf40630644aaa4ec04ba181e,4376.0,2024-04-23
371e2b1b5651a056a74bffcd05df3cd2,12720.0,2024-04-23
3720e45228217bca9e5cba8368beaac3,6338.0,2024-04-29
37227918a273f98ec65ab0d171cb9740,10934.0,2024-04-23
3724291270d32aa63563c29724d2d12a,9573.0,2024-04-24
37244424d7a63dfdfaca6482257d90ed,10473.0,2024-04-27
3725be3fc065efc69e5c5e5a2fbdbbb6,2481.0,2024-04-24
372dc2f83ff6192def9c6ade19f72199,1129.0,2024-04-23
372f29b6ba34de04d4d1260f75e82224,5223.0,2024-04-26
3730115085cb2b2d3de0b2a26ae7a52f,8988.0,2024-04-27
3731f2656786697e0e9ffca4eabc5f17,9167.0,2024-04-28
373b04c7161a5c81b28553b3d43ef57a,1788.0,2024-04-26
37455a0d1c7193ef23d6cbda2838ebeb,10150.0,2024-04-28
374597b7a69c06559640b0df0df89fdb,1758.0,2024-04-28
374dab14cf3a0133bc7332694030913f,8852.0,2024-04-25
374e314755ed1d4e7fc330e96d028e7f,7154.0,2024-04-25
374f8f93204d9873ebe491f6c28ee2e9,7475.0,2024-04-23
37542fa0fef604582c10da0702fb5f3b,4142.0,2024-04-23
37557db22f46a87f1c247592f8ca28d0,3724.0,2024-04-23
37599537acbbc9525afc9fdab067cc15,8734.0,2024-04-24
375a2aa57082968d6f75388d2e295314,4832.0,2024-04-24
375e094c6968b651aee606d6cfdb7492,4685.0,2024-04-27
37729bd51a6bf57ed20400eb55c7b713,10018.0,2024-04-29
377373577c49f39a236cd9ca64999005,4030.0,2024-04-23
377917a2e69176c048a3704623a54bad,1780.0,2024-04-29
377c438914bc7811f2541b4a338ed57b,8336.0,2024-04-24
37817a4dedf8607e3fcbdd5d9abe28a2,5765.0,2024-04-26
37899a5d08e28928f9b2089f808e5971,6385.0,2024-04-28
3789a04282623a27783402767663fc8c,2752.0,2024-04-27
378f1583346fc3296f0da04fb89e6848,7151.0,2024-04-26
3790a2d12ca11b17f2bdb5216651b1da,3273.0,2024-04-23
37913258a1e164c812058c5961567552,3991.0,2024-04-26
37991ba6f02874b7baeef16c28b20645,5542.0,2024-04-24
379d57732d63f646bd7e2659f9583def,3515.0,2024-04-27
379d8051f9e6cd3ebbd981137d229435,5280.0,2024-04-23
379e67258939f004edcfd6481d7c3c0e,6958.0,2024-04-25
379f789ef4b93e95840b482d88eb98d7,5366.0,2024-04-23
37a2d219e9415803f1717cfb927bc907,5094.0,2024-04-26
37a499c5a5f9345ef5b0fecaef5e90ce,9884.0,2024-04-26
37a7fee3ccc4518dd67f9fea18e3f9ce,6214.0,2024-04-29
37a829c19b41551361510c8face0d494,6038.0,2024-04-25
37aa2b193e576747290e0f56c7e8a550,8280.0,2024-04-26
37ad3f452522dd5eb7348d840e8bbede,4416.0,2024-04-25
37b28f4d825b1bdf418e32de9d3fba8a,3088.0,2024-04-29
37bb9d9fa05f068aef348ab1920376af,3716.0,2024-04-28
37beca6449fc58071d52d925a7ce022c,7014.0,2024-04-27
37c69e1f302bc3f51521a770ba227628,12250.0,2024-04-29
37cafd2c949b345922d18614dd021d25,2081.0,2024-04-27
37ceaae1bc61901c9b2b1d47dfab5303,1486.0,2024-04-24
37d7fb4d261ec392b74887e2a1ea6048,7844.0,2024-04-23
37dbb3183f8a0bd0b9ffb2f13cdbd0ce,4414.0,2024-04-28
37dd480594c2af494bb45b4c6dd6bd82,5336.0,2024-04-27
37ddcc320d823dda20ae9aca6895ddc9,5433.0,2024-04-23
37e06302590f18ae8a22eae74908637e,6908.0,2024-04-26
37e2f2104278635a34628f1d684c25da,4344.0,2024-04-28
37e63cc5e5bc60929dd8a1000f267b07,3949.0,2024-04-26
37ee94230b8b33ff5df4bd600ca10fae,3868.0,2024-04-26
37ef389e814463a98d00764c723db885,4201.0,2024-04-25
37fd07cc22f962526cc86af1aef3f2c7,2768.0,2024-04-26
37fd523d3606b6ebe0b77b03083b6fb1,8073.0,2024-04-23
37fe680c5c348c5252628484218b8392,4946.0,2024-04-23
380970a202f6c1292ab87f5d4ce98c01,6679.0,2024-04-26
3809f83db48541a3821e85120d3a752e,1200.0,2024-04-25
380c1442f3eb67003e3bba0b531e0911,4824.0,2024-04-26
380d9685b8d8c417f8c2a152cbdf5d9a,3342.0,2024-04-27
380e2b5b79afb7a417f897d9f2d82f24,5246.0,2024-04-24
38104e2d9637229176ffeb86913adfad,1967.0,2024-04-26
381d7e9e79473ffc3457563ea6fd0db4,1802.0,2024-04-26
381e32ac009cf7661af95bcaad2df8e7,4286.0,2024-04-29
3823da16df8f132e74b6d344fc57ddae,2688.0,2024-04-23
38282ab64603eb2fb53e92b923d2dfbb,4979.0,2024-04-24
382ae5acbee2e3e2aa5e5e9961d5feaf,8202.0,2024-04-24
382deaf2d3e8d688891e2f7977d8a974,8495.0,2024-04-26
382fe59b695ef904535507776e23a0aa,2534.0,2024-04-25
383b860869b907270c4c34dbaea4ff93,4401.0,2024-04-24
383c4ce1d6f03aeb3c8c263be851261b,2476.0,2024-04-23
383d776f12b21083d440b5f198b01455,2405.0,2024-04-25
38408da2bd7f357b443c0ca89178c2ee,3612.0,2024-04-24
3841e5a62824deba30506e43e2bdb87d,4014.0,2024-04-25
38445560f3afd658a5927be011377196,4898.0,2024-04-26
384480fc5da61858118c9194846352e7,2343.0,2024-04-26
384867ae7188a46758f65c2f07d04d73,1801.0,2024-04-24
3849869517e9b48f746bef047388fe99,6219.0,2024-04-29
384cb211d2aaece2a369defc81eaf354,9898.0,2024-04-27
384dcb25b06d3458db61b5a02320a341,7803.0,2024-04-29
384e547cea7d7940fdff9075741de318,8479.0,2024-04-25
384f2555dc343064823cf746b1abcf84,3668.0,2024-04-24
38501a19b779917f30e0e2bc5311a98d,15303.0,2024-04-27
38504af11e00a7e7fadda0d1c878ad11,2768.0,2024-04-28
3853de7ca7659056070a255825b85a48,8192.0,2024-04-27
385cca486afa45c5b104e73419fafa0a,3344.0,2024-04-27
3862fb7ff3838eba7d018968746c0ea3,3120.0,2024-04-23
3863fffde57c6ca0d5227ae01451205f,3560.0,2024-04-27
386730ae8d6ef32d80a3dcb1345c521e,1978.0,2024-04-26
38686dc9e8afefba2898259bf8cf4d42,5188.0,2024-04-25
386b582f70463023db4b0878d21a3526,3850.0,2024-04-23
386ee47e71f05c3a7ab51ba029a9520e,9697.0,2024-04-29
387564928380267d69e91b11c279fed2,7359.0,2024-04-23
387e22c4a8bc92246fc335e0de1abd8b,11929.0,2024-04-26
3882010fc892363394e54f2dc892a50f,3773.0,2024-04-29
38839d547c8d5335c42b21f55c8fd1cd,6717.0,2024-04-26
389307ff6553891e2af0ce3f3e86cf1b,7000.0,2024-04-26
3895a9edd8c498a0a558c264337699be,9267.0,2024-04-26
38a382ce5ebebf8598feeea058c96519,10185.0,2024-04-28
38a51a06d3c3bf3699ec5071359cdf82,3107.0,2024-04-27
38a62974caa125684391810a21dbba40,3731.0,2024-04-28
38a8bdf952f552051030b536e3ea538a,4389.0,2024-04-24
38a8d5cdf9c177b35383c9b564d38e53,11513.0,2024-04-26
38ad0eb46681b1683e416f1bda5cdbbd,10585.0,2024-04-23
38bce11912851e4605efdb24a94a3a84,2280.0,2024-04-23
38bce3b7db4afce3fe354b223274aefa,5708.0,2024-04-26
38c0c27d0cf5ae381acda7d2f9e4fa59,1968.0,2024-04-26
38c36dcdd1b06e97f246e8c704524bcf,8122.0,2024-04-23
38c86fa78f0b05d699f2610d330476f6,4763.0,2024-04-29
38c9e7e9f7dbf714fcf9a09040e322b9,6590.0,2024-04-29
38ce6f8ec4c976418423cb4392bb4ae2,6684.0,2024-04-29
38d3936b88b803db205a4ace57d35d5f,4384.0,2024-04-23
38d428b7bc33d30b4de7c6edd664bcb7,4853.0,2024-04-23
38d9d9d4647dc0f40fb960c1dd881316,5962.0,2024-04-28
38dbc1ec90a8aa0469b0b285f23c4c9e,8989.0,2024-04-24
38e7972f6de8d6533713924b98db1755,6938.0,2024-04-26
38ea583185fce4b7aca63eee8fb91057,4153.0,2024-04-24
38f14f9dc4645993fec260e12783c06b,3333.0,2024-04-27
38f55a9e4de3b33de8d18917cb159881,9335.0,2024-04-27
38f7623169f1a012b4f368f1bed203de,6394.0,2024-04-29
38fa34bb335b41db62a45adbc8a9c8c0,2222.0,2024-04-24
3904fca09a0f8e14e8f35453f09be875,12945.0,2024-04-24
390c2c95e1b09c0b583a93f1ea20c737,4846.0,2024-04-23
3913935dc0bde1a4278017bfdde58fa0,10709.0,2024-04-29
39158049a4c8ce6ac3d652f5136821d3,1895.0,2024-04-23
391db0ae6e133b298e8d7139cd9089c8,8817.0,2024-04-23
39235fc7dafab02a1f0d348c14fed94b,3825.0,2024-04-27
392c3c1a2c529bd0af4e3685d8dba4c1,4275.0,2024-04-28
392f7ffa020f0541265aeb9ae92daba7,6564.0,2024-04-23
39347fdd3a2bf9885018218bf23659c4,5183.0,2024-04-24
393dbfb5a4965a46de65811a8d9fc14b,4837.0,2024-04-23
3942f9337ab0f395588234ee5cfc54dc,9636.0,2024-04-24
3949302b23ea184fe2a563889f3f6084,4296.0,2024-04-25
394e699d8fb9aed6dd8d3febdc152412,6181.0,2024-04-29
394ffad8d109e0ab535ddca3820a5868,5303.0,2024-04-25
39566c579530800489474654fef6af3f,2853.0,2024-04-24
3959487370e106fa086ec5a620287980,10897.0,2024-04-24
395b662624e7a03d59eed516a0bcd695,4327.0,2024-04-28
395ea51a26333c29e4f1752359e00f7d,4779.0,2024-04-29
395f63f88e808e43d7a52f93082ae70f,5310.0,2024-04-28
396148fd756922691b332c1f121a119a,8800.0,2024-04-28
3965cef8793b38c60e97e82d30ea4bbd,4602.0,2024-04-26
396cfaabe33aa8021c55cd3bbacac49c,4174.0,2024-04-25
3970915b7b726fd0f1c86a7c3591ca4e,5098.0,2024-04-29
3973b9cf379980dd63af2888474fb7ea,5553.0,2024-04-29
3974dac37b196985b803c68c13cdf9bc,5461.0,2024-04-23
397b26a3c54e89a8c4ae2db49abb20a4,2217.0,2024-04-26
398509afb141122933b38cff2dfe62be,2614.0,2024-04-25
39879807c9fa007332ffe5e8d1892977,6255.0,2024-04-24
398bfe576be6051b7748af5b66e008f5,5995.0,2024-04-26
398d3238f7c8468bf6e8755b7f9e75b5,3489.0,2024-04-26
398dc9ff8642803281f3490b00e7ffaf,3726.0,2024-04-25
398f12ad744f71fc5d9d80356ee43821,12129.0,2024-04-29
399dc464bf0669118c5c00a047d5f1a5,2459.0,2024-04-29
39a074346f0d0701deebf2f408a49c03,4629.0,2024-04-23
39a1158d2a2bd67375567ee8668d803e,2583.0,2024-04-28
39a240ce7a45f3cb332eac8954035c64,5582.0,2024-04-28
39a89856172bea8066b14c8104204d92,6745.0,2024-04-25
39acaf4e571172fd4b922f93320acd9d,7644.0,2024-04-28
39adad1f39824c2e4269ac01f177efb4,10325.0,2024-04-29
39b025f56f79d6178624b3481364c26b,8784.0,2024-04-26
39b18d6f4111d77b3e2a758679b746e8,6543.0,2024-04-24
39b2f22d8b8c2fdfa96a7805f9897fd2,7136.0,2024-04-27
39b874727c488131ca5a392ed46800e5,13841.0,2024-04-25
39ba78d08e1acd65291839e5b7b4cb1c,6368.0,2024-04-27
39bd21b5e01dd091f438872e7e54f56e,3487.0,2024-04-25
39bda4ca923fd44b8b59add263820ffe,3232.0,2024-04-25
39bf46a733807364b0369eb2178a399c,3833.0,2024-04-29
39cec2bc32cccfbaab697cde2d56f12d,10148.0,2024-04-23
39cfab2be643e53c6772dd71e2f5c227,3218.0,2024-04-23
39d079802cdf85b8cc16db0a0007ee83,3332.0,2024-04-28
39d09b46527a8439aa615ca3314a1431,2253.0,2024-04-27
39d5011b0ed294a0895238da4e544d26,7537.0,2024-04-26
39d6a9db4583705fe951d07706285e63,8163.0,2024-04-27
39d8acdd271a5f14ca0ea0885b0bc8aa,5097.0,2024-04-24
39d9e9c897df3eb466f7a31b20887773,5074.0,2024-04-27
39e1b7981c552151f75bf40f8921a9d0,3746.0,2024-04-23
39ed60a26427da1cbd99bd66110cfa34,5010.0,2024-04-26
39f0dd5633b490b8d15cd545ec50e7ac,5800.0,2024-04-24
39f23094b7d8b6e3899884bcfc58dded,7527.0,2024-04-26
39f536411acda0d7dc8148bf1e594de8,11481.0,2024-04-29
39facb0af71792faf2b4f3fb94dc22e5,9204.0,2024-04-25
3a0053fc9d6f19b4350209e06461fec9,7558.0,2024-04-27
3a0149d6d12237ea5ae55b4063a4b7d6,2113.0,2024-04-29
3a069a02100655a7b1db8abd7205ef30,8833.0,2024-04-26
3a09e39d9c2fe4c0f4dbb5668972221d,4122.0,2024-04-26
3a1189cb128900ba77e6d0b71e923d85,8727.0,2024-04-26
3a15d60571315105854eb3a1810fbaf9,8376.0,2024-04-25
3a191f46d00adcb0dfc159845b4d998c,5764.0,2024-04-25
3a20e61540c5ea34e722c1540a2062e9,1709.0,2024-04-29
3a2372f6f72903da14bc1c0efe3d038c,3428.0,2024-04-27
3a2767852f30cecee8bc3a1dd7d417e9,7879.0,2024-04-29
3a3568ce037f3b407dc7949c56a4838d,6890.0,2024-04-26
3a3a3ab0f70894094f2790091c2cb0ed,8056.0,2024-04-26
3a3a8108e65021689030c1f0c0795d6a,6751.0,2024-04-28
3a446a492aac4c5c39d0e1ada4e28cb1,10624.0,2024-04-27
3a447b3dcb94f8d4845ad138e8163b77,1609.0,2024-04-26
3a45deb7a96057f2aeceb23475314dfa,4657.0,2024-04-27
3a47faf7964f50e9eed9bccf0cc819be,4970.0,2024-04-26
3a4a8a73706ba6336c392fad2df54f3a,4250.0,2024-04-25
3a4bdd22209b7e94a1af0ebfe66455ae,4960.0,2024-04-29
3a503391cf554fdaaed8feac91fde525,4413.0,2024-04-28
3a5a10b142fa4c7fdd1f7d632a510a65,8898.0,2024-04-26
3a6393e23721c617023853b198100d1e,6884.0,2024-04-25
3a6604f09cbea086ee8f6b17a18a5f05,2718.0,2024-04-27
3a668eed95d25ec702fabf2e59030bb2,8377.0,2024-04-28
3a683fead8c75399b3130c2f9cbffc1d,3278.0,2024-04-27
3a6b10309820c866d438f07abf34b29a,17525.0,2024-04-23
3a6f990bfe7025b01aa484e2e9b2ad15,1883.0,2024-04-25
3a74bc0833f0aa29244b0b1877bccd50,9139.0,2024-04-29
3a7d61a72f9c9323ae77f5c2dc5ba44e,1642.0,2024-04-24
3a827d22ca719c96ad77a680a211c41b,6236.0,2024-04-26
3a82a459db5711a2b0962be5dd814bc7,5799.0,2024-04-24
3a8491d4d82d6aed46bbf7f83e5602dc,7595.0,2024-04-26
3a8648f78cacf509afb5741b799c2341,3771.0,2024-04-25
3a874c36acc2b377775b619ff7598e22,7131.0,2024-04-27
3a88517a6752cae60485f69592c51d5a,6696.0,2024-04-26
3a8f2df5402ebc0f13893848673a538d,8429.0,2024-04-23
3a9009fd3b63ed093404bf55466f0204,4928.0,2024-04-25
3a900ba7be49a2f7d8f0ed33c073c408,1230.0,2024-04-27
3a93d03982ec679adea2675e5310e75d,3331.0,2024-04-27
3a97b4ccca65f2a3c4c803debbc6e0da,6822.0,2024-04-24
3a9a6cf0da9f6228b76d9a94e73baf01,6137.0,2024-04-27
3aa18db1cb5a413d69e595bfca62a6a6,3577.0,2024-04-29
3aa24b48701e51b4ef5a343c0634c76f,6234.0,2024-04-23
3aa5da5322e1ad685aa184e3ddcacbb7,3829.0,2024-04-25
3aa6967835fcb95271e6d8cee938021b,5338.0,2024-04-25
3aa9d2f710f25fbd5184403698699b59,7901.0,2024-04-24
3ab1a71d6de70a79c32407bca3601508,5189.0,2024-04-23
3ab8bcd09f5d933fd4c5f5fc3e64b552,4006.0,2024-04-26
3abf264b26bc0bcdb767ca73c8b96b22,6444.0,2024-04-23
3ac1332d493062463447f7efe712a17e,7522.0,2024-04-26
3ac726c1107c217dde8145445920dbfe,3632.0,2024-04-26
3acfd1788b796f5d4a063f55af94cf45,3462.0,2024-04-23
3ad25b8a945a65a78e3d31d3258b25af,11641.0,2024-04-26
3ad4b8a76424f9bed8abb5e836a61ea0,11193.0,2024-04-23
3add4965fdc04d157d7f5579d92412c6,6014.0,2024-04-28
3ae188edaec8da9e39f3f4d3e4b20632,3725.0,2024-04-25
3ae2f44cbce978cbf102460120dad2d7,6194.0,2024-04-23
3ae6e11058eda632dc2b6996b0458617,7738.0,2024-04-28
3af2f0ef4866927c29c1c8019c51c4ed,6360.0,2024-04-23
3af39179a4950489d0b776dd94dd5283,4091.0,2024-04-29
3af9c6aa9662462478caa8dd33e155b4,5722.0,2024-04-24
3af9e2d7f45029f38e872f76f8a7bb7e,3693.0,2024-04-28
3b007c2dd202ca95927118701d1bae4b,3237.0,2024-04-28
3b01fe4784d381aa3d774ea8484ffdbe,4704.0,2024-04-27
3b02fe2115133fb90da19e03b4c0a160,7609.0,2024-04-24
3b03df860e711450ee4a2f35701046e4,2707.0,2024-04-29
3b040b5fa9f8a4f4712762beaee37d5f,4224.0,2024-04-25
3b05683da4d577f01133af9de7cea339,4285.0,2024-04-24
3b0d12d96c3c49a74246f178ff9680b4,1086.0,2024-04-25
3b10211be8105778a410f0fc82865442,2669.0,2024-04-24
3b170e71f83c92690dbe9a3317588a0d,1107.0,2024-04-28
3b197388242e350583ab19c10deb029b,5674.0,2024-04-26
3b1a348b4872a2cb2eeffbb5ad3cebe1,7103.0,2024-04-29
3b1ba3562aea6943bf606b0704ef9d7d,5439.0,2024-04-27
3b1c727560b1da4143cebacb2985b008,6387.0,2024-04-28
3b212fbfa47dea638912abd87c585b9c,4944.0,2024-04-27
3b293d61f695dd99cf7803a4c365f583,3473.0,2024-04-23
3b2a28b9e376cc2fcf6c31b5b54cf47a,5162.0,2024-04-29
3b2c15011f023b228f698783f86b0141,5466.0,2024-04-25
3b3074ca63b14961c4338d75a43cf24b,11495.0,2024-04-24
3b344ead79c4542549ec5a04e5317364,6239.0,2024-04-28
3b364735464fea79e5bdb499575ecacb,4058.0,2024-04-28
3b368a18ef6ab8ee3846479dfa943ce7,5113.0,2024-04-25
3b38788becaeca132fc75b6ce2760b26,3378.0,2024-04-29
3b3982f15b95d0050df44b3ea34d8995,3704.0,2024-04-27
3b39af447f43ce8c1633735d9aa92d5d,8113.0,2024-04-25
3b448e50076cfdb4ec42bfca869587af,3120.0,2024-04-25
3b4de6195207e15a92b1745aa39dbbe6,1358.0,2024-04-24
3b51c855e98c48ef1243eccff25d9a74,12082.0,2024-04-26
3b55ad435e868f97fd7617da09a8d1e1,2273.0,2024-04-26
3b56f91b80d95900824698ee98244f3b,5456.0,2024-04-24
3b57aa0d7149bee845b0f62715cd4548,3086.0,2024-04-26
3b5acedd702004bb4c2453d9f6cbf3c6,8780.0,2024-04-28
3b5bd7bb4c4af94957373a6f8e21ba5f,2550.0,2024-04-27
3b5bf940859ec08e5f94f4c5a16cfab9,13666.0,2024-04-24
3b5c515ef1ce7df205b8fa9642bf2e3b,9997.0,2024-04-23
3b5fc744035d5b64f55a21646ed1c039,7082.0,2024-04-26
3b61ad9884e477d88cdf52acf7a87983,6674.0,2024-04-26
3b6544f64be92aeb90cf2bb3591c0d10,6586.0,2024-04-27
3b6717f95b17cb93d41b8f11a35fbb6d,5095.0,2024-04-27
3b67b436f213d4125c061a474e88d708,3644.0,2024-04-24
3b697d5ed88bf308cbbd06f725a2b9cd,4455.0,2024-04-23
3b6d57e12b98a5065a3f919e8dc6a09e,4775.0,2024-04-27
3b7b68884e43a27bc860dd6da6269262,14063.0,2024-04-24
3b7c04c1bfed8a936b002a385fa776ca,3834.0,2024-04-23
3b800a3edebac81f2e52c9041be3e86f,2743.0,2024-04-28
3b80ff65033c2efab2db4f1550e6c10a,3876.0,2024-04-28
3b87c283c40c55304372a95960fbb4a0,9068.0,2024-04-23
3b8d18c0a54615dd1385ec70df9495d1,5167.0,2024-04-28
3b909b629a0f7a2f34348b1fc455ee95,7871.0,2024-04-23
3b90a17b729ea01715c84e3dc7556342,8123.0,2024-04-24
3b90df2899c693daa8ecca79eba73447,6917.0,2024-04-25
3b931e52cb7d435d15cf077226eee2d2,4911.0,2024-04-24
3b942bee8e0c9855829c303958e86e3e,12399.0,2024-04-24
3b945758fd65786007f351b0ed980bdb,2652.0,2024-04-23
3b9706c297b4b429688fb6d18fdc36e7,7203.0,2024-04-27
3b9a62161d4e261b25d035ba5e9190a6,4521.0,2024-04-23
3b9af5cb9142e46dfb34d8f513cdbb1e,4411.0,2024-04-29
3b9b3338ec097f6922c7495152b38b11,7713.0,2024-04-24
3b9b6b0fb0a2382ed2feaa41a8b54bdf,5339.0,2024-04-26
3b9b93d335ba8fbf90d48a5e59eb6c6b,7936.0,2024-04-23
3b9de2a089aa6c4bc025eac8b5e7cd64,8035.0,2024-04-24
3b9fa49cf5ff8fdf49246c83a359c7a9,3280.0,2024-04-29
3bab246dd0e85f9155f72ee83ad389b4,6606.0,2024-04-23
3bb0518aaa5af515d0b3ff6f429f4097,9595.0,2024-04-26
3bb452b2c6f51def3fd1219667dfc869,1783.0,2024-04-25
3bb56776b670b89e6544830dbb9058c3,5486.0,2024-04-28
3bb75bb37f315df1ff0238f29313beee,3747.0,2024-04-23
3bbec4121b58d43fb31e67252b87409c,5704.0,2024-04-24
3bca2ce2e849a443ca8cdce1d334f368,2789.0,2024-04-28
3bd223af751c74a60052e715530b3fc6,5024.0,2024-04-23
3bd945cd8ea4982b95d1084adc8ce3ef,4269.0,2024-04-25
3bda5ef2811fe76ec32cffa9d9eb4b17,5839.0,2024-04-29
3bdc6a56b095e1cfb323d75c1e328871,6643.0,2024-04-24
3be0466c69cfb5c01b7d4095a333cecb,9527.0,2024-04-24
3be08ab96adc54d2fa28664971835367,5730.0,2024-04-24
3be7a24c54494364604075e3c6caa2ba,5205.0,2024-04-29
3be82c09d06568af3a5a397d6c63f202,4723.0,2024-04-25
3be9f7eb3bdd10e60fd3e5d5ffb74b6d,2677.0,2024-04-24
3bf1d6c7d45dfde7305a7b0e2fc7c911,7471.0,2024-04-24
3bf3b0d845cd3912bd09331e80b1b3c4,3842.0,2024-04-26
3bf55e603a042b93a7598fe25ecd1063,6685.0,2024-04-28
3bf88205be4efef44744758de50a5b10,8310.0,2024-04-27
3bfa513e35fea7f00d9eb7dcc2b4d8c0,2152.0,2024-04-24
3bfa57c435adb2303e42551ffda8a92b,5274.0,2024-04-28
3bfaf64407a4a108a09e571cb240a93e,7894.0,2024-04-24
3c0725ed72648db9f8ae1d6cd4e02b2a,4250.0,2024-04-25
3c0be020c2a973b64877a68a047be310,4144.0,2024-04-24
3c0e1080c9b2e450046609bd47154f75,6663.0,2024-04-29
3c13991d25ad5a984cfe4bd7f2cb95f6,2245.0,2024-04-26
3c15e8a126af764f806305fa12c8614a,5274.0,2024-04-25
3c16841cf737293c08286f1d6f68a54b,4008.0,2024-04-24
3c16eb73323c47abf01bacb1ee90f364,8319.0,2024-04-27
3c172d536b651e07dae20dda78e71782,4495.0,2024-04-26
3c17d19f1a270ada5b0bc90ba1c606ae,5696.0,2024-04-29
3c181c766616fb66acf04f31552786a1,6181.0,2024-04-28
3c1868299eac942be7fd08b954d2a4e6,9550.0,2024-04-27
3c202cfecdcf6eaa73e18fc3ad547405,8254.0,2024-04-24
3c23e063980582cda0bae9e768ea859e,6556.0,2024-04-24
3c25382c012cbefb2f97ef014e9e86a4,10911.0,2024-04-28
3c27e350a22cb5b1c909dc994a97da9e,4872.0,2024-04-23
3c2b28f30137764d4e941eae9090e8b3,3281.0,2024-04-26
3c2ce37b5427de93fafde8590d0954ae,5265.0,2024-04-24
3c3168785b531195f8f4ca4d681c5476,3762.0,2024-04-25
3c34c8cecd442d467acc067801710a52,6201.0,2024-04-25
3c3fcef8d20822e64f55a182e0abccc9,5780.0,2024-04-29
3c481b54c85610c9bf50901d0864c248,11893.0,2024-04-24
3c49499bc311eef2d55a413569931f42,10487.0,2024-04-26
3c4b842b1707fb288d6c5a2979caaf2a,4762.0,2024-04-29
3c4f68e2982910121f26a7e39d15b784,12044.0,2024-04-23
3c52a4eedccf071d8dc0f6b4836c8e28,2482.0,2024-04-27
3c5c759fe3b8e837c6b5fe5cf4de90ac,2621.0,2024-04-23
3c67b85b143dca1771e7f2a46dc4d5fe,2349.0,2024-04-24
3c68188631bb6384fab99ddedf902e0b,8064.0,2024-04-28
3c6b199634093f353a47a751e5911fe7,2795.0,2024-04-24
3c6d03d2c3565b07289b5a6472208225,1443.0,2024-04-28
3c74e8807cc13a0bef292d3d33a55ea3,1591.0,2024-04-28
3c75fbe77ff6f01ea5c64de5069b88e2,3029.0,2024-04-29
3c76cbce63f76fc6fe279ded0a608e8f,2410.0,2024-04-26
3c795b787121aa36d4401e732af5b92c,5191.0,2024-04-26
3c79735f84bb3f0e4e9eee37779f9ee0,3301.0,2024-04-28
3c7c7b5b7e2473fee140c8c79819ab67,4697.0,2024-04-25
3c85940d406b0ac430492d6570e1ca75,2623.0,2024-04-29
3c8bd20c9b303df724d36d0ad22eabc1,5112.0,2024-04-23
3c8dfc4c4335332aacf761c8401a3462,5873.0,2024-04-26
3c8e25829578c5e38484cf5200df95f8,6766.0,2024-04-26
3c8f96aadd40dc7eafac8187ec9bbfee,7927.0,2024-04-28
3c95943ea1e249a1bb5dbbc97bcaea7b,6212.0,2024-04-26
3c98e5c9dd80eae31dc78623b18e53de,3639.0,2024-04-27
3ca0a6d16f8e75295de62991a9d30144,3674.0,2024-04-24
3ca4e140c0afd4e9b5985448926b59fb,3037.0,2024-04-23
3ca57963adea766942840b83770ed79c,3533.0,2024-04-25
3ca9cb8f3ccede2179729aa73554a1f8,12687.0,2024-04-27
3cb4c0484ef4ab2624ef29e04e32998a,6513.0,2024-04-24
3cb6e8d24fafcaa63e82d91323f14169,6455.0,2024-04-26
3cbe42f1d6027d6fa431d7e362404ab4,2564.0,2024-04-29
3cbed46d57a01ef89cea2eb9d16b34d3,6380.0,2024-04-26
3cc20a701eaf925e51fa748b81607dda,8874.0,2024-04-27
3cc411c0d88ae20adcad33717729234d,5753.0,2024-04-24
3cc4eaff005d1f8dc7e6937d97a76a78,7632.0,2024-04-26
3cca4235b0c5e40d9004134cfb78ce88,7848.0,2024-04-27
3ccb115b45b0baa7dc63b3f47ca8e1dd,3467.0,2024-04-23
3ccd1afe9d830f65be899a587aa02b3a,4481.0,2024-04-25
3cce4183a66c9ca058926907246b2c3e,4568.0,2024-04-25
3cd9ce815cd75ab3dc51617a2d5d1241,2433.0,2024-04-24
3cde1263ba001f7225fc126ef111cb97,3018.0,2024-04-26
3ce634ecfa47e840b462f6e04aeee256,6281.0,2024-04-29
3ce68f3a8a03d954c3757ef43f29d19e,2484.0,2024-04-26
3ce7536ce86285cc9a37f2c2c444c5e7,3990.0,2024-04-26
3cea5c6bc61223a9c82ec8d131949fbf,4351.0,2024-04-24
3cec47a2927d09cecc6062f215c25421,4302.0,2024-04-26
3cec650baf2d85b8b544a15ed4ef954d,10039.0,2024-04-26
3cece094a1ab795130df78da6bd5484e,12508.0,2024-04-29
3cedc5cc87aa3fde2dda76aa68e49a60,5240.0,2024-04-25
3cf3fed2e8bf5b65c7e98bcbb6137c46,2676.0,2024-04-25
3cf48ceb408ddf195e51dcd6f8ee60a3,6267.0,2024-04-28
3cfcadb37eee624e0a7ade248c2cf6a8,2175.0,2024-04-23
3d03dbb4a094eba6fd7d1a1a49e0c0df,1864.0,2024-04-23
3d078a8ffb1d4c38878e39f1d4515d42,3689.0,2024-04-27
3d0aac944e5438f403b902b1df55014f,5581.0,2024-04-27
3d0bb286dab681965ed68f7be21c6c87,8322.0,2024-04-28
3d0c6ba786f1aa6acdc38a20f653bd3f,4582.0,2024-04-23
3d0e904b520bd7b3583640ee524ddace,2241.0,2024-04-24
3d0edaab3a0d778044cb75009820248c,3909.0,2024-04-23
3d148337ddb6cdc0de95f27fa2aa0fdb,2480.0,2024-04-25
3d164a8d8fcf940199a030c43bffa224,6975.0,2024-04-25
3d1805cb3e5b763452ae4d0352be0dfc,3588.0,2024-04-24
3d1a11afcb7d32071770bda0ce22735e,3403.0,2024-04-27
3d1dd0341d6683e5b4ac884da138b6ab,5279.0,2024-04-24
3d2f88e747451498016ec0c6737a4eba,4571.0,2024-04-27
3d3157183364526419e290c95c7fab4b,3399.0,2024-04-29
3d39850db4ebbd59f0043deecb49adb8,9856.0,2024-04-24
3d3f0d63270bfdc0c77361efc0c6edae,1052.0,2024-04-23
3d4170bf2c303cff9d4f6bb4e7fffc99,8169.0,2024-04-27
3d43c49e1e742d6072caa6134ddb7bae,2497.0,2024-04-27
3d4708293297e1e529ee938cf5e5045f,3066.0,2024-04-26
3d4c6f465cce604057649754eb58e53f,4336.0,2024-04-27
3d4cf86614d5693caf4b7fb1f5f3cbf6,4656.0,2024-04-27
3d4eab1db6bb9ffe3bbc30b9a9f48b52,4407.0,2024-04-23
3d5031fab295a93bc2a937c30d0c8f29,4515.0,2024-04-24
3d506f3ac4ca271ed1669c5eb33a2694,6400.0,2024-04-27
3d5198b2de66b87910b616b2a7bcf089,3214.0,2024-04-25
3d51cd4c9f83573dc7bf7aadddd6eda1,9509.0,2024-04-29
3d57a2a6275606d39c90352c0827e0da,5186.0,2024-04-26
3d57ffebf52115a7f11f036c1b537b55,7314.0,2024-04-26
3d59a55ee61b180b0b26682b0a9ccca2,6903.0,2024-04-29
3d5b29c1b431ccc506e2bf6f886c4814,4467.0,2024-04-26
3d680a19cd27cebdfd26378c3189e443,6620.0,2024-04-24
3d6864bd4b781cb975c12a45cbc50601,3570.0,2024-04-23
3d68e373e6a539eb2e260a6faf34b3c4,8076.0,2024-04-26
3d6941375ad6608bbba82c17f36335ec,2757.0,2024-04-29
3d6d1b74f47f2001ec28c5b37a62e4a7,6255.0,2024-04-26
3d6da5fbfd049a61f0bf8d45ee182e3c,5013.0,2024-04-25
3d71cc5a83ad1c09cc006eeabdadf25a,7757.0,2024-04-23
3d71cff4dc8b75172f6b28ae765c9af9,6555.0,2024-04-27
3d73a965175f5a36b38f150d94c24057,11977.0,2024-04-23
3d7a45d1579a245067353f94ca147bc5,4661.0,2024-04-26
3d7a6e7093496485938e1a43142a31c1,7394.0,2024-04-29
3d7e184915ffb79ccf239b6ce1099d54,7651.0,2024-04-29
3d82bd3f1b626696190751d439f0de5b,1823.0,2024-04-29
3d85bc4a23f9a9dcf0fe9c1f1c6942b3,2741.0,2024-04-29
3d85c693a3a20287ce9d3381a5d04af5,7646.0,2024-04-27
3d883fb211403c38f8a36000e1ea0d56,5316.0,2024-04-28
3d888e50342b2794705f445fa8721131,5870.0,2024-04-29
3d8cc75121359114b6434a0291e911a6,14440.0,2024-04-29
3d8fbd3ba637dd9b240200ffd4e4c806,4615.0,2024-04-26
3d90ecb2ee9bd2ade8366153e7c5ddec,9782.0,2024-04-29
3d929a8fd3699a22a593bc67fffd4c25,7156.0,2024-04-26
3d9a295b34a5c26444d95f946f92cee7,5185.0,2024-04-23
3d9cdb6960e75047837d82a03a932e66,14142.0,2024-04-28
3da6678be62ed96afbc5fcaf12922a8f,3478.0,2024-04-26
3da713dd0784b211a7139bb617b643fa,7422.0,2024-04-23
3da71414643bb0c8465e6d9600fab94a,10854.0,2024-04-29
3daf28e8a4b01e9d7b9d12017874ff9d,4523.0,2024-04-27
3db0dcc61d0cc99c789a70be39e478df,1449.0,2024-04-28
3db4286a4a63c2b27d5cbf54fa52e0fe,5286.0,2024-04-29
3dbaa8dabbec4c8fe43e54d3542b17f9,10429.0,2024-04-23
3dbb1394bbd58942a2e6e419823f2a3c,3741.0,2024-04-26
3dbe4573e8cab763c6ae05907d0a05ba,6587.0,2024-04-28
3dc394e857ac6c8869f001c7302c4cc5,7276.0,2024-04-27
3dc71a13f457c2e32d378c54856a1090,6350.0,2024-04-24
3dc7274887e71146edf7bb48d22565f7,9112.0,2024-04-24
3dca24863d23188481b1877b34d4fe56,2801.0,2024-04-27
3dcb3fab62a2ef2c3aed8512fbf807d4,6504.0,2024-04-29
3dd013ab7accde0f2a03c9c5629b2915,2834.0,2024-04-26
3dd0c6e440a9ce218a964945191a7eb7,5902.0,2024-04-26
3dd183671e66b11090c50a422e73deaf,3022.0,2024-04-23
3dd233658065e6bb8151867cbb62e03e,4188.0,2024-04-26
3dd92e270968eab3d48eb0f2de3db7cc,5859.0,2024-04-26
3dda48923f834fc2a021ab11c97a33c1,5001.0,2024-04-26
3ddabdef5fe52792a8cb583a842f1637,6902.0,2024-04-26
3dddbe4c4e3862e57d6de166bb962e4f,5601.0,2024-04-26
3de2047df7cec5e7c941454c88a43c79,3999.0,2024-04-23
3de269ce6425ad350ed3159474910894,7125.0,2024-04-26
3de325505931abe0eca37c60ee6f5c67,3570.0,2024-04-24
3de5b15438a37aa037a034d4fb805aa0,952.0,2024-04-24
3de81f896659cd7a65f98ab8e980544e,2501.0,2024-04-24
3ded9c113e68253aa8be1306bef77f5a,3092.0,2024-04-29
3df08ef886d3ff1486353c6ce15cf03d,9414.0,2024-04-28
3df14836d4210ff62128a4571fc1fdbe,8760.0,2024-04-27
3e00e7b214219e1a6a1530a25fe71b5f,9170.0,2024-04-27
3e04910088092ec93d6d268603a4ebfe,4943.0,2024-04-26
3e04983e75be766172cf20c14f678271,4558.0,2024-04-27
3e118fe460299f48505c0dc767a2f3fd,9095.0,2024-04-23
3e12dd7f900ff18ad80b59e889d51443,2834.0,2024-04-25
3e18ac540acec9f0274fd7b5bc05e740,4940.0,2024-04-25
3e1977911bbf5e3dd76964ef769fa420,3127.0,2024-04-23
3e1bb6b05406d098399d9ff78d5a08b3,4105.0,2024-04-28
3e1d033580b14573f3e50ba753eba282,7701.0,2024-04-29
3e1e47c9a29f518a187c41596af2826e,6746.0,2024-04-25
3e2713f24723bf8fb56ae17a8219a384,4825.0,2024-04-25
3e2e456a3c3ccc28b48b24f0a4d46c9e,1605.0,2024-04-24
3e319272e2533cdee823828eb145d8fe,9093.0,2024-04-28
3e330f89b7a9921d011291f3d8941963,3945.0,2024-04-26
3e39d73df05ba09cdc79f2fce166883b,4875.0,2024-04-23
3e3ca32266fa526c47a1707d464cc063,8723.0,2024-04-28
3e400e83a90b567a9384025104e36d0a,5771.0,2024-04-25
3e45064a18c09f26b534d0e1d61911bd,5013.0,2024-04-27
3e472e0cbbff9b6f90b38091469f99a0,8248.0,2024-04-26
3e483b36175d790474207045f4d5c87a,4509.0,2024-04-24
3e48fc0b7bb22d4971ebf19cdd94ae9b,6358.0,2024-04-27
3e4995cde04758cc50a8aebdd6b45642,5489.0,2024-04-27
3e4ad8e4b5116d4a01b0c2e61aa3ace4,10401.0,2024-04-26
3e4f701bf01f708958f9df5561e17cbd,3223.0,2024-04-28
3e50c304db21978a2494118709a55c98,5534.0,2024-04-24
3e544c4de63a635939dee81c335322f0,5610.0,2024-04-27
3e577652dff3c7972821ae608f8565f2,3213.0,2024-04-29
3e5934c477109864337ea9ccbff978c0,2813.0,2024-04-26
3e595e3eed20b056334e266eed22b629,5681.0,2024-04-23
3e5b7ca2a5818b5d911f58be502d2a76,4164.0,2024-04-28
3e5c724ef43ed595abf5f6d81dc6403d,1678.0,2024-04-29
3e6501b07aec84e4fa094cebee1e867c,9975.0,2024-04-26
3e69a6bd504ce3e28d36b3b0da8846f4,3439.0,2024-04-29
3e6a8bebfb5582a02db19c68e28807a5,6030.0,2024-04-26
3e6f5733cb4decb5c05558950507320b,2807.0,2024-04-26
3e73018330c392738b4a16217eba2d4e,3075.0,2024-04-24
3e7786c1cb273de442326eae3af5b7b3,2742.0,2024-04-25
3e7c9650f4a010326b5cc2b7f8ca416f,8164.0,2024-04-26
3e7f57adf313779f412204ecf44e9604,3083.0,2024-04-28
3e8546c2b8553041f452e83e9358eeff,7706.0,2024-04-25
3e86ee45a5eeaabb14a4e8c477f3a749,3465.0,2024-04-26
3e88696625f6b5e1cae4c8ab6af3761b,8751.0,2024-04-29
3e88e6323ec5230a698c3decef443ab3,2117.0,2024-04-29
3e8964bccea8718f1dafc7acece70b85,4816.0,2024-04-26
3e8e619e6cb07d2e7347dd007bd6e9a5,6621.0,2024-04-25
3e928f4fa6ac079835f1f5fc7e7330e8,10000.0,2024-04-25
3e959f69af9ffc8108d5a914be773809,7982.0,2024-04-29
3e965b0e227a0d5ea1fb8c26e120f1b5,4971.0,2024-04-28
3e9adb5c384c09ca5c6bc5afb7bedef0,8784.0,2024-04-23
3e9d574c039d5df6d56f7a16ce894dbd,5462.0,2024-04-23
3ea0412e309b000b938387738969965a,6449.0,2024-04-27
3ea40c31b90ba94eddb7dc46a01f4acc,4773.0,2024-04-26
3ea5cb58cc011d78cfc18cfa37f098ef,4328.0,2024-04-26
3ea832f04976088d0bde2ad5da04c0ef,6041.0,2024-04-26
3eab83f0cfad383cee2df18f4498f7cb,445.0,2024-04-23
3eacbe941c9d3f33687081a9dafb585e,12861.0,2024-04-28
3eb1754b02d7eaafd1f324961a1de946,6965.0,2024-04-24
3eb1e1b058f8a2ae70a72a75adb24f46,3390.0,2024-04-25
3eb2bcd8dea984f384214c4d284f1753,4445.0,2024-04-24
3eb7846a6d3ddeb3beb23780c9e285cc,5873.0,2024-04-27
3eb8619dfc43140c410566b1d44472c8,3796.0,2024-04-25
3ec05465f9e0349809230fead667dae3,5875.0,2024-04-23
3ec05f21d6a40a24c3fc798521c23e41,4289.0,2024-04-27
3ec61476f7960865dbf3804270964156,7307.0,2024-04-23
3ec7e88c85547989bcd1a59a66c9a9ce,4895.0,2024-04-27
3ec97859216a534eb81cb8c69cb16f9a,12825.0,2024-04-25
3ecd936fbd56322a4fe61d7b99dd1b1b,8978.0,2024-04-29
3ece8d048b9718288e6d736ef5660c7b,5954.0,2024-04-24
3ed0ee77b46fc4e218adf5bec9fcc4c9,5788.0,2024-04-25
3ed364d8e523c43891f6ca84abe247f8,881.0,2024-04-29
3ed6824d7d92479eb0d23317a83029bc,3455.0,2024-04-24
3ed896cf27168288565a6abf1c80e775,4254.0,2024-04-28
3eda9af4e72410999a9d1514d95fb49f,5308.0,2024-04-28
3ee154c87227d0d5aec81473dbf2297b,6353.0,2024-04-27
3ee8a9a683c6c3515777c12ae2d3c7a6,3091.0,2024-04-27
3eecd015b95443f5cab8d0ea7d79ce24,2853.0,2024-04-23
3ef3b876e18d8a611c7194e50f6e5622,4989.0,2024-04-23
3ef98c28d4ee832c0af842b4fdb88deb,3540.0,2024-04-28
3efa3dc17a6939ec64bec2e0ba872466,10144.0,2024-04-28
3f017e183a4cca8d8f7f397e9977e2be,1841.0,2024-04-27
3f02c2020fb518c95de55a3dd2599416,9302.0,2024-04-28
3f06943d9001292e4d72c1fc36e259b2,13745.0,2024-04-25
3f06f9cbd07082f456e54b298c5c2536,7035.0,2024-04-26
3f09419163c6e5563384de9654555ad8,8504.0,2024-04-26
3f0a90eaaf2be74cb21786abba01b3d8,6721.0,2024-04-25
3f0cede118306375822221e9795adcdd,3745.0,2024-04-23
3f0cf2dde43d7690f50792e02b4230b0,5100.0,2024-04-28
3f0daf54f6dfb1e03361410c2d4c8fb7,2844.0,2024-04-23
3f151381ae4fe4a33c663f4f6c986fbe,5809.0,2024-04-27
3f230ae397db9833e0d058053cec4ae3,8858.0,2024-04-25
3f273717f7c17752478a23750a8af8a3,7158.0,2024-04-26
3f27da2f79042d54bf5d28954c26343d,4154.0,2024-04-27
3f2e34cf3032e29b1ae8b7110823ad16,1523.0,2024-04-26
3f2f011c2bc5b784c0229a386d307bb3,7263.0,2024-04-29
3f35788d31079d96771b682d64c9a706,8914.0,2024-04-28
3f3ed9d5224c90c0d2e9c264940f4fb3,5365.0,2024-04-28
3f3f63c395d9a6aaa9d2511de2c37782,2958.0,2024-04-29
3f43f583c0482ea7cc52e47d2b581f0e,2855.0,2024-04-28
3f4b0bc2cfe5333eeea37390f2b25683,4141.0,2024-04-23
3f4b589a258e0ca49a8d7fb24fb6b0b8,3107.0,2024-04-28
3f513aec84b34ffa06434c6d2db232ff,5274.0,2024-04-24
3f551e3ad4f52e99acc0beba57abe271,7948.0,2024-04-25
3f6d38d467e809fc626e0b68c16972b4,5450.0,2024-04-23
3f6f4b5b6cd5f571ab930cfefabfd2be,5509.0,2024-04-25
3f70abad136d00d7488b1fdd56800bd2,3622.0,2024-04-25
3f731930eb3528b8afc690707d0b4443,11376.0,2024-04-27
3f7abc41cf2d45a2b31e6d4b171b489b,6022.0,2024-04-24
3f7d5ad750aa7f6ae2320c090a857744,2659.0,2024-04-29
3f80f872828714adda86b4e0e2644c80,1271.0,2024-04-27
3f885837d85a8b334a9883ecbacaaeda,4917.0,2024-04-28
3f8eb4bd8d8116dda56babb5f2ab3c8a,1344.0,2024-04-26
3f9054a852d5336613a76854df68e582,8134.0,2024-04-26
3f90fc20b6003dc0e4252ba3b318c482,3506.0,2024-04-25
3f94b0b1645c8ab595dbc920163f241b,5869.0,2024-04-26
3f970b06ae8e864e1454b30f98799499,2239.0,2024-04-24
3f9818d02b348d74e5c42735e01b8925,5023.0,2024-04-24
3f9d7922f19a770b0e05fa67158abde1,13453.0,2024-04-27
3fa21e57243b85db0da1fa53f14c6637,7181.0,2024-04-23
3fa40f49bd068ecdf0d0cb32d9a3ae53,6941.0,2024-04-26
3fa6c366a7a7e7b6b2855eb7dcfccd46,6302.0,2024-04-28
3fa86850232e46b0b45f05b2b6fd5562,3631.0,2024-04-26
3fade04e1230766f4348628f22797e88,4646.0,2024-04-25
3fb3546672390da1992928d3704d8759,7772.0,2024-04-25
3fb83f1d63ea4781a0fa92d713d2bb8f,3142.0,2024-04-28
3fbd4efbe1ab431c19e731816692641e,3594.0,2024-04-29
3fc6d22485582d38f6ae31fa9a334d0b,4025.0,2024-04-24
3fd055ce38ed10af55c7c6b7ecb5531a,6998.0,2024-04-27
3fd4a6748934b65794d9f301cb14be09,6906.0,2024-04-23
3fd844bd1f750141b8b876abbe61f722,2798.0,2024-04-27
3fd9008c79ac03d0922d109e301dcb13,4194.0,2024-04-24
3fdbf4624ae76a401096b3a48102ead7,5576.0,2024-04-27
3fdd886c8094e8d66c5b0a65eeead991,3280.0,2024-04-29
3fea0d18ce11f5827a600c30c6fe380a,2658.0,2024-04-26
3feb86497085dc12d36ba5c86d7fb245,4350.0,2024-04-28
3feed14fd1e40b34570f3b4391daa2ca,6034.0,2024-04-29
3ff67d224837309f79f2d9c96f8c2129,5180.0,2024-04-26
3ff74eb6704fffe1316e6fe18a12fb9e,5562.0,2024-04-26
3ff7dce1ede5cef341aeaeb50a999f71,3354.0,2024-04-29
3fffee9f6a047377d194f38439c64485,5592.0,2024-04-29
40001c61f7c6e77f52503df7f4436b40,1788.0,2024-04-24
400e48216bcc6646870f4d8e1ec3d2d0,4946.0,2024-04-26
400ee8ffe61271181734fc72d9b8b0ad,6617.0,2024-04-23
400f16a840a46af76e7093b8d171e2ae,10929.0,2024-04-26
40175172c42ab106c8dbd9ff6fe4ffa6,5992.0,2024-04-27
40190a614b8c21ce42baa8bf3d5a01d8,5657.0,2024-04-24
401918e38275ee389baf6c3d85d887a2,10553.0,2024-04-25
401a7bdd300cb87b665f3fe833bcd6e4,3718.0,2024-04-23
401cafaf8424c5efcb6f291a8affa4f2,4416.0,2024-04-26
401de71d60f013976628540d8d10d84b,9314.0,2024-04-29
402537e3339f33efb9f727f80ad616fc,6028.0,2024-04-29
40291cffeb605ab4b727904ff835ef24,4589.0,2024-04-27
402a4b48ff99c96455a0ce157da398e0,5731.0,2024-04-26
402fd97f0d3ec6589848a769950722f9,9480.0,2024-04-23
4030b8f9de45a7c2ff7102d14f0f6395,2026.0,2024-04-25
4033ced3dde325421e7e248b4a24a049,2975.0,2024-04-29
4035767b9cc5f59f024bd63f14a58bad,5874.0,2024-04-25
4035fa8fe609cd44e3079a53ffd42fdb,2807.0,2024-04-26
4036c6faf5d925a6cac497acd288c96b,7060.0,2024-04-26
40490e29134232cf661533f160d82950,9030.0,2024-04-29
404a53cceaa7c244b3d09ce6a0e54567,5964.0,2024-04-28
404eff381bcdbe6ae011ce64fd126f34,6306.0,2024-04-25
40531be7b388de4f664255e29252b0c1,3276.0,2024-04-23
4059750023570aa696ee5bcfaa37c221,10124.0,2024-04-29
405979cf5a66ee2de63826126827d22a,11064.0,2024-04-29
406052f6e59b4936ba7296c003556c29,10797.0,2024-04-23
4064cd8908ad7666bbbf038cd1c5ff3a,8213.0,2024-04-27
4066e4a2343783488212996162c52796,5366.0,2024-04-29
4066fb893551b1e780e5a5b6c859c1ef,7141.0,2024-04-26
406adca6bf6c331789cf7675bcd502f7,8278.0,2024-04-24
406af87965dacedea18f4bf7df3da657,14604.0,2024-04-28
406dd6601a51336d6116c1c368844a0a,4561.0,2024-04-24
40733d77db9d89fbeebb634ef9dd5b60,6367.0,2024-04-29
4078e857bd027be166bb0617f62ae7c6,7545.0,2024-04-23
407c6b94953ffd07193ba4e8beddbb62,2314.0,2024-04-23
4080552fcaed7ce0522d5531af8c299c,11395.0,2024-04-26
408224ae654dae38e58b25835da81129,2674.0,2024-04-23
4082b4d551b96cfce517b2091244086f,4808.0,2024-04-24
40846085992be86c32f059aa2b4a07fe,6122.0,2024-04-28
408537a8e10e4e06e01631cd2c41262a,847.0,2024-04-28
408708d18bd8a5dd0c092b0fddd0f37e,10301.0,2024-04-27
40889fe1398bfa7f93780141d167d9d8,3291.0,2024-04-23
408af9283a5b8ee294fad44a452f0fb9,3911.0,2024-04-27
408bf61f79751e5a53450d9e2cb2da3a,1984.0,2024-04-29
408e44fb2707f64a284560b152096c3e,2986.0,2024-04-25
40907a60942579d249aaff07024ca9d8,2443.0,2024-04-24
409860c96560d1d7669db9e4617185f4,6160.0,2024-04-23
40994a7fc49bce5dc889b44f0bf72ca5,3721.0,2024-04-25
409a904cee23bb442433888c777066ef,6431.0,2024-04-27
409c4919c5fea972a6d1d1c7f10a8be4,7603.0,2024-04-29
409f3b39af2d3effb8315e4cc04fbfb6,2479.0,2024-04-27
40a121e82fd12bf82917624a138d4f3c,7013.0,2024-04-29
40a97ac22cf34454f69da0ccc361a4a5,3725.0,2024-04-23
40ac7dc5b69ddbd5320d9d5538c710e4,12310.0,2024-04-23
40ad807db4eed6f92f3f266ebee9b56f,3159.0,2024-04-23
40b6a381982231a1a6857c10fb9dec23,2851.0,2024-04-24
40ca5711a7bc23d17ccaf27979438e53,8030.0,2024-04-24
40caf8346807ce9c556d8601916a5aa5,2483.0,2024-04-23
40cc33191d8db58954a25a7d058dd3d1,6153.0,2024-04-29
40cdb9c373262e8fc04137e84dad8e3e,4185.0,2024-04-24
40cf913511bdefd8aeb045fabbc7338e,3533.0,2024-04-25
40d1e4501b8b196132c1e9a951920a3e,6914.0,2024-04-23
40d4d7c69dd84e9877924c6481ea734a,4123.0,2024-04-23
40d7d7c25ff980b89b5d388826c68ce4,8597.0,2024-04-27
40d86ac87f4e1edf1949110a0562bf0f,8663.0,2024-04-24
40db77f7bd7b0f50b558a698d7b4c76d,5637.0,2024-04-23
40dc68cb3815f91551a315e0b618707d,5116.0,2024-04-24
40e10c22ea6ba126481623f042b939ac,4707.0,2024-04-25
40e88bd69d1c3186ddd33f99159d86be,17489.0,2024-04-27
40e954ea8499db72086b215ba9d5a819,5909.0,2024-04-27
40e9c3641f5cf53b21be8d8637c7acc4,5233.0,2024-04-27
40eb2d4ae683edd7a0d92d96d513a0b5,7729.0,2024-04-23
40eb8419d163d1555eba68a56b2eeae0,6159.0,2024-04-27
40f057645594f6c2f9193bb526032ad0,8538.0,2024-04-28
40fb3536b6a247e97b13e5f6c0bd04ff,2077.0,2024-04-25
40ffaa21f82b7ee10440d33d1c9f339d,3152.0,2024-04-27
41135f83057f65dbcf55ee8e5c5707fd,5596.0,2024-04-27
41189d6a61a371273918ec7545abecd8,5270.0,2024-04-29
411b425f353440e16d7af6e2e07bdb44,4407.0,2024-04-29
411c4e5efa6a340abb916c48296f007d,3936.0,2024-04-27
41223a4e015a1212def82f34d80615cb,4714.0,2024-04-29
4123101bcc97575b2e914462053a020a,783.0,2024-04-27
4126f9300bb7eb6147e643581f16efac,4068.0,2024-04-27
412b94e24b0883312b91b603bce9404b,10557.0,2024-04-26
413291bcc3430ecc2de7ad59adc25b8a,6132.0,2024-04-26
413c72460c16425d6e0a49e7abc35388,3158.0,2024-04-28
413d7886454741be6fdb6c3c22ab79cf,10309.0,2024-04-27
413e3af3b2282d005aec68fab63c8a90,8392.0,2024-04-23
413e3b1b30faa2ffe27f1bc0e1300fac,2123.0,2024-04-27
41415dd5465179b432eb67d719390117,7104.0,2024-04-24
41440b2b9d0e07924463446b028f179e,2199.0,2024-04-27
4148c859bae6d22c7767c07cf9af9efe,6362.0,2024-04-24
414d1de47927245110d30c8035a0835d,10642.0,2024-04-28
415b47c2d1b3d95fed60732636960e9d,3743.0,2024-04-27
415c924feb4999a2dd638f368065bc29,8710.0,2024-04-28
4160bc879771976690c267376ee4ff7f,5575.0,2024-04-28
41624df64d15d3a0634d9e32e074ce5c,4951.0,2024-04-26
41668fac10baffc4b29feb07d04fdb85,2946.0,2024-04-23
4167a57b5c3981693d0abc79ffb52946,9121.0,2024-04-23
41698db4e1c467bd7cca766d458b2ad9,7748.0,2024-04-25
4169ac06013a5c03b6831f1163bcb13e,4727.0,2024-04-25
416bf13719fb983073d5a6c44705df40,8515.0,2024-04-26
4170255c849422a63d8f1b2ff929b807,5868.0,2024-04-23
41784551318c01bc90050fa191444c2f,6569.0,2024-04-28
4182cfa693b9ed3300fff9cf487df7ae,4686.0,2024-04-28
4183dfe2391a4c79ace26dd1b1fdf624,6752.0,2024-04-25
418bd6e8e41e04f814b3a74058270d6c,6055.0,2024-04-28
418e74b703a96c4258c7b4da0826dea7,4742.0,2024-04-28
41905ca32a6327ec818ef0f4869ec3aa,4169.0,2024-04-26
41948b879c5474b44005563d4a1ec014,3755.0,2024-04-24
4195beaa7f11787f5bf1ef4f8723ca09,3195.0,2024-04-29
41995d3145505079093f3f8c486de40a,5235.0,2024-04-24
419987ef110a7c5f9c2251f3ec1543a9,11547.0,2024-04-23
4199d72c3af3d062d8853ce8562c88d8,5262.0,2024-04-25
419cd1a8b58dd210b0110329843909af,3852.0,2024-04-24
419fbed3463f71f9a288d37af98722c8,6268.0,2024-04-28
41a2353aa5ac82d7d6c28b4f2d128098,6936.0,2024-04-23
41a2c1508fc20f0f9030008a0d4bc03f,4287.0,2024-04-26
41a894b1e4c4cc88c905a0fe2cee4cd3,5201.0,2024-04-26
41ab0e93e5dddf5e3717bb0027b186f4,4910.0,2024-04-28
41aff0caf8aa4ab6a7bfbdd70bed4641,6263.0,2024-04-28
41c1606b5a163aff4ff25bbca1b119d7,6983.0,2024-04-29
41c593e74752a2d294e94a4be753ade3,13132.0,2024-04-25
41c9956d9daa4501a65bd24cfe9ba2c0,6898.0,2024-04-23
41cc5b97abd05ad4f720e8d90efd8162,3666.0,2024-04-24
41d0a3646604cf134e5f141f20dbd6fb,7269.0,2024-04-28
41d35a979cc5cf7bf7f1000d49247fbf,11281.0,2024-04-29
41d461c1c4c3f1420f5ff58b6bc2c475,2540.0,2024-04-26
41d5d9754a1644453b7022b78cd59889,4625.0,2024-04-28
41da7a4580a97db49a1983ff727d4a08,12043.0,2024-04-29
41df0be0e3db62753fd9a0670db9958a,2875.0,2024-04-27
41e212d8e631270aae1dfd8b86aa77f5,4764.0,2024-04-24
41e9a4102639f45bf0a23e9e90321486,2897.0,2024-04-24
41eb416a24dd269a25063884b17459c4,4298.0,2024-04-27
41efd561506c3de02ba6202e2ab85f56,10277.0,2024-04-29
41eff2670e0ad9f22925443398104251,5645.0,2024-04-29
41f063c4e926fd4873a0ace80fde6ca8,7602.0,2024-04-24
41f75349c518a1f420185f04c242890d,2519.0,2024-04-28
41fa30fd3f3c378400195dc0aa824559,6563.0,2024-04-26
41fdcabe3df499d342552256e2bc1198,4404.0,2024-04-27
41ffc6377e8dec4026f24f6e54435f9b,5715.0,2024-04-25
420810b03a339894219702c53ade6b28,4018.0,2024-04-23
420993b8de9cb22373dafcb3602c5a65,3134.0,2024-04-27
420aba99c5431ef67f06a153b6de496d,9447.0,2024-04-27
420ca2b9488ea21348d5b4c33371f2ce,3376.0,2024-04-27
420f5163208785e7d1d5c2c53f9da1e9,13300.0,2024-04-24
421885c9d8072d4a2516e86570b28dc6,8314.0,2024-04-28
4218a522f51ce6e748570e6bb6117d0c,7054.0,2024-04-29
421a2795d42d858e48181b21ddf66da4,2788.0,2024-04-23
421ae04837186478d6c9215be5c5fa03,6102.0,2024-04-25
421c9be9f60f61194e554f3a731a73e4,4827.0,2024-04-26
4220ed6949fa53430b2350421884b6a8,5123.0,2024-04-24
42254949de9406605ee3218da3c79079,2468.0,2024-04-27
422b90fcc45ff2d9d9787d752ca4b294,10185.0,2024-04-24
422d5fee76f29d7556fd526d2982dc05,5480.0,2024-04-23
42315be199604ff774f4688dc1f8f797,3699.0,2024-04-29
4236546c81bc59cf35ed7f63f210005b,4047.0,2024-04-27
423c28ee9a7cff227474e6cb536f4b65,7311.0,2024-04-24
423def6845a9179bacdf134e4344d63a,6075.0,2024-04-26
4240606c56c4e12473f8920c1c960df7,2515.0,2024-04-28
4243021d5309172371757a5b176f557c,3936.0,2024-04-26
4245940f4368d5cb7ab7c79dbb519c01,3949.0,2024-04-23
4249b5f6d6a1085fd59412bbed14b103,7114.0,2024-04-28
4249e991bce9607059557279fcda48a7,5511.0,2024-04-26
424c18834b3c168099f42810ce646ae3,4959.0,2024-04-29
424d7a884cf1cb18b38ae5726ed3c7d7,7211.0,2024-04-27
4259f948a9d0b1a6e2fd5a0a34c2ea34,9625.0,2024-04-24
425bc5dfed024c7b8870b216df31ff1c,1622.0,2024-04-28
4264d16e92fcb74328d6af4b574f3459,3483.0,2024-04-26
42668121e7d38288f6a07a34a01273bf,9279.0,2024-04-27
42668c48e695dd1a87577955ee11bb9c,900.0,2024-04-27
426d443bf3ee5d64f89547c1f7573f2a,4882.0,2024-04-29
4270e20b500d2e3a57909e077b367d44,4574.0,2024-04-26
42737bb91c4c21815494e6eecb882ac3,3635.0,2024-04-25
42741e055d09a62f2ec4a7f6462469ce,4092.0,2024-04-28
42783164a6bb3e4e4c4bab6b89389f55,8291.0,2024-04-29
42796e999ff6d6473c199bd740b3b100,8501.0,2024-04-29
42799b7bc15a920946cbe41e07a7b700,6448.0,2024-04-25
4288772a79a6e63358005d49eec538e5,5739.0,2024-04-27
428d679fa606c30261dba8643e821700,5595.0,2024-04-24
428de733ef23116e505ac1893bba0ceb,3982.0,2024-04-25
428deefc2043a2707dc5a6cd35ec0540,3222.0,2024-04-25
4293ed8d1c37e559469960c711d4aae1,4496.0,2024-04-29
429966c5870b1cc5a8fabf98008a548c,10979.0,2024-04-29
429cef86d419425339e73b42d6f109e2,4457.0,2024-04-23
42a2b17675a9967f72aa63945493cae2,8946.0,2024-04-23
42a62ad816ad88ad8ea7c5d3bb027378,5139.0,2024-04-24
42a6563bff32a0b0095fdc6a64ba17f4,2455.0,2024-04-27
42a73cbeb59c7dfa7811d21c4c60650d,3295.0,2024-04-24
42ab708bf845dadffd7d6d2b841a6058,9683.0,2024-04-24
42ac9527d93050614b35793590c2725b,6409.0,2024-04-25
42b309ae23eee30e78a2b322c14cb3c1,2172.0,2024-04-23
42c3a1ef39a4d261671b690ca8b63475,4894.0,2024-04-26
42c3f6c32228a70935ad7942b7055714,8104.0,2024-04-28
42c7948ccf729edff61c1b423f3cc88e,3368.0,2024-04-28
42cb47c6510c1c827536237923bb2703,10313.0,2024-04-29
42d240c1742343ce6643650948d1b184,4038.0,2024-04-29
42daa6c09f5d99a7a66cfda003397f0b,4377.0,2024-04-29
42e61b3a21c44f35635806e1e4092c19,6298.0,2024-04-24
42ec1cd116f31b55f1901019ceab7621,8086.0,2024-04-25
42ec7cf95df88d40afdaa8479156a5a2,4882.0,2024-04-24
42f1c0b26f0ce90bbc52e11ba6ce405d,4617.0,2024-04-29
42f8353786df8422472b16f63a9f2a53,17281.0,2024-04-28
42f935c6bf713b2be312114191e4dcf1,3321.0,2024-04-23
42fa55944b0f9f56b59071d8a1b221ec,2733.0,2024-04-27
42ffa0c004c99dd6ed215279135bad62,3771.0,2024-04-23
43015ed235566ec04a83911b8f8db6f3,2861.0,2024-04-24
4306282f56b37ef13ef34051f82f2c68,6169.0,2024-04-25
4306b8886881f279b9ab3a41db64c144,5225.0,2024-04-23
430727bcc09de43e1ca714f652e3d332,3155.0,2024-04-25
4307fb49189599e1bfc661a04d3231d8,9576.0,2024-04-26
430bbad9e3d2773fef4389a3dc98bd2e,3691.0,2024-04-24
4315bbc861662bf7b385c4b5406bfe5b,3967.0,2024-04-25
43186dc4f7142f450e024c7f052a2dcf,3154.0,2024-04-25
431fffe1b779f358b788bfe96371eb5b,14213.0,2024-04-29
4323247af29470a9a23d8c40a609b5fd,7930.0,2024-04-28
433088ece92c0b5647bc9340b3a44fbb,3098.0,2024-04-27
433185f958549c9459ddcaabfe4a8fe5,2426.0,2024-04-28
4331ece94e6eaa28087f743757c01ced,2805.0,2024-04-27
43329f5b7af06b28c9ded7a12db9b715,11790.0,2024-04-26
4333edc8ad9f4be9bfbbbb90d0d5a88a,14264.0,2024-04-28
43375adc5f1cb81e276ec511971cc201,1922.0,2024-04-23
434eeeaf60e792619f05bacbc4bbb50a,6561.0,2024-04-28
435043bad68fee7f0986eb53da6ef1c5,12466.0,2024-04-25
4356ced16adc7e2f9175a2297e8a533c,12621.0,2024-04-25
436dd192ed9564b8f02b412ac3706b18,2992.0,2024-04-29
436e19475c68455d399402582454d40c,11500.0,2024-04-29
4371c49727889fbd051f0be1c7be0b23,6325.0,2024-04-27
4373bd9944e5c8529c10cc09d7c31ae3,5125.0,2024-04-26
43783fb3328282142dc0c584f99397c1,3860.0,2024-04-26
438241a16bd18cec083c23d5c3b8d69a,3100.0,2024-04-27
4392c0693c0e4c606c2696ffbfe51e29,4615.0,2024-04-29
43988aaf23626731b6231f73c7fa4c5b,4953.0,2024-04-24
43ace0bc2cc87cc523a0732bfb13d36d,10715.0,2024-04-26
43ae34a4f484155001b377bcd595ab80,6816.0,2024-04-25
43ae9a6e3fa14b3ac5394dde17df5628,5812.0,2024-04-26
43b77a682895c2ce3200b619d0af1771,5179.0,2024-04-28
43b94f1a9ef21a85f972e7aba88d0cc2,6971.0,2024-04-27
43c33403acd89c624bf5309299551844,5910.0,2024-04-26
43c82c0693c6be0822a8efe0f785947e,4317.0,2024-04-28
43ccb74094e2f314f8cbcebafdd4132f,4992.0,2024-04-23
43cf8970934cbf60b412f5ddbc154a89,3813.0,2024-04-25
43d335f491f1457e71db1c32c855c7f6,3460.0,2024-04-28
43d4f45bd6b45cceb4978a42ab4aea45,2413.0,2024-04-27
43d5898b5aa834e3a2616fd7aeef7e01,6797.0,2024-04-25
43d6cda051bc60f776aa43d2e0aa6471,6130.0,2024-04-28
43d72d514364f985a1809cec746dae6f,2504.0,2024-04-24
43d74261059e119c0a62d2e0d886c1df,6607.0,2024-04-28
43e5d19c142b04dcdad558c073861447,2491.0,2024-04-27
43e78bb289a935a8ff6fdca74d3be772,1835.0,2024-04-29
43eac5584208f63f377409361cf30b86,8739.0,2024-04-23
43efe3fdcd492a714c0c4fd86ccb4e23,11303.0,2024-04-25
43f26cbe21e9cc32ac04f67058c96102,3921.0,2024-04-27
43f26d5127b4d052dbbddacbdf911b79,5665.0,2024-04-26
43f33b9622240e9eecec60103c2209a7,7825.0,2024-04-29
43f3de53d419c6273786cdb4114865c2,2764.0,2024-04-29
43f3ff172c2c11ed2ab4d434e028a6cc,1659.0,2024-04-29
43fadaab98471ee580ca9653bf141cab,6525.0,2024-04-27
43fcf09a6cb9c8def2bb086efd2fa45b,5478.0,2024-04-28
43feae40a06270dea61033712a1e55e0,5903.0,2024-04-25
43ff8f818b8712b4da4763cffe829ee6,5907.0,2024-04-24
44017d8affa572fcabcf2ccf2b909f6a,7707.0,2024-04-29
44022e4cde1cac16d654cb351bba787c,3598.0,2024-04-28
4405f752478f1f6e33b9154895fd40db,3238.0,2024-04-28
44080fff2a0e954f545998b0804e2d9d,3741.0,2024-04-26
441408bd898b3458e81dd53faecd6aa4,4308.0,2024-04-26
44180788fd12cf37959b56eeff607ff7,2920.0,2024-04-28
441be1712a1cf84da4cfe13682084905,7146.0,2024-04-27
44226fdbaa743f2a61ece6b01052b328,6630.0,2024-04-28
4423f269edbeee1e6e8e0394b26a40b3,11194.0,2024-04-27
442813c0544775c375726ad1ee07eee9,7759.0,2024-04-24
442ad63812bee6488ab7fd5f3e0794f8,3579.0,2024-04-26
442cee8cad39f77769945592a3a6b1bc,3244.0,2024-04-24
442d1f8b35c63f292f3d8cfaed6bd9ee,7023.0,2024-04-25
44308b7da25921095bc7b17bb64efc03,4834.0,2024-04-28
4434a679eb81d90153a586167cb8c3d9,3302.0,2024-04-27
4440e0c642b0bb4aed929faae299a105,4138.0,2024-04-23
44441423195604f9443eff0f6a94feb5,4600.0,2024-04-27
44475d796c89f3ffc3b3dbc80db041c0,6813.0,2024-04-24
44497cd7d9209c63af3f504473509ff6,5126.0,2024-04-23
444a8ff3da37710142dde2cd55becbc1,8351.0,2024-04-29
445069c33f197a7131cc301f59da0a4a,3950.0,2024-04-24
445637f6d4977b0c47c9bab71b92e9d8,9629.0,2024-04-25
445cab34b3c8eb84c18ca176c3dfa9f3,7011.0,2024-04-27
445ecb6a46024bff9c020c74d954a1d3,3494.0,2024-04-23
445fe12519e523607e18ee8a90a1df7d,5296.0,2024-04-24
446404a03bff2290dd2b84000a31f0d6,2988.0,2024-04-26
4466de3841197fb41e406f8feb9a25cd,3072.0,2024-04-27
44680b691e03b47c8effde3a8ad72b71,3948.0,2024-04-26
44690765d47f7e6285e3b3828067c948,640.0,2024-04-27
446d280a3fea0eb6904dd960b46eb7ce,4525.0,2024-04-24
4470271836f07c7cf995496a7531ca55,3815.0,2024-04-25
4470eb40ba74253f303d4ef4330a8a6d,7140.0,2024-04-26
4475c050fff56a7eb3eadf5356db4667,6917.0,2024-04-23
447820889b4680f652bd57a083898579,8771.0,2024-04-29
447a159313bf172dc8de0594c6bd2ffe,2578.0,2024-04-25
447d404c086ae7e711ff1631889b8565,5396.0,2024-04-29
44824ab33b9d7d6239a659d06e306452,7402.0,2024-04-25
44826d859edd85d4817a7164f6e269c0,6971.0,2024-04-24
4486c6e71d5770b99fa3d53422f8044e,6187.0,2024-04-29
448e772035dfae58d81bfb6aa615fbe7,9878.0,2024-04-29
448e833e164a599814ed21e2cec91e53,9845.0,2024-04-29
4490978f81e110edc10654ff371fd66a,7677.0,2024-04-25
4492357d4fb2aa0bbe75a3379507152a,2378.0,2024-04-24
449365a7ba3f921084df94f5fe49240b,3521.0,2024-04-28
449708eee819a48f5c4c9205c3605f58,10290.0,2024-04-26
449e9741eacd6307705ebeb30fbe60b8,9492.0,2024-04-23
44a5802bcaa80f23eaafae3088bf7139,5506.0,2024-04-25
44a65c7544863d456c4fc73f2e6b802d,5749.0,2024-04-24
44b1b1421013cfb077160276c696490b,4344.0,2024-04-29
44b75cb0e76ae7d7e8c6a781bfab7fac,6119.0,2024-04-29
44b8f9bf82544478cb0d94a43a57f716,7709.0,2024-04-25
44bc4c8ea6d21a08d49ba05a7a0ffb45,4575.0,2024-04-25
44c012b15e982acd117e65c5d78c251c,7400.0,2024-04-26
44c252c2050d859943bf6ab59acb51db,3603.0,2024-04-27
44c54cd9bb0bce3db1944c710a4820a5,10340.0,2024-04-25
44c7617d8dd8a32af8a95b078c78a7fe,1981.0,2024-04-29
44c81cc6ef19e442e7044ddf37892430,12190.0,2024-04-24
44ca228671807d687f686cc4b06e79e6,7039.0,2024-04-29
44d0525e0ee2ee22e30bca4c13b5e603,4703.0,2024-04-28
44d2e3a711d9a2fe7af82892d6e7c18b,2509.0,2024-04-28
44d311c22ddc437cbe83537ab37c1351,7900.0,2024-04-24
44d6fc70830f008e44cdc1de4f6480a1,9483.0,2024-04-28
44e06d71f1ca88dcf9f957bf8c5e9d49,5752.0,2024-04-29
44e1540d3ea8f3b9bfc70daaf0f29c73,5565.0,2024-04-23
44e37100c3fbc63719e20d0c6cbaed1f,3794.0,2024-04-25
44e8063f7ab263530ccc4d9e9b58f6d2,9068.0,2024-04-28
44ebe039e5dcf10df66ae9aa4445013c,5747.0,2024-04-26
44f305869b27f788117c57445cc039c9,9402.0,2024-04-26
44f4c424866a7aceb7ea71513154557f,6519.0,2024-04-24
44f562b9edda120033112d38b11fe518,7417.0,2024-04-24
44f95b93b06d8703a36deeae1362e9c4,7494.0,2024-04-27
44fd235c1c2e68f63d439276de027fcc,5009.0,2024-04-29
450051586587b6bf0750d8d6eef21643,6602.0,2024-04-25
4504c0b036e9275389609cba15a3c8c2,5274.0,2024-04-27
450accd63b234dd7620d4ef24db78df4,5355.0,2024-04-27
450c4af9ea9774213fd260c5cb871cb1,4135.0,2024-04-29
4517c97c8d3e67be8be6a9c594ee2e84,7590.0,2024-04-23
451bee35afd8b8dc245a722aac205157,5762.0,2024-04-29
451ddceb23a8fe7a47a4f31e21412f5e,8340.0,2024-04-26
451e9fd947884b572e2d74cc9f327d41,3898.0,2024-04-25
452187f5b02cf276773136db55328469,4338.0,2024-04-25
452338e560e1a44d2c5b36545ab70bab,6900.0,2024-04-24
4524ba4f7ce48f9fe04ed5d71a9addd8,5947.0,2024-04-28
4525302403dce788c19d5bf979fcc824,4391.0,2024-04-24
4526363ec191a30528c9589236a97ce7,5614.0,2024-04-28
4528a8142f2cc0afcabe2e1940c7f340,10272.0,2024-04-24
452945424e823ae37e7285d9a8fb71ea,5418.0,2024-04-28
452c078ed240380d0121f14f4e0c8f3b,9410.0,2024-04-27
452c3b880deaff8b04e54b361b312a19,3588.0,2024-04-27
452cc05bc1fac7a161602936271b3d9c,9617.0,2024-04-24
453142ad7d3ac8ec993b486cf2139d27,6974.0,2024-04-24
4533c1def43d4fd34dcc2eabaae424ab,3279.0,2024-04-26
454077af65c496adad67d89d3e9ad9e4,4348.0,2024-04-24
4543a6b081952b462dbd13d71c50ed83,8881.0,2024-04-28
4543f203dd879c9d2e9de2a51df7b1b9,6416.0,2024-04-25
4543f4e3e6971f96636561f0ced2b4df,6134.0,2024-04-23
4545165345e4c059f2757eaefde9a74e,3133.0,2024-04-23
454832a6ca6b04fdbdacd37d140dc963,8793.0,2024-04-26
4549f5cd6b5e3292d33e3579d6926cd9,2946.0,2024-04-23
454a6dc1ac5c95c776cf19c3d3444b55,4195.0,2024-04-29
454c97b37447fc7026494c0f3337c410,2799.0,2024-04-24
45525a9fb3aa4040f7f6c33a656aaea5,4577.0,2024-04-29
4557c4839f7cd6b472541e7a89b3f04b,5701.0,2024-04-23
45656409aa6341e1ea34891793f656bf,3467.0,2024-04-26
456fda7e055a32a969fe32098b5293ed,7353.0,2024-04-27
4576272d7c08cdcd34a5d34f75970358,5684.0,2024-04-25
4576adb1b0eb4d1f32ec1b507c8f3599,4305.0,2024-04-28
457796f7cde34bf16d66ecf5aa2f542c,2435.0,2024-04-29
457ae40ea4360475a03ffcfa46111412,5513.0,2024-04-25
457c7b7bd792a27c754492ad1d67a172,4721.0,2024-04-23
457cf9e4e961a291bd39c540f761cea8,4815.0,2024-04-27
458296f0528f9209e7294b1d62138d44,7795.0,2024-04-25
4582ec311302028b73fb9d107c626582,3486.0,2024-04-24
4586c0d84ad913890cff6aa504bf1fcc,2334.0,2024-04-24
45877b7109eee92ea38348751c9afdc4,8148.0,2024-04-29
458be24c8269f7a14d93e2e822f39b87,12681.0,2024-04-26
4591018b979b4818c642311f865795ae,5870.0,2024-04-29
4593e3af8df580cd2941a481abbc0a21,9461.0,2024-04-24
459750465309879b4b572a544248e466,7781.0,2024-04-29
459a53c4aee935bb89ddfeeb0b3416dc,7665.0,2024-04-27
45a637329351648d1b3ce9e8cbbc2db1,4762.0,2024-04-28
45b7d2e72b62f7c4d56746afd9bfe6cc,13776.0,2024-04-27
45bb7423d4f39c54a45a404404c7b8a0,2453.0,2024-04-26
45bed933df9c764afa253ff155855e2b,7618.0,2024-04-25
45bf0144e21cd9b51dd1744e3938b26e,4305.0,2024-04-25
45c1994f68bf5776dfd444a1114c2045,3862.0,2024-04-23
45c28e87b0c4bc51a1be9407d81d851c,4808.0,2024-04-25
45c7e85a2231571ebfed217c4e4e258d,4562.0,2024-04-23
45ccb747b7bc69eee6ceb65041939639,1578.0,2024-04-24
45ced900848843731ec47cc0afea810c,5906.0,2024-04-24
45d1e189c05800438542e035dbe9e2be,13245.0,2024-04-23
45da6cfb6034511488ff37abcc661551,7094.0,2024-04-24
45dd352572ae150a0e288e524a7015cd,4433.0,2024-04-26
45de26db1f8478a7ca2bd480674b6cc2,4092.0,2024-04-27
45de3f7fa8671e7964d3104f263c77c1,8984.0,2024-04-28
45df24d862c8cb7970d251d41b0e59bd,3526.0,2024-04-24
45e1a0fea9a9f81f60887c84b44cfe9c,5048.0,2024-04-24
45e1d0ef28857e44df04787edb6c5437,8794.0,2024-04-24
45ed3f03edded25238ea178094cb45a0,4474.0,2024-04-28
45ef7adfdbf56bfc01c48e4cd70ecf1d,5285.0,2024-04-27
45f4447f500e5e1d3c8b28a7f932a3c8,3719.0,2024-04-28
45f4ce7ff85913c4e4da5b487fa96b8d,7358.0,2024-04-23
45f908b5804685dd4d40ff9a0bf8ae0c,9574.0,2024-04-25
45ff11fafc0e52b7821212ad8ac9b19b,5715.0,2024-04-28
461c251e110e1bb298e24f0da5b91dac,10227.0,2024-04-29
461e9a19fa65968b911bb30d24afce34,4345.0,2024-04-28
462327eac26aa3271d7cadfb5fc87035,5974.0,2024-04-28
4628440ad428f4339ea34bd8be72787d,6546.0,2024-04-29
462da856f1ab2b4732ff879821abf236,3687.0,2024-04-29
462f1a6673f38c2c52149239f050cb46,3719.0,2024-04-26
463164345482b9538d8c55bacdc66d3e,4911.0,2024-04-29
4636eaac70c1d37bfc8d4d148a98ba97,2837.0,2024-04-28
4638ed40052c16daa75e3e0863158ab4,5428.0,2024-04-29
463d461a616913cfac3ac4d2f91795ba,6821.0,2024-04-26
463ebc527eade38b569dbb150f760d58,5783.0,2024-04-29
46409fb1061a84774d7cc971c4ce254c,4288.0,2024-04-24
4644702fd4aa2714553b533c7f172b7f,2536.0,2024-04-24
4645e21e9bbe0eccced3067b9237c6ec,2939.0,2024-04-24
464edd2b5cf16db50f9ee8fb2ed3a4d0,11549.0,2024-04-25
46522679843dcfdbab22bfc00eeea56f,3242.0,2024-04-28
4654eae4835146b3333802b745f5c781,4083.0,2024-04-25
4655393731d6c27b1cf0c9dab6635d2f,6213.0,2024-04-27
465beb8b1715b14513c6c2bafe503e17,7408.0,2024-04-29
466610775a57e49698abc3b8b9da3f5a,5263.0,2024-04-23
4668d2e6771a135ad765a9050f4c4980,7434.0,2024-04-24
466c262a4eb35787234dc6a891a8e500,5568.0,2024-04-24
466d0d540b26edac25255ea7512214c2,3408.0,2024-04-25
46734dd5012c625eb77465dedbfc5709,6988.0,2024-04-23
4673f65481640aa6a10f1daf5215d318,5224.0,2024-04-26
4676b988de87a48a7426862f96344382,6362.0,2024-04-29
467912f6022817130b820279b0206ce1,4909.0,2024-04-27
467a43d9fe97fe217172e38c84c4ccd1,7528.0,2024-04-26
468238e0b7a70911d9e459db9048985f,5945.0,2024-04-24
468a11d61a2a847890e92b08b9430da3,4500.0,2024-04-29
468adecaee8afe470de86914127fdecf,1917.0,2024-04-23
4690dc67f049917d78ceb6fc49ea4652,1219.0,2024-04-25
4694937e142177de30f1b010408e3c70,2617.0,2024-04-29
469512fac12b01b18deab6b1d9d7e0c4,3930.0,2024-04-23
4697fe07b45786e46af03d4d14c69d72,10678.0,2024-04-24
469e37e262422497c0f5bc3c3089311a,6003.0,2024-04-29
46a2a7cca4f70532e3848e1e81e7ce59,3591.0,2024-04-25
46a60df3d152286502f953c28c28ed3e,7662.0,2024-04-29
46bb145aa9eb50607ffb122ee6c45946,8358.0,2024-04-23
46c073c584e0d5f6ef02ec2faa2ad4e0,1451.0,2024-04-25
46c103f062d7df5758b5777d87e44a25,4046.0,2024-04-27
46c20a8fc87483271d42f3520805a50b,2916.0,2024-04-26
46c721d3ad0d4a109bd203f91be9c1e2,9546.0,2024-04-29
46c88ce68a29880cdc5619e46bf8263b,4781.0,2024-04-26
46c966ebaf44c597cafe193a5392ae47,11256.0,2024-04-27
46ca34c154b023bf632e582c1e4363e5,5557.0,2024-04-23
46cad8106ba5fbb00482b8fb4bc3d078,4810.0,2024-04-28
46cae9ee5a9ac7edfbd699c08b5dfe00,2966.0,2024-04-25
46d3e378774a979756e3d3572cfe6e4d,6958.0,2024-04-25
46d80c0add49edb5601c3576168b4cf5,5332.0,2024-04-28
46d94c22ab8e72c918a5fe59911f7610,7877.0,2024-04-29
46d9e14d4a0ba388d26287512065f366,13605.0,2024-04-24
46dd88be8edf0a8c1d899e3388aa32d5,4320.0,2024-04-25
46e10d378015ff10a115c07ee993d293,4690.0,2024-04-25
46e111dd0c441010e174f7d67389e9f2,4099.0,2024-04-24
46e195b5e4bf9924e5058d33676e9da0,7239.0,2024-04-24
46e19e5501bce2720b7df938b22dde22,8009.0,2024-04-28
46e52631c81fc76e4c400eb2c79daf21,4115.0,2024-04-28
46ea82c261d1ae94a77b851fa50bae67,1341.0,2024-04-28
46eda4ffa12042509251a10345c6b5dd,6269.0,2024-04-26
46edd005db708483b98ed0097f8257f2,10515.0,2024-04-25
46f36343e6361d7d2a52bb0fed86ab7f,7504.0,2024-04-25
46f4512b85577782877a9add63c38212,4838.0,2024-04-23
46fdf10522d71157d149fd6f9748a786,5232.0,2024-04-24
470218b4287826317c2d2c3d351c74df,5163.0,2024-04-27
47099eaecb3b03849d55eab28927c64a,5009.0,2024-04-28
4709cfeef4dff7fa31069ecaedce7d32,13456.0,2024-04-27
47152964e57f49b762b1de36fcb6838f,2363.0,2024-04-28
471e5e3e244d37965e8bf95d8430ff64,9649.0,2024-04-25
4721fc625e3896293381ac08173c1063,10040.0,2024-04-24
47261210b8b6d11a8f728b19304cc1b5,16659.0,2024-04-29
47328ecf6d22c2c27056d5d71d0312b7,5114.0,2024-04-27
473607b3297075b1e8ace596691b8c0d,2200.0,2024-04-29
4736cbeae79819f213c20e8898f24d2d,3863.0,2024-04-23
473bf2d1b1647c5021861b9650cbd31d,5960.0,2024-04-25
473cf7378dab5109772bb22b166b675d,5401.0,2024-04-24
474187847002b35f4460683aef13ae69,6909.0,2024-04-28
4743b2c4bfd64cccba8eeccdedf640af,5265.0,2024-04-26
4744099c3c2e69f6aeae6f600c6ab75b,5267.0,2024-04-25
474811d1355f570b27b8aa5a20259a03,7284.0,2024-04-24
474e621f5e1d199301e4d80ffaf9cc46,7921.0,2024-04-25
474f8cc6cf030ec04926b8bb2e60f85f,2373.0,2024-04-24
475496b04d35f7802bba65c202c961e2,4483.0,2024-04-27
4755bdc49feba22a233f5814c82d6227,3950.0,2024-04-28
475bbead0bce9f66358593cb2ce05194,4769.0,2024-04-25
475bedc637334535adc80272d97ec066,8620.0,2024-04-26
47657efacc485123c4af7e980f408f74,4867.0,2024-04-28
4768876960e725c1b86798b4f76ab3ed,2624.0,2024-04-26
476a118e579c514e86d52cbc22c7b6ee,4192.0,2024-04-25
476a8456760baa9562488d53f4d40000,4473.0,2024-04-25
476c1dabc1061e06e9cc35fb1e1224cf,12463.0,2024-04-23
477c25de92918f5772bd1eb852e297b6,3838.0,2024-04-23
477cfce9ccd530f2d0a00f3ad34844ae,2529.0,2024-04-25
477ed75a1fdc3523360c269b9b8eae6a,6897.0,2024-04-25
478278fa4f482ce688dc54c730fe7235,3464.0,2024-04-24
4783af6d29a9a667fb3b0a2bcc37b57c,6398.0,2024-04-25
4787a505571baa080159be424ccd1c38,7119.0,2024-04-23
4787c906f2896118aee498435ea7bd51,1828.0,2024-04-28
47881fb9c22d53e75b8fd67f3712c86a,8143.0,2024-04-26
478ab9833508d9a4f986030957e8f1d7,4478.0,2024-04-23
4790fce6aecf6024b6aad6de4cc97d40,3277.0,2024-04-28
47938f0d1ad562735d4076c363041f7b,4004.0,2024-04-26
47966eef96abdabdd91a3e4841b13155,6659.0,2024-04-26
4797a105bddba8b029592ba13f8803fb,6833.0,2024-04-28
4797c537cfe170aafc9af7e23d2df493,3255.0,2024-04-26
479bc11aae65b7183ba6d8a29ad93236,4166.0,2024-04-25
479fdafd71171845170f62a55c510a82,3435.0,2024-04-26
47a041b4ae3358a394a36fe5242c5491,7114.0,2024-04-25
47a1c27f181e6c93c1bf7a6bf5630ff9,17510.0,2024-04-24
47a3b645de9069aa9f1a763ec1ccf73a,3791.0,2024-04-28
47a8b56aaf81fc81aefcbae699bf071b,2530.0,2024-04-28
47b079996f2abd1f529ef5523c6b03a6,7001.0,2024-04-23
47b0c9509ed80bad94f9fc37b9708ae7,5795.0,2024-04-27
47b416e99dec34c1ad173fda5cf9c3c6,2526.0,2024-04-28
47b4a5d2461f98e8f1a2b9899df81f55,5408.0,2024-04-29
47bbac4dea869d5b5a18446cc8e2a7ac,10594.0,2024-04-26
47bf797a651ff94c4e4c60a3001681ea,4114.0,2024-04-24
47c0ba570f8a8305802c2525c16c16be,5846.0,2024-04-23
47c120996573d9c2cd48eb03d7443f54,4147.0,2024-04-23
47cb44641b6eebc0a404909227b397c2,6825.0,2024-04-24
47d215a4e5ef577d1b32d542ae8d657e,5684.0,2024-04-24
47d5c5b35d82bb62bfd80924641f4116,2779.0,2024-04-26
47dc19d9c88e9af9ee5f05088a1f2f29,7103.0,2024-04-23
47dd1db42efd444f5c7aa420954d311d,5166.0,2024-04-28
47dde9cd79b8aadbb38695833e3fe629,11063.0,2024-04-25
47e14f19ea73c3b69905b7b75e17a9e1,4245.0,2024-04-25
47e3555801e3b8cf4087582fb5d8ec2e,8022.0,2024-04-23
47edc637a74464447de7d8545a6c5321,9002.0,2024-04-25
47f3b005306a4ac4e8458352844f425a,10157.0,2024-04-24
47f844354618ec17bad6fbe4fb3c9b40,4087.0,2024-04-29
47f8dae1e69148c31e24244a1b835175,6369.0,2024-04-25
47fc5012ab49f96e73c8cb852d16d938,7180.0,2024-04-23
48009f85b3a55c8e663926572223e688,4593.0,2024-04-24
4801e6124124604f0e06d191e7eb007d,5375.0,2024-04-28
480aa217bc18fb12e9101a67832ca91c,12085.0,2024-04-26
480f82d4dc793ea2df0c3faf43299083,6269.0,2024-04-27
481374afca6a553b54147692feb1ec35,13326.0,2024-04-25
481df16312cd95b1d570b7688a29305e,3541.0,2024-04-25
481f8ba6bce3552acd6236d439aa9317,4596.0,2024-04-23
4821311e1c19c12bf4911c6854b8e97f,4044.0,2024-04-28
482e826b6cb3727dda0dc3951cbd9ab6,7335.0,2024-04-27
4833b4315efc7555468bfd5d421c4d35,2841.0,2024-04-28
483eec190425fc28aaff0929d076af46,6490.0,2024-04-23
483f47eee5a1242a7f06a52e790e06c1,4801.0,2024-04-29
484368bb05cecd4bb9a1f4813c29ab9c,6300.0,2024-04-26
4843afeb8591e0d1795cce832ec1edb6,4387.0,2024-04-23
4844483afa19332efc7f10dbb872286d,10290.0,2024-04-26
48484d3c296aef04404a1a4ff6233903,4121.0,2024-04-26
48490f00cd8cb7f097389bdec1c266aa,3035.0,2024-04-23
484acfaa3db9b77c19bc62d1e315b76e,4320.0,2024-04-25
484c7e9cdd4aab21811586f6ec825d7e,4324.0,2024-04-27
484fadf92906aa6be0b68070a93f6c9e,4870.0,2024-04-29
484fea709fc014fc069f88ea9ab1d9c8,6015.0,2024-04-29
48518738f39a634e27492ae488d08db2,3437.0,2024-04-29
48518e5f03a5dd20f52f7014c0a34e28,6040.0,2024-04-29
485493cfc64dc00efb634009b1a73179,6947.0,2024-04-25
4854c1ebe7257051963a3023f355e0cc,4912.0,2024-04-24
4858ca252c87270396d8954d6aa7deac,7168.0,2024-04-23
4858ef6487053fafc138b15ba58f9aec,6448.0,2024-04-26
485ad5456af72f7dcdce289f91f1c319,6127.0,2024-04-27
4860040f0c42a02cc869cf2cd1f1ab7f,1559.0,2024-04-24
486a3b525e1f08437e17210ebf8a39f4,1490.0,2024-04-27
4873b97421af98c9518e88674e97f9ac,4602.0,2024-04-26
48745b6ac7c21a7ea3dcdccac83f80cb,5279.0,2024-04-29
4875c523e3d75c456cc5bec012e699df,5178.0,2024-04-26
48764deddc6526f897f5c7384868ddc7,4806.0,2024-04-23
4876ab0e8d8f1889e976b2e9e398105e,6658.0,2024-04-29
4878f6e41aa7e3a40c954f58ac1cd8ac,11404.0,2024-04-25
487953c2c2d3476d18b1d8369fe2c2e6,11154.0,2024-04-26
487b600a5ab51debae6ac636bfeca07b,8969.0,2024-04-23
488213e8ca501bbd91c1b3a0a73d1e8b,12545.0,2024-04-27
488533b5edfe39a13055b9826a8fdf98,3880.0,2024-04-24
4897d1654ea6a49f54ec17288b5dad24,8765.0,2024-04-28
48a6ac9ffbe186796b4ec8fa35981a31,6923.0,2024-04-28
48a871c3d2d6f13a4c86ff108fa60b13,6137.0,2024-04-28
48aaeed03d5a791eede0a57d1a96bd26,5579.0,2024-04-27
48ab4c06bd68c88dca3b71692839c91e,7785.0,2024-04-23
48b7e4b48066d5eb4beddbc7e21daf9a,7402.0,2024-04-26
48ba29548fda45b738fc5a12547327e9,5205.0,2024-04-23
48ba7040d8c0cc1e99f62c49a8b39445,5188.0,2024-04-26
48c1ad270ad352b050b7c240b9f39523,8460.0,2024-04-27
48c44fd1fa3d9e21bf1ceb1f638b239f,1550.0,2024-04-25
48c5edbbf2efa3c4fe915cf423d2b410,3407.0,2024-04-27
48c8857c754e6fd9f583ac7ecc99f503,6859.0,2024-04-23
48c8e637de734635b6fde4964625085e,3223.0,2024-04-26
48c910e5f78e15716e162e60dc478585,5894.0,2024-04-28
48c928804f4579cefb524986daec13da,6468.0,2024-04-26
48cf0b0b4864a6726c43b4c4fa8878fe,3488.0,2024-04-26
48dc1d4d1f7affc50fc332aeec46750c,7146.0,2024-04-25
48dc283819f7b1bb364a4348d5bea609,3246.0,2024-04-26
48def4f513fb5cb4dee72d7bac24fafc,1704.0,2024-04-25
48e030d7bd19d370a1eab0f2e4633e5b,6210.0,2024-04-24
48e1850dbc0fca3d2c2d1e9fea8aa3c0,7177.0,2024-04-24
48e4df11721cae8fe1eda720152ea52f,3522.0,2024-04-24
48eb914d27369c929227109aec991c09,5232.0,2024-04-28
48ec9bb4b301358050c5787f314ed1d8,2307.0,2024-04-29
48ed746ae46fe0dd5f9f169d990e6d10,3021.0,2024-04-28
48efc78ed364027dfcf30f4d834a2398,4241.0,2024-04-25
48f17e6e9aa2735a1138c2f7b596a9a1,6994.0,2024-04-23
48f31da6654978565e9b1f4673a7396e,5292.0,2024-04-24
48f4068b72f422a475c76955500f5b3a,2062.0,2024-04-23
48f4c50ce3630f274a70c4c390504514,8685.0,2024-04-23
48f6af95b3346f90bddb13f6c9e74bd7,2938.0,2024-04-28
48fa09bc79ff8cb9a534bf0d8025ac0c,8736.0,2024-04-26
48fd3949e851ba0e9e94c00d94a5a8f8,4299.0,2024-04-27
4900c0bfa1a5b173e5aa576f31d52b64,4911.0,2024-04-27
4902f9ecfbe26b88cf370360b22990ac,4466.0,2024-04-28
49088cc8837189063769d673c971eb87,2088.0,2024-04-29
490a25608380cc273ef27e38669fdfc3,7022.0,2024-04-27
490abe9d98f57bdc64b0f7805ba41b54,7822.0,2024-04-27
490b58610d13246e37bf2d881f411ca3,4846.0,2024-04-29
490d141e749eabc2d14cd305e74ddf20,11864.0,2024-04-29
490eee07feb95097fcdcc359b36da70a,5998.0,2024-04-29
491cb49e4478d31355c895568291bd85,5328.0,2024-04-26
49222a0578b308320f631f15ffa32505,3837.0,2024-04-27
49235edcd03c83e311f5b864f75d0555,4887.0,2024-04-25
4925c2470486af0632bb0c89ce2eceed,1016.0,2024-04-24
492d4fd5c6b7c4590dd91736e3bcce21,1915.0,2024-04-27
4934eea54e81589401e6e1d105d4adc8,1354.0,2024-04-28
49368a8952967331679b4ae083b2d4f6,5631.0,2024-04-23
4943120b35c9532fa2b2b0fcb3df152c,7148.0,2024-04-28
494717aa86fa5f732e02ffb9c66b56f5,2513.0,2024-04-28
494724a5e84fa2bb398e6230583f4461,4034.0,2024-04-29
4949dcbea4e3eb95266809851f75ae4d,4876.0,2024-04-23
494d08c1054b7b97ea3bb81a6eba8972,3480.0,2024-04-23
494de08ab9712465eab89a2dddc16ede,2083.0,2024-04-26
494e6183350b738d6e6ba61098a7ee6a,2933.0,2024-04-24
494e7bf3595b74ffda5c477bfada7300,11549.0,2024-04-25
49517b19cd3715197c24e285597a9808,3053.0,2024-04-23
495b5a598a51b986c4ad3bf507db09fd,4846.0,2024-04-28
495bc8f63057a05c78ec1ea312d2768e,2991.0,2024-04-27
495c003c6880b5e42ae105ec795b7c2f,7920.0,2024-04-29
495dd728d82bf74fe333bba5c43dab16,4557.0,2024-04-28
495f06ad5064544f0abb2de4275e5920,4609.0,2024-04-28
496338cc28d3038898a7d1df6730e7ab,7377.0,2024-04-29
4963bd7a970bc22f6f567b1273814517,6831.0,2024-04-27
496415e720dbbfa972e53437887b3170,8026.0,2024-04-29
496a52daec57e803d12c28d08a32a96f,4517.0,2024-04-28
496c155299cd07b55a45f10ee7ae9a59,6339.0,2024-04-26
496f42710996b487f8c9a87b9c721a9b,1889.0,2024-04-26
496fb8d501bb6c5c249dd368c6af8bfe,5488.0,2024-04-24
497048d476d73b079f354d3fa8db6e4c,7851.0,2024-04-28
4972c3535869de5f0c43891b6eea5748,6369.0,2024-04-25
497337a4e954b9ff7943753e133455bc,7253.0,2024-04-29
497833fa2fc331ee509720d031226054,9640.0,2024-04-27
497a6ba781f7252eaf7abc973e7df258,14375.0,2024-04-25
497b704d360a64e1121d101097028630,2443.0,2024-04-23
497d62e11f4fd8969b094a5fff911e1b,4344.0,2024-04-23
497e64925d76026a7852cef26ce1add2,4636.0,2024-04-26
49813625059f8f54824ec5faace5262a,1869.0,2024-04-27
4982a5c1c6ea0120f27870df88cf07df,6749.0,2024-04-23
4983a0d92657f39fbc8b622c5f9e1fe3,4563.0,2024-04-29
4984bdf5e8b637097bff77ff0b0e0f61,7515.0,2024-04-29
49893032fdee77af1f144a978fb536b5,3622.0,2024-04-27
499031a76af14dd645dcb6b9939ee4e9,5210.0,2024-04-29
49908f12b9818978e0f65b6a9971d555,5522.0,2024-04-23
499209272ebe490ff0229767950202cb,10976.0,2024-04-28
4995e666f87d66b96261f8d84ba91158,3877.0,2024-04-28
499af91a82e954483bc575357f8f6836,3399.0,2024-04-27
499c13ec8f0c008c3221f2daaf2d6a8f,4451.0,2024-04-29
499e446040f3659087d53cddf0ba0287,1744.0,2024-04-24
499f6d06f668bc4a836a75016dbbcb4d,6107.0,2024-04-27
499f876b719a8655e388d325c635c4fb,4104.0,2024-04-23
49a1d3795bcc0789d4d04fa9818f0d9a,3528.0,2024-04-25
49a3ca34707f11ba575cf204a052ccff,3886.0,2024-04-25
49a57cac26ac237436d56d6f1bc676b6,6142.0,2024-04-29
49aa0ea19bf77dd99ba372434a9684df,9140.0,2024-04-26
49aa2255e4b61b731d7f0b8fcc08ac9a,13098.0,2024-04-23
49abc002b594b94d5de4b83d6253be2d,4665.0,2024-04-29
49ae092e068424d98836b29911940a06,7109.0,2024-04-24
49afdf204f137a2a3ea8765fccfea460,2462.0,2024-04-23
49b3e9d9004b6acdba6d62723065a9bf,2581.0,2024-04-26
49b3fe08223544dd955c1eb12a89a7ac,1782.0,2024-04-27
49b68c984fd45c1ed23d73dbe380acfd,6432.0,2024-04-27
49b9f05b2af60fb97e7b196ab42d8f2c,6687.0,2024-04-25
49bc2448fbb34a67def0220c7d3dcd07,3439.0,2024-04-29
49bcc2d415c5154648afb786d0ed5238,3196.0,2024-04-28
49c0eab6a32446223b5ede35ca643ca9,2669.0,2024-04-29
49c2dddcfd20148fed0a3ed7e438eae5,4779.0,2024-04-24
49c3157da8d66461e7396f2f6cb4c50e,6429.0,2024-04-25
49c402d8d6f7b4132e671188d0932475,7175.0,2024-04-28
49c4bbc365aa371fe36a018c438088f8,4291.0,2024-04-29
49c4d003b2ce3ed97a67e5781a1a414f,3256.0,2024-04-28
49c5a7475823ecd258c466836d4e9224,11009.0,2024-04-29
49c5c6799795e6a9edb357cddddd335e,5963.0,2024-04-23
49c7082314c6f8d865072395c6a2aa27,7783.0,2024-04-29
49cc8804fe6e8c4c6b9c7feee0b24fc8,5533.0,2024-04-26
49ce80165195100787d579af0a1f1b47,6326.0,2024-04-28
49cfa9d22f1fac967bd20bdd9d63545f,6624.0,2024-04-24
49d0667518f06076d967ef31b1175dbf,5978.0,2024-04-29
49d44d02e41df71ed00b149d3f28be44,7167.0,2024-04-27
49d581f5ff142445d3e01181877f8334,6126.0,2024-04-24
49d65af531c2e4b94a9118e2b68f47bb,2163.0,2024-04-29
49d71765ce6aceff6ef68643d3b95a6e,2245.0,2024-04-23
49d97cf17a9b9ef44cba29cd30bc3c7b,5316.0,2024-04-25
49de2457b2d9387879b5cd8cc1b0fc12,3784.0,2024-04-24
49e07e3ff4e943caf551df0d2cd9bcb7,3721.0,2024-04-27
49e3dcd42f83729eda46f17398b8cb93,3066.0,2024-04-26
49e4101000d73a4a6fb6d4283ebda7a2,5435.0,2024-04-29
49e42482fa2f5dcdc6aaa814031bda39,7914.0,2024-04-24
49e47a1dcee1ff248c3362462d573824,879.0,2024-04-29
49e52e71ffc88b64e9d4b72b67966e91,9039.0,2024-04-24
49e70d2d1a4eeb4d6e15f7f822093da2,4202.0,2024-04-27
49e90ac932b6538791365ee2ff32e140,3081.0,2024-04-24
49eb171ce662d3c11dfb5ec9181bad62,3118.0,2024-04-25
49ef323dd7cbb3ac46998a30f4c21c4f,6593.0,2024-04-26
49f02929b5fbe412667e44cfeeab3b39,5168.0,2024-04-23
49f36a0410c563f905e7873307df0078,7978.0,2024-04-23
49f8ff94ebcf636ec80c8560e84a577b,9084.0,2024-04-28
49fe55cf1d2505631ee7b69737eccb21,6302.0,2024-04-27
4a00d3dfd77d30a8808ff060d999cd15,7050.0,2024-04-25
4a0302b41e7c1731547b0c5dd70f5b9a,8560.0,2024-04-26
4a099b87bdf8c8766e5c612d9ee44018,6459.0,2024-04-26
4a0d174b31d1a1cf091a37cc0f1484a4,11519.0,2024-04-28
4a293505dc4565444e1bad01c531b59b,4074.0,2024-04-26
4a2ba6326240810a8a4a9bd9cc1b3388,4303.0,2024-04-29
4a3090ff02f24b7df7d43bd5b4efbfaf,5373.0,2024-04-25
4a3167fab68f8b34e5e720d181efb553,3045.0,2024-04-23
4a3359cbe865cbce8cc6b26915dd0417,4493.0,2024-04-25
4a33e841f2758ebb67488655d8708b72,4714.0,2024-04-29
4a3d6214910a72b05acae1752e6c56fa,4401.0,2024-04-23
4a43b15f21a853095c52c61d854553e6,3516.0,2024-04-23
4a44791a1fe40c83e1d9010423a8afaa,4548.0,2024-04-24
4a44cde2f45494a17c75987535642359,4110.0,2024-04-27
4a4a062413400f654c1cafe69b16f1c9,2461.0,2024-04-27
4a4e0f7f5cfe3b037542ae9584687be1,7566.0,2024-04-25
4a53ce9c524458077c4a2220b9c6c12e,1631.0,2024-04-23
4a590aae27cc68077d5627003d4740ce,3534.0,2024-04-25
4a6adb4c150c7966bbebaa7dd74de092,6570.0,2024-04-26
4a6f5c2a669f2681044f835d73ac844c,4342.0,2024-04-28
4a72fcd15ce013acebc8e435a8f49389,5324.0,2024-04-24
4a7647cadcff1a85671f6c500eb1218c,4567.0,2024-04-23
4a77f14976fb2a1daf50622be33ebdf5,7166.0,2024-04-23
4a78eb5e52566c967a7492e5badeafa3,7667.0,2024-04-25
4a7af349eb8de751faea6b490d71cde0,3696.0,2024-04-27
4a7b05f8ff5fb0a39b26e9b41b3c6bf8,6033.0,2024-04-23
4a7f60dfc0f9a3dfbd4b2aeb52636749,6653.0,2024-04-27
4a8be0f109ad78865218b695347220bf,3354.0,2024-04-28
4a8f8b95e4f42a8f08e93428ba1563ee,8010.0,2024-04-25
4a929aaca59176869364963b1fd74672,6653.0,2024-04-24
4a92b5fd1e0617e0918e93abe7604e18,1310.0,2024-04-23
4a93caa2418c60b7dcdbc26e9f40e045,17100.0,2024-04-28
4a9434a99eba4bd6c770a8d938e95ea1,6495.0,2024-04-25
4a959fce13015d3bbdd5979f0e7dc83f,10763.0,2024-04-29
4a9793fa67e319f7f07313c2252d7e32,8960.0,2024-04-24
4a988edfbc4f325dc0e5d14c9a8a9409,1371.0,2024-04-26
4a9ddd920e66cd61261ebdeba2fca9ef,2158.0,2024-04-26
4a9e18e25aa33b6a4c52b43da0359c7d,4941.0,2024-04-28
4aa2f519f6dba8ba0e34105f48b01b7d,9004.0,2024-04-24
4aa4266ab901b623435d1c01ec08ab36,5422.0,2024-04-24
4aa609b11d85141c86b80ac3aca41175,5181.0,2024-04-27
4aa6696b5490561c64d322f8e594f8d7,10970.0,2024-04-29
4aa9ac9c4c6422173689f99c90e4ad0d,6154.0,2024-04-29
4ab067b698bd17896cb575c57c30350e,1948.0,2024-04-27
4ab6acd81687dac83277d6b3a9961e58,3362.0,2024-04-29
4abdeb2d498dbf1e0b4a92b216c60cc6,3934.0,2024-04-25
4abf022a59ec7b3db61cdf8e9692d868,1902.0,2024-04-25
4ac0ca275af20a9140463ade54d27d84,4379.0,2024-04-23
4ac293fa393c27e9109f4b27fb5d9917,2695.0,2024-04-28
4ac4449d4f3416ae8464ee30001d2d4c,5119.0,2024-04-26
4ac65aa6c922b5d5a190fa7fe7e2e865,2852.0,2024-04-23
4ac6605b8fb95706976b12d688eab632,1456.0,2024-04-26
4ac9d758746893d350b22165da10897b,10541.0,2024-04-27
4acd570069058d966604467e69956f67,8973.0,2024-04-23
4acf334fcc0c5c50f876dc6620bbad23,7073.0,2024-04-26
4ad011f24588152c6523fd7aafbab8f9,6316.0,2024-04-25
4ad1946f1de2194c33735f972af7b2f1,1600.0,2024-04-29
4adc895a3f599e529f9f8e83449f947b,2449.0,2024-04-27
4adf3c25089f1526ef78efa861da591a,3169.0,2024-04-23
4ae02b3e897fc49d13ee4b76414964f3,4014.0,2024-04-27
4ae0a038c3b6bc8250c5a1f9c005966e,2844.0,2024-04-24
4ae1b9e1708ec4f1e5aa9c26c3f51862,5186.0,2024-04-28
4ae57438ae7fd15b7cfe8e6541caf2c7,5401.0,2024-04-26
4ae6105457deaa948f7e37ba1c4cc5ed,5906.0,2024-04-26
4ae655cb500d641bb0710468df88ad18,7946.0,2024-04-24
4ae908df9b2395ab61c3d7cb9b6f9ed8,3232.0,2024-04-23
4aea11c77f29fa306bc59ed0487a7d47,5810.0,2024-04-27
4aeee046eb4032fdd385190fc952acf4,4964.0,2024-04-24
4af06a855da6b1d735428aa1b4bac918,5873.0,2024-04-23
4af191aef32c9d57d5034db78c21232a,3938.0,2024-04-27
4af51b4d05389bef62ca07133f78d5ac,4697.0,2024-04-27
4af57cfe11d7da9249842fbffc352e7a,3452.0,2024-04-25
4af9f5be896f86d69df77a21a904d20d,13930.0,2024-04-26
4afb9d6b52276e09445bae1b438e37b7,3151.0,2024-04-28
4afe7f358bea74652f5b92ae17870480,9137.0,2024-04-23
4affa87e0b525d74d25e52e6ed703640,4995.0,2024-04-26
4b04620b69367fedbb299f05454a807c,12888.0,2024-04-25
4b085632e0344f683ec6620f77141f9d,7710.0,2024-04-24
4b098dc642523584164f30c4f91b4172,5285.0,2024-04-29
4b0b27267edd557ee9cb020f67c93b2d,7181.0,2024-04-23
4b0e2f1ca85ab61a7b96a035ec76e58a,4646.0,2024-04-27
4b101a7e6d60e8b78b2d6b4b3632d62a,3629.0,2024-04-28
4b145cf17e45aa840c730499b55a07f0,2495.0,2024-04-29
4b196fd356bc2b35a40d1ec58adafada,4894.0,2024-04-28
4b1e5df6334d90b65489e2fbb8ba4fd2,7721.0,2024-04-29
4b21f164f4245edbe31875efd628cdac,5822.0,2024-04-23
4b24e8c0f0d07c3b27596aec4cf4d892,2837.0,2024-04-24
4b262222a8ef5362f470a89048466fe7,2987.0,2024-04-27
4b264ecdeea51eaef086450ff9d42370,6507.0,2024-04-26
4b2b0434f59607a2bbda138943cb9cd3,9385.0,2024-04-28
4b2b1e973c93deaaff0acafc8cb3b560,3596.0,2024-04-24
4b2bbb93ff1fe569aa076b27f6f3314a,5613.0,2024-04-24
4b2c4c0f4cfc6bbb07e1c707292d5095,12130.0,2024-04-26
4b2f0e1e32d63d34b50fa402ece693d6,2242.0,2024-04-25
4b30400f532175ff5ccc2cc97a020ce5,6109.0,2024-04-27
4b3b997596dc14d7ebb5a1f37381d748,7017.0,2024-04-26
4b3ed86c097f268adc2299ae0e30c8bc,4706.0,2024-04-26
4b45e83606e06f843567ce283b671ee6,1744.0,2024-04-26
4b46885d91290473bab5d2069c6d3f52,3831.0,2024-04-27
4b499b3b7a77d64e1193c70206c70fa6,7241.0,2024-04-29
4b4b28969fdd30a884c1fa60bfbedd67,4355.0,2024-04-25
4b521651a4cd9004ba533546fd2c053e,3243.0,2024-04-29
4b52e466b61229f7b02e539843e60c2d,6346.0,2024-04-24
4b541d848a8c71390f87932c8ae5629a,3697.0,2024-04-29
4b553e5eb1e9006d795211c5057b2f1d,6122.0,2024-04-27
4b557919280a4affe048e48372936f74,7504.0,2024-04-28
4b593958b0da32d69ad7ebae6b2c6bc6,9476.0,2024-04-26
4b63615b79790a8dc7a9af8d4edc57a7,10119.0,2024-04-24
4b64faba00d9249d1ae06e7eb967d4f3,2205.0,2024-04-23
4b666a7ee3cb3669d382c9634dd8bd77,5889.0,2024-04-28
4b66cefa5829cc9b2f4c884baab8c7ed,4865.0,2024-04-29
4b677725fe6c0f0f881f731295317d00,7384.0,2024-04-29
4b683a203ee00e4520f678e5a0c1333e,1409.0,2024-04-26
4b6e42792ae92a7230420d49e06bb71b,5106.0,2024-04-25
4b6e99730b61593b83fdbee5b8839007,5789.0,2024-04-25
4b7247eb82d64b52da85baf76dd371e5,5203.0,2024-04-26
4b7a4af18ab3b29f426f851e445bf4de,10122.0,2024-04-27
4b863774ad0d50049db870ef7b031226,6674.0,2024-04-26
4b89cc463f831a4b73a76dfb0d6d4e59,3187.0,2024-04-27
4b8aa28c84b10d29253e92b1ca78bfe2,5909.0,2024-04-23
4b8dd456ce18d224e427f8151f959e11,3481.0,2024-04-26
4b8ebc5a188947bf28a3f9c197c727bd,5928.0,2024-04-23
4b8fd47167ff82b22cf4d7fcf26488ac,5257.0,2024-04-24
4b99a9679c957ac124f2ea9b45719e8b,2248.0,2024-04-28
4b9afe1fe97a645e846c5347fd044c5c,5554.0,2024-04-25
4b9c5f06ec06d247f044688dc829ec2c,2673.0,2024-04-28
4ba5f03e78e309c2120c587f0a2ab006,3998.0,2024-04-23
4ba91710417961149b74752e460b4db7,6109.0,2024-04-25
4ba9fbf93c1d4cdaf3b93e291cebd65f,2962.0,2024-04-23
4baa767322da8b544c837e439cb42937,6930.0,2024-04-23
4baf2c03f08fa83c1b6f46a0725b941b,4353.0,2024-04-29
4bb1ce228373345fd62bfb3865debfd9,4185.0,2024-04-28
4bb87aefe0f15bd15d84b492e856d29d,6912.0,2024-04-23
4bbdcce6a93b8c85e311f4bd542ca437,4902.0,2024-04-24
4bbdd748f255de3b45729088827fc68c,2748.0,2024-04-27
4bc4043560828c2b6e29554dc175ec01,6193.0,2024-04-27
4bc5b453be807d7888afe76fd72cdec4,7668.0,2024-04-25
4bcbea3817b3dab1ef837f47dd66ec8f,4459.0,2024-04-25
4bd68c529dea5293501e2c4c52ef2649,7538.0,2024-04-26
4bd6cd2d7784cba77e03a39f57c91fe5,9939.0,2024-04-29
4bdafd1cb6804157260b337dfce473b5,6443.0,2024-04-26
4bdc6f4807a6c6f1a8983a3e05834e06,8434.0,2024-04-26
4bdd5c909f17a88dacd5baeac51fbd01,7278.0,2024-04-25
4be118dfac402aefc9c11e233f8dcd1e,8234.0,2024-04-25
4be1b53cac63dd87a13b8199b3ed2603,4479.0,2024-04-29
4be4c09ce91aad165715a9d0b5c9bf2d,4124.0,2024-04-26
4bea682bbfc8a45f4465c9c1697f0dd1,7606.0,2024-04-27
4bec49ccb301d835ffd33f7803f4678a,4861.0,2024-04-27
4bee56e72aeb45414e4cdd732e9cc9b2,3110.0,2024-04-28
4bff23bb9418dab6076761c092d93a2b,6734.0,2024-04-28
4c017c10f0fb5c20bab39d4f7038eb86,7976.0,2024-04-28
4c06960e7cb30b24817357ed4996443d,12288.0,2024-04-29
4c0fd94a6f444f7a3ead388ef5a57222,3534.0,2024-04-26
4c14d62a727a545257bc9bdf6212b815,6940.0,2024-04-29
4c17c46334e1b31b2665e1e7758bb933,7471.0,2024-04-25
4c18d213319f6e07346a8d4931e485b7,5761.0,2024-04-28
4c1fd7910b21381a0ff43389c0085783,4914.0,2024-04-29
4c27466e4689f431770c8bf55a246d38,15719.0,2024-04-27
4c295a4dc879bc1e19b183017508eee3,9590.0,2024-04-25
4c2a7a0bafaf28a3b8bc5971abaa7080,7195.0,2024-04-25
4c2ab1a75a6720c14219fd8a7ec79c40,2828.0,2024-04-25
4c2b379c76b2e1ff9aca6de733cf6eec,3751.0,2024-04-27
4c2ba70b37d414dd73d1d3d3cce646d1,5155.0,2024-04-28
4c32a9e24a6c3436c689ae4f7d908748,3778.0,2024-04-26
4c38568b5149af0e5523dd011d37f2bc,6366.0,2024-04-27
4c39346e3ace05bc3530eab850755274,4915.0,2024-04-25
4c3a791fa5486aa04ef0f3f22d5cdbc8,1595.0,2024-04-29
4c3e47be87c74a3d0de29217f9975930,6578.0,2024-04-24
4c413212c862bb79794a5902ef43bf73,7061.0,2024-04-29
4c43a1bdbc2893497d0c7f9747ae5bec,3810.0,2024-04-24
4c473b9a2bab9261ab03af1034fc8a83,6133.0,2024-04-27
4c48db6910bc93651d18a7c4d44c3ab2,2388.0,2024-04-23
4c4b61e65acf207a6b50d3c857315223,8361.0,2024-04-29
4c50a5f719e135ad44411e95d5e75905,5807.0,2024-04-24
4c572d4e80f7603a83aa15c05168fda8,3410.0,2024-04-27
4c58cb7f09f78a301fb4085d2dd42423,8227.0,2024-04-24
4c59f06855e94c550ddeeb76fc38606a,4559.0,2024-04-28
4c59f6980ac32f945c0090a28bb6f412,4840.0,2024-04-25
4c5b9130ba0b29b6944f3fe00d07237d,3815.0,2024-04-24
4c5d8f2d72a95a8c63720d2391136608,8358.0,2024-04-28
4c5fc414e1b476a6c5bf49a1805461ac,7891.0,2024-04-26
4c64af68d4022dd58dac3441415d643b,4890.0,2024-04-23
4c6c6f9019a28e26c760710db8504b58,2719.0,2024-04-24
4c70bd594041f8e41213d774291f9efb,2746.0,2024-04-25
4c7272bf569804f278c02e5c830d5d6b,6790.0,2024-04-27
4c79ea1d2944305d038f1e5d93f21f15,4681.0,2024-04-25
4c7bc01b6ea17886b31344c0fe256f38,6228.0,2024-04-28
4c7bdbc916abc21c0e565f50673de511,3406.0,2024-04-28
4c80df29104389801fc54aae4390692f,6818.0,2024-04-29
4c87f2c694fcb3d6e56cd6f26ab06914,3008.0,2024-04-29
4c89b7876f5efa1ceb9b9abb90efad88,4538.0,2024-04-29
4c8baa74662d595c16a2e538a4f753d8,4998.0,2024-04-29
4c91553c5d302c542291404e9a504f6e,7246.0,2024-04-26
4c9440fe1adaede6137c23bb0c8f3b96,4768.0,2024-04-24
4c946785718885f97b2ea858fd1ade1c,8389.0,2024-04-27
4c9854887d9a338ca5db32e6abb781cf,3916.0,2024-04-25
4c991b4e724154ee13c45595a7f07191,4431.0,2024-04-26
4c9ddcc89b979bde3eb8838e0030ff86,9859.0,2024-04-25
4ca59045279ece4933de4a0bdef74c45,6140.0,2024-04-24
4ca8040a38a0c415ecbc9341e8295d6f,10015.0,2024-04-25
4cb1ebca6123ee170bc674df2b30969a,3389.0,2024-04-28
4cb286dafd48a2a9c98efd07b3d65235,6643.0,2024-04-23
4cb7b943673ccd9ac2aabbaa4f79590c,3458.0,2024-04-23
4cbfafe3e063608837af407c04052cae,6382.0,2024-04-29
4cc53dde2e492b6b919fa92cbec4eda0,3219.0,2024-04-27
4ccfea0bd54dcb24eb49cfce97c56d1f,6876.0,2024-04-26
4cd11e9885a173c7243a84b59bf01bbf,5458.0,2024-04-24
4cd18bd1d6bf02a8b2b7762e8959a1ea,3528.0,2024-04-24
4cd1a652263076aa8ff115e79d078954,2516.0,2024-04-25
4cd82914d455c039a7e1b6f6fc926a67,7098.0,2024-04-26
4cda5a0edb9c12518d5ab028076bf53b,906.0,2024-04-27
4cdaac37ffd4c5c63dcfd2b5a6e718be,4809.0,2024-04-29
4cdc42ff4ff9539f65f982fcf28e73a8,3983.0,2024-04-26
4cdf53fb8e86ecbad41f27eff1a1d9f1,7070.0,2024-04-23
4ce7cec95fe96874d2b435fabf926912,3950.0,2024-04-29
4ce9fcfcf5af319916fc5ff128237d90,3407.0,2024-04-28
4cea6ab6172792b40132458b46f9c2bc,4476.0,2024-04-28
4ceecda20afe350c7134cbe004035615,6995.0,2024-04-24
4cfbe75874130ac58814f373ed4a752f,6928.0,2024-04-27
4cfcc7bb90879e7572b8720ab94093ba,4000.0,2024-04-26
4d010027fc35e5fa9d315966790def0c,1531.0,2024-04-27
4d01a94a7a73b1c87a30506b5da0de6e,6714.0,2024-04-24
4d0ad6cba45bd6bb17a56ce4bcb1a6e3,1008.0,2024-04-29
4d12167490e3031140130543668823bc,9730.0,2024-04-29
4d127718f5f4dab7ff9271ebfca17030,5256.0,2024-04-29
4d13a8c6cdc6cdd5b19d16ff287844ba,8129.0,2024-04-29
4d1874c53f844bcffbec4a3947b369da,6460.0,2024-04-24
4d1ad2a4b3fbf800b4e76de515495b1c,9386.0,2024-04-23
4d26550899ade2b77ce77075e6a26cca,3707.0,2024-04-23
4d28a102b3d003e2db2fe85b2939e03b,4337.0,2024-04-29
4d2b92e9211ec39a39d23c6d9e6bf59b,3472.0,2024-04-26
4d310b84197e5461245d282edf718871,9616.0,2024-04-27
4d31bf65f2578a859587c4b2d25e29d5,4578.0,2024-04-26
4d32135e859bf4e4ca0d41c66682dfe7,7143.0,2024-04-26
4d379ec1f9fe4a77e388a20d7a638fb3,7478.0,2024-04-23
4d444047c025948b0b8222f13225701c,4033.0,2024-04-26
4d457e9bd20cd01911283142afcf7139,8642.0,2024-04-23
4d4ac5c93787be90646a9e93d4187255,8277.0,2024-04-23
4d4df7c352d8e2652cfb0e42e89b92bd,4221.0,2024-04-24
4d51e984cf84a410678bb65711f5391c,5489.0,2024-04-24
4d523e7e5c57ba8df87d9659b6f16fec,8945.0,2024-04-25
4d5872cfae555200951e388845679bac,4908.0,2024-04-24
4d677b2efbb05032f6490f5e11b0275e,6321.0,2024-04-28
4d69f7cbd5ee24f36c29ecb782a42fb4,2969.0,2024-04-23
4d6d4c0e79dfba0922a25635eb3409e0,6797.0,2024-04-23
4d6e386b6c2142456905b650183f1d89,5472.0,2024-04-24
4d70f0ff41c61109ab77ab4f77074ef2,5780.0,2024-04-28
4d78edaff4c72a0334046a015b45170c,5150.0,2024-04-27
4d79ffffb41132d61e8d1a4911ac484d,6756.0,2024-04-29
4d7bf38bcd931c20dee67e5018e40b89,8608.0,2024-04-24
4d85ea287ab2f95d47fa82776e9db3bc,2542.0,2024-04-28
4d86dceda3d3cc430aa61cd746783823,7162.0,2024-04-26
4d87ffcb44680b45b2a37671eb853048,12078.0,2024-04-25
4d89076296ab2de0ce57b7e1c275a875,2471.0,2024-04-28
4d8a7732f5dc4e06a3cea9ac7084abb2,6393.0,2024-04-27
4d90d6034445a56a426de667816ade51,2897.0,2024-04-23
4d94cc57d7623abc9c87de24ee230d6b,9728.0,2024-04-23
4d94f274dcdc9ef4b4cc998988a84243,6301.0,2024-04-25
4d972d072b1201606c8536342b3bd55c,8130.0,2024-04-24
4d99cbb585eee1bb47cf04373b8d3d14,8971.0,2024-04-25
4d9b940f8a85131377233a3367634dd0,8306.0,2024-04-24
4da016e431e36b9cecc4c38675b255cf,4377.0,2024-04-26
4da53e6dc1fd3b3b13704c5b45394d55,1789.0,2024-04-25
4da70629bd6776de720943e6574646c0,5246.0,2024-04-26
4da840d263948eddcd05a78f4ad9919f,2940.0,2024-04-29
4dac174c16afb99aad79e0bf17f46223,5740.0,2024-04-29
4dadc6f53b488245667a739260ca3760,3055.0,2024-04-27
4daef38378c00a1b252700c63130c96a,5393.0,2024-04-27
4db0c8647c5c1c921d2c70c1376c950d,1210.0,2024-04-23
4db263d74ee59d66a350d9d1b63229f9,6194.0,2024-04-23
4dba25e191c02c2dce815fd41e5c83c3,2094.0,2024-04-28
4dc195c5d140ae4eeb1e1a6f93d2fc58,6552.0,2024-04-26
4dc1d01a878d99f99fe6325b9fe07047,1854.0,2024-04-23
4dc1e042dc99393aedc3358321c954e4,3315.0,2024-04-27
4dc3595d17d57a8faf86d9783644a6d4,11124.0,2024-04-25
4dc5c1c1c328c1bb80548217ab93c9ec,6788.0,2024-04-25
4dcbe3831aa3815f69adeab309afcbd4,7694.0,2024-04-24
4dce3a98020c45bf22eb47523c543f5f,6094.0,2024-04-27
4dcfd53fdbd371a2b861e5328bd953d9,3646.0,2024-04-28
4dd361a31c80519260cec528c8fda3b8,8389.0,2024-04-24
4dd50fed086097ef0f9bb11878293aec,6068.0,2024-04-28
4dd6f512b3f59c4e5f9be4d11eb00278,3672.0,2024-04-27
4ddcbbc9b2a47d2d03fd8c587b8abaa4,5650.0,2024-04-25
4ddd89052b2fa4fa7073667c5b23cc66,3883.0,2024-04-25
4dddfcb056fcd90bb36f2c9301617a04,5927.0,2024-04-27
4de3cbfaf1c5b1c1f8f546205d1bbb4d,2173.0,2024-04-27
4de3f1d2ab547210f3da94cab98d3fdc,3720.0,2024-04-25
4ded4320bee3dcf7204c38dc78fb7ae1,2540.0,2024-04-28
4def4d23b5fa17396eeb9808bb92102d,2265.0,2024-04-26
4df2a53cacc55ef4c6c643be817d35dc,2660.0,2024-04-26
4df85c0b7b81c3942f911e030c878634,6876.0,2024-04-29
4df8b73b4d2d51996891dbcff2e3351c,5866.0,2024-04-24
4dfadca3822a2ddac6464096f1504d0d,3934.0,2024-04-26
4e01dd0737251459ac983f32f257e3ad,1725.0,2024-04-28
4e04e1e37d4b160c13471684ae37848a,6024.0,2024-04-27
4e06a5bd58ce30c3812e076138a1b0bd,1886.0,2024-04-23
4e0a770e96305f7160973850c36e2cb1,6631.0,2024-04-27
4e0df54521aa485cbcf88cb5568d08a3,4323.0,2024-04-26
4e115a747395f80210b698386b12a6b9,2256.0,2024-04-27
4e1288048fdb30061e2a5832b518fde9,7356.0,2024-04-25
4e19181f29f2ae147f684e17e3192916,5133.0,2024-04-27
4e1aad80bea0772426909b5cc51282bd,9982.0,2024-04-27
4e1ad21900e1b81fe766292d60f7e781,5105.0,2024-04-26
4e1af542b3a9bd138705f5ee9a82a6c3,9598.0,2024-04-27
4e1f55b67b00e92bf9492e62a6a6cfc7,4076.0,2024-04-29
4e203d49ddd4ac893e2cb72e51796e06,8106.0,2024-04-29
4e20a7f1ef863cb673c7b48e127fc2e8,4245.0,2024-04-27
4e24b895279901b93965ac1a36d9b9c0,5053.0,2024-04-28
4e2c0051d7737411bc6bf5b5df50f927,8562.0,2024-04-25
4e2d5bf1245fef8dca628058d3761793,7384.0,2024-04-25
4e30c10d43fc52371cccfcd793e07c08,2740.0,2024-04-28
4e30c145a72bf7356d857699e53dbfb6,12921.0,2024-04-25
4e36d9de58adbeaccaebd169f0599898,9291.0,2024-04-25
4e3f8343e8d12436418d17ea0b2cda55,6347.0,2024-04-25
4e3fe2f74164b74caf663745127b4480,6646.0,2024-04-29
4e42c25d775442bdee4140c933efc140,1193.0,2024-04-28
4e4bc679d502b9a3597e425be7aecb1d,4219.0,2024-04-27
4e516926a93c90ef450124b64419a340,5893.0,2024-04-26
4e5a7dfc2bf5b0b0e3de98dda14e34d6,5560.0,2024-04-27
4e5d2d433475812c72dc2e4b99f74a51,10420.0,2024-04-26
4e5dc99308c4294f4a5b81a0dde1d5c9,7100.0,2024-04-26
4e6262848091c347cbcf281fd0dc0e11,16885.0,2024-04-24
4e66283c1488457bcee8fc5459be60df,2480.0,2024-04-24
4e72199f489c9e0469c9176b9ae6ea80,4394.0,2024-04-25
4e735933b3cee1e3fa82a27066c44d3e,2045.0,2024-04-25
4e748742eefac416b9268f2daba90ad1,7468.0,2024-04-27
4e7b2f009bf5f7bb1447ba13943a9334,6338.0,2024-04-29
4e7bfa71d0ec2d12ace8d085e65cb95b,4147.0,2024-04-27
4e7c344b07fa4533da1f611d731d2480,3562.0,2024-04-24
4e7e704a0e12d2fba6d28d34484ba479,8241.0,2024-04-26
4e7f99a36fdf24d44eb8903576b49a7d,5521.0,2024-04-23
4e88ecc8bd91e1882fc8249eb9b3badf,5354.0,2024-04-29
4e8d3cbb9113e8c6e54204ac61e8f485,6140.0,2024-04-24
4e8e7dcdbc224b11404ac7ce2fc51880,2619.0,2024-04-25
4e915ebd6f77d3e60839d11ed3eba5bf,12205.0,2024-04-23
4e94b3938cf94b7ba4767d36e5e3c91f,6216.0,2024-04-25
4e96e40cdd61a9b1b55485ca5c89a495,3224.0,2024-04-24
4ea57676dda449ff9211529425088bc2,7928.0,2024-04-24
4ea86f90d5e852d7cb91283ca237c720,8862.0,2024-04-28
4eac41570d7b095ffd52dc8e1deec9bb,8450.0,2024-04-26
4eac8944aadc340b5a08751783d796c1,2049.0,2024-04-29
4eaf8a9aad157bc04327781e3d6a3b9f,6883.0,2024-04-29
4eb1d2abee735642a407e5495fa967cc,1439.0,2024-04-25
4eb4b431e0e745fc392593e57d32bcbe,4294.0,2024-04-28
4eb536119ea6fd0406fb626e3edd4162,3800.0,2024-04-25
4eb702755a123c4c627ed5a93315a28a,3568.0,2024-04-28
4eb857ba3ebf7860eeef0fa7698d9f7d,7068.0,2024-04-24
4ebab92449e4463c821d4a077d7ef2fb,5789.0,2024-04-29
4ebc99057ef598491f027c72c758f150,4594.0,2024-04-24
4ebcaa6759f182310136012eaff1943c,4742.0,2024-04-23
4ebf01b6256d03cf47a3b3b7a9a6ea2e,7702.0,2024-04-28
4ec0a481c815ecb15472a35c4b5eab65,5177.0,2024-04-28
4ec23af6751dbd7bb0e8778e1048d069,9452.0,2024-04-28
4ec5c778dd4291d3e15cc390f0a6e9ea,3863.0,2024-04-28
4ec9ee18a1255e13db752bdd4eb01fa1,2411.0,2024-04-28
4ec9fdff3bd27bc17002e133c08d120c,4559.0,2024-04-26
4ecb627348fb978d3dd44b18854cda70,4655.0,2024-04-26
4ecb8be78adddddc65f8c497417c15ae,13966.0,2024-04-25
4ed1a299649560f05a36f52d54c9764c,4603.0,2024-04-23
4ee189e39a5097cc57296232d3e448a4,2942.0,2024-04-28
4ee3e8bbc84cd33a6667b92214c49c9d,3296.0,2024-04-29
4ee97e1382cf72fc3b4bc172b50e94ea,5788.0,2024-04-27
4ee9d3a7b286c17add3e8bfddc373a93,6966.0,2024-04-29
4ef1dec444f00900a0bc229f00ef64f3,1577.0,2024-04-23
4ef904beabc062efc3d3ce7d57ea39e8,4919.0,2024-04-26
4efa4c4f9cf824bc97cd75d2d3996fa8,6945.0,2024-04-24
4f0235f0ab0636850534f5c16f1a48f8,5628.0,2024-04-27
4f02463b705bced01075a021682b32e8,8505.0,2024-04-28
4f035c9cf31894ded5baaf13d0a73e16,4839.0,2024-04-29
4f041acfd30338eb39ad9818522ba92b,7424.0,2024-04-23
4f05105f99e11f80986c3934a96fcbab,4393.0,2024-04-26
4f0921a433c93949cb1751333db54725,3046.0,2024-04-25
4f0e6b79446bb0c17aaef0f49d66091a,3198.0,2024-04-29
4f0e7b62f169e95c672d37f76becd43b,5764.0,2024-04-26
4f0f50442bd55affaaa6a9c9309280d5,4131.0,2024-04-23
4f17e63f3f436a54e04803adc5e922fe,2981.0,2024-04-26
4f2a303bca24337e2d2885f73fe24cd4,9605.0,2024-04-26
4f2cafb551161aee6698c1f2aed6fd50,3512.0,2024-04-23
4f2eff3afac262546487a8c9d1904677,4454.0,2024-04-23
4f30d932154a239f81ccd690a5b084c6,899.0,2024-04-27
4f35daf2c6b27c4db77d4aff70fee116,4790.0,2024-04-26
4f3f1129e49709fd7e70faaa40d5a7c8,5529.0,2024-04-28
4f3f50579ee966677afec5f3bcc8f032,3904.0,2024-04-29
4f458e83cf2d706a2c6263d1e00356a3,3616.0,2024-04-23
4f506edab89cca7c675ed54be004dfdc,5282.0,2024-04-24
4f50d3b9c3cce3575b766e9553dc9c11,3732.0,2024-04-25
4f52938603c126c65cff4f990d4af075,9059.0,2024-04-25
4f5560344286d4e54653cd9e368a7846,9864.0,2024-04-26
4f56d095ad11407d1e59525b4d11bacc,2552.0,2024-04-28
4f56e8dab4594850190ae3234ba97b16,3726.0,2024-04-25
4f59b2c208796a2a3c0dbfd11a90709f,5919.0,2024-04-28
4f5a8bc0173bebb274c8ebbb8799e752,5923.0,2024-04-29
4f5e2cfe8918d1a57408a4bac8407af6,5677.0,2024-04-25
4f5f503cb74c1a6f5f8f59f049062e5f,2910.0,2024-04-25
4f619dabcab93b4d0f84e6b455e80e93,9404.0,2024-04-25
4f6248d340ff15d115f90db0ae0e0770,4874.0,2024-04-23
4f636d992db9d357e06db53fb1119cd6,9221.0,2024-04-28
4f63b32f966914cbd636bd4d21031ed2,3082.0,2024-04-28
4f674c893cf4ff91eae6760969a42cdf,2955.0,2024-04-27
4f67a4031bf83a1f83c1bf8713b296e9,6446.0,2024-04-25
4f69cff77ac54e8ae3f5de511d37b957,3821.0,2024-04-23
4f6aa00705ba3df35ff450a0aac1b41d,10520.0,2024-04-28
4f85bb9cd7c0d5f6098059c360ac2944,4959.0,2024-04-25
4f9063605cf04a48c59d7c33f2a69958,1878.0,2024-04-25
4f9398c16318dc360124a204cf788ea0,7856.0,2024-04-26
4f9d6254f99cf5b8b08f385687395270,3864.0,2024-04-25
4f9dae613ef951609923a71c82b7ae4d,2699.0,2024-04-27
4f9f2519b981c90d62edde4369754f69,5381.0,2024-04-24
4fa568c65fe1ae73419b8bca53252681,3188.0,2024-04-26
4fa702f60ac762377bd10e5a2d7821f6,6803.0,2024-04-23
4faacc548daf825725be5329a5234882,4553.0,2024-04-27
4faf6b8737af5e22e9095eceb26172a9,5740.0,2024-04-25
4fb43a312f9cadce49b5b660d969a60c,2232.0,2024-04-26
4fb6e59b737ebfc9d19c1178371127b5,2921.0,2024-04-29
4fb7c5d315570284124450d68ff35caa,3608.0,2024-04-26
4fb99560d26d893f6468bca49a33ca6f,8724.0,2024-04-23
4fbe8748974feffa861df65dfb4cbf3f,3261.0,2024-04-25
4fbf609e870108af7236753f00bb1754,5354.0,2024-04-24
4fc1a932140658305fe6030a7fdf5df4,7698.0,2024-04-26
4fc3e9da749abe7aaea81135f3ed1456,4818.0,2024-04-24
4fc4f11cfb16d50f1969bce5d23cdfa2,6164.0,2024-04-23
4fc735201791de6501a359fa1fd39c85,5479.0,2024-04-23
4fc9a11d18ec1a23522421e99450b8ce,6577.0,2024-04-25
4fcbb9018362f9f58b9539c76472e561,4619.0,2024-04-28
4fccad2ba78707282b24a4b46e433e2a,3627.0,2024-04-27
4fd1b83144d11036c741fe76e30dd7ce,5142.0,2024-04-27
4fd6ed85b1f6c832f2a23b1a24f515cf,1684.0,2024-04-25
4fd9049e6804df1c5e04a508f9261c85,7074.0,2024-04-23
4fd97de6d1bd071769ab91083d370eac,4270.0,2024-04-23
4fda335edc5a4ad6b49adde691a7a67b,8712.0,2024-04-29
4fdef3d066aeb5ab06d4ebbbd200b8b2,3944.0,2024-04-24
4fe26c8461f2fe2e8a0150a0b5013a5f,7426.0,2024-04-26
4fe73ad95b05be59df979f056fcbc0ff,7762.0,2024-04-28
4fe78ba5b48a1aa7c2a4a8a183139580,8228.0,2024-04-28
4fee867890dbe4f7e1def93a66ee1b15,5217.0,2024-04-29
4ff1201ea3da4bebed13bec1ac5d2317,6980.0,2024-04-26
4ff14e1b783933bc5bca17f1ae63dcef,5456.0,2024-04-26
4ff664d5b2c372b20696c3a32e04ced9,4746.0,2024-04-23
4ffa504ed09ac2785ba4075d6e14961c,3395.0,2024-04-23
4ffd45bd5b4de96c5c9ae6d1d7bbfca2,5567.0,2024-04-24
4ffe454afd1c86aedc278a87270bf28d,9044.0,2024-04-23
5004de7e6b60bb2f77919e277a4dabc9,4768.0,2024-04-29
5005c30236df7b5d3e125c8ac217c41e,3278.0,2024-04-24
5007f5c77e3fcd73783bbf2b73e3b60e,5700.0,2024-04-23
5009792da485c71349269b4ebaf2c6fc,10036.0,2024-04-24
500c5915e38d709eb5ab2ccecea6f1c0,5627.0,2024-04-28
500d6c6d0204ba2160e27321098d8417,5450.0,2024-04-23
500fb3a35b31a18158636f71842aec90,3878.0,2024-04-25
50100363265c95643c02f25c3367acdb,6948.0,2024-04-24
501c883c3090a3f986b7054cb7cad14d,2007.0,2024-04-29
501d30469464ef5aaeee3b6f3b6add2d,3706.0,2024-04-26
501e243bfb3b3c70e2735a90b09008cf,4726.0,2024-04-24
5029f220609b263eadbc2cdeea49fcd2,3209.0,2024-04-25
502a77e8cefa11a88ee7090aa2246442,3461.0,2024-04-29
50308c502fc4c646a2399792afc06fcc,9602.0,2024-04-28
5035e92e323b74edcf2c2abb55962a01,4841.0,2024-04-29
5037c956cd00a9651cd5edfe536db948,5363.0,2024-04-29
503ae5681940cb5d5c3bef22913c5b90,3942.0,2024-04-26
5041d6c41649c794270141a2c5e5ff22,2682.0,2024-04-25
50471126e7e88b0593b6d0e338a3b05d,3864.0,2024-04-28
5047d94c1a9a4660da2eb1d07996f583,3302.0,2024-04-29
504dac20170f7c87de4364bd14636b7f,2030.0,2024-04-23
504ea13262f29b9e5d897f02166cbebb,2942.0,2024-04-24
5050687ef85955570904579f02bd4aa0,10164.0,2024-04-27
5054c524419b135e607f86a72ae7eed4,4469.0,2024-04-26
5055a10a4a1743fcf6dad1da52888b7a,6086.0,2024-04-28
5058491d8c8e89bab6af0d121f5eb05e,4404.0,2024-04-24
5058657551cd19f2790bfbb851ee69dc,3918.0,2024-04-25
505aea3879ceaed81d189e321aff9e95,2058.0,2024-04-26
505e90c81cff2112a9354b8394410546,9378.0,2024-04-29
5067bff10d4406d9bda17f28df4bdf7f,4912.0,2024-04-25
5069f0089b902d83df03470a91552305,7430.0,2024-04-23
506ad9300dd8f5e360d7b56a66c7f3a3,8056.0,2024-04-24
506dcca8f362851e767e56632fc36470,2281.0,2024-04-23
5071274bf9b71a730d9826b811b6c355,4025.0,2024-04-27
507af81d3cc7aad1c86e87ae6f6e3d20,3996.0,2024-04-27
507b608e54279b1f954df4c4e33549c2,8197.0,2024-04-26
507d32107f77a550323dc6ce70633026,5108.0,2024-04-26
507d32ec453d830ba8c9006fd7bf2b40,7487.0,2024-04-29
507f6ac1a80915196fb817a52b62dc73,2796.0,2024-04-27
5081abc8b502a0103c44b940928f782f,7757.0,2024-04-25
508ac910fed7d00cb0416f1882bdc0ed,3616.0,2024-04-28
508bc19af712f932b272674c2c952ef7,4413.0,2024-04-29
508cea85c176fa2064508c15d13c55ec,3472.0,2024-04-27
508e0347f4fd97b0893bea25f23ff4b9,3462.0,2024-04-23
508f1e6af086de224b1192c443706ca0,3059.0,2024-04-27
5098a6f50b3e8ce36d80506808dcda96,3224.0,2024-04-26
509e371a296ef3cd6835a52cc20d4adc,3735.0,2024-04-25
509e5c5a9ba5a343e7ec4d154045deea,14673.0,2024-04-27
509e5c911719bee9c73d022a568cf3e4,3792.0,2024-04-25
50a0f36e8372b8346f493b697c0d864a,9620.0,2024-04-28
50aa5ee7c8824e84fff7fb26b54211bf,7175.0,2024-04-27
50ad03b9eba654dd27a562417c5883cc,3539.0,2024-04-23
50adbd0fc3bf406f3b75c678788f0ea4,2379.0,2024-04-27
50af0509e8364e0991612c8e3397f341,6718.0,2024-04-23
50bfbbd30b977b34da1f072da614d001,5168.0,2024-04-29
50c24dea155036990129877da39df8a3,5728.0,2024-04-23
50c5bdd5185a81afed997a1c8b5a6060,6055.0,2024-04-29
50ca93e6625beb984d231ff3391e789c,14255.0,2024-04-26
50d35b318b0f6c5e545e597c22d79fa9,10037.0,2024-04-24
50d3bfa428d960faa6c03926522b3aef,9694.0,2024-04-29
50d55aa36b1d30361a55d65464a277e9,1703.0,2024-04-27
50dc98036188e0ae9bffe6e35b78a977,4275.0,2024-04-28
50dd2def30919bc5699906fce80a6680,6359.0,2024-04-23
50df4bb70a1f1802f200ceca0e7cd56b,2160.0,2024-04-27
50e32168201b319e256448e92c94bac5,7259.0,2024-04-24
50e723af976a47331f696b176277077f,6535.0,2024-04-25
50e88d0da96d153f2c17c98c8b2820a5,4806.0,2024-04-26
50eae1599934baac932ef9b4592e1da6,7375.0,2024-04-24
50eb0bd48b335f56a87f2ff6ab794550,4310.0,2024-04-29
50f3121a7a36f5871e303b332c89ab6e,7815.0,2024-04-26
50f80c76ed77b6686d668ae8a41feb2d,5414.0,2024-04-28
51013c83a2a48d3174c3e80de24ce301,5810.0,2024-04-25
5102c4065b0cfbec3c97686aba0471e8,1797.0,2024-04-27
51033843f585d907dee8dee741fdbfe6,3212.0,2024-04-25
5105a809c22473d8386c95229e8a41f3,5065.0,2024-04-29
510f0ed5ead70ee0e60d7c5084394af0,5487.0,2024-04-29
5111968117f979e288fe9ebf421c6fca,4581.0,2024-04-27
51137a90530351a9e7f9e056f303e4dd,7976.0,2024-04-29
5114f9d4d7b6c6436231151f2be3be2a,4015.0,2024-04-29
512e0154fa65a819781828289505f5dc,5995.0,2024-04-24
513261697c45bd856db97bfee2f3a8e7,3752.0,2024-04-24
513521dbec846d164091b44ba4d6b0ae,3095.0,2024-04-23
514bcc6d432111ddadf436943251775b,6285.0,2024-04-25
5153fb83fee08becb4712d748d3837e0,5104.0,2024-04-29
515462e2241c70544f4a506980398481,4403.0,2024-04-29
515484793cd09f8b9b02fd08b1f5e159,6253.0,2024-04-25
5155895a51b72a783b7bf228a554db38,5692.0,2024-04-28
515616cfa510aedefc14592bed479a53,2033.0,2024-04-28
5157be5112a2497799d1f2f3d8a493f2,3661.0,2024-04-25
51594c178c22ce33834d8db6aebb1b3f,2881.0,2024-04-23
515ae6ad0c9a7327b84cf6c3d46320b7,1557.0,2024-04-29
515e0c2724d2e2bd87806c0955c635f3,5712.0,2024-04-27
516435d360fc774407e8df4b84e25e8b,2777.0,2024-04-28
5164e760f27f6884af615a03962db7c7,10082.0,2024-04-26
5169bc984c8b49117a88a80ff50bf333,7353.0,2024-04-28
5169f5ac0277d4fb704535254d0de295,4159.0,2024-04-26
516e213ba999b6ba086643abca4867a5,3196.0,2024-04-26
516f1f21673a46fe43161b2c571ae246,7362.0,2024-04-24
516f984269327d1b5b08bd9066be8e02,10111.0,2024-04-24
51703ba78f19c305b0b2d4ec447a3225,8987.0,2024-04-25
5177fda5a526c3b7805c3012e2df5ba8,2493.0,2024-04-23
51784461f855bf495d72069a79670b4c,3591.0,2024-04-26
517991b544519c5e7b215372e532f078,4919.0,2024-04-26
517c6e718dbe58f87880844bdcf342f0,4416.0,2024-04-24
517c948a5fd60af6c8d1f41e1df3124b,10739.0,2024-04-27
517d02d03b9312accac5873b2e7f1715,6355.0,2024-04-26
517e7579905cc71bb0ea6fac1b7c1d6c,4707.0,2024-04-23
517ee4f88adb2148cbc793abadca3023,5766.0,2024-04-24
5183df231c52e609468360ed0ae99ac1,5946.0,2024-04-28
51863c628687d174a34787f017637b4e,6148.0,2024-04-29
5189365088920348965b0866e305a7b1,4343.0,2024-04-27
51988cbd9afaa4aba0a6e485d9f8b817,2109.0,2024-04-27
5199e65f228758a65bef96120da0abfc,3584.0,2024-04-29
519c836dc190e55426da1f407a432196,5749.0,2024-04-24
51a37baf83f6164ad9103b6f6603e26b,9795.0,2024-04-29
51a45375c38108b201f97b09d1bf787f,4949.0,2024-04-24
51a50f7649b57650226cfe064dedfe6b,2849.0,2024-04-28
51aa0ec7b3d1a41d2a8f83e9cf9b3848,7182.0,2024-04-23
51b01dfa295b1cd4878e4f751537a170,12144.0,2024-04-26
51b4416ee31169e9ea0a38590d9d959c,4766.0,2024-04-28
51b5ee11ef41a9b4d7b5347c57785c1f,3627.0,2024-04-28
51bbdfa16b4f85c0070ffdda37151de6,3115.0,2024-04-23
51bdfa37229333de932e9c428a452542,16339.0,2024-04-25
51be94c750ecdb87f77afcb4eb5132dc,5648.0,2024-04-24
51c06506890756f94298f73d60d8f4d0,7024.0,2024-04-24
51c83840e12c9364f2827aa5fef02aa9,5412.0,2024-04-25
51ca9262cefdeaa932518e5418785e72,7198.0,2024-04-28
51caa1b88e6e08acbf38af04695f2336,6291.0,2024-04-29
51d456cf80efdf2cd15d437adc89a3ab,8117.0,2024-04-23
51de56645e5fd8c41bf0ed69f3c44870,12647.0,2024-04-29
51ed60e603d538dd3c14e7a01a594fc8,3883.0,2024-04-25
51ee47e2e8c5e213d1410b770b395269,6410.0,2024-04-23
51eee9a7b09b9262c5ff954d2f246c81,5229.0,2024-04-24
51fd0d4b649e8dd711a8ff193bc077e5,4049.0,2024-04-26
51ff608f1d341ddcf274a288f8c34690,6336.0,2024-04-25
51ff7bc8bce6878d0db71cd1ecac7142,8822.0,2024-04-29
52003fcfba071b00115cdcbcf38e7f03,7252.0,2024-04-29
520087bb6d1a17c52a7d91ba765d152d,6318.0,2024-04-24
5201ea04feaba7fa3cc7f71fae24a5bd,9297.0,2024-04-26
521078cc827cd3e185f0d0b0be350859,3893.0,2024-04-23
52132065be3b6e3b5728bf208c81ce32,1991.0,2024-04-23
521e655b30278700fc9ef335bd7c666b,10807.0,2024-04-26
52210d08d7a1c41af3f6d7383eccce99,5820.0,2024-04-26
52224b327dda1cb8af2db9fd2e062897,2449.0,2024-04-27
522633ffd1e735d1f53665e34eaaf439,7809.0,2024-04-26
522b0a8fc0fcd06801dce68b82eae383,4392.0,2024-04-27
522dd678b3beb352768e4fe02a7bb1c9,2582.0,2024-04-23
522ddd5d0d3d1b4cc6253491358745cc,5186.0,2024-04-24
523994dbe6273a6785c74434f9ae00c0,5995.0,2024-04-28
523b22d57dfcceeab59b13e26e8ed840,6567.0,2024-04-26
523c5aae5a220f660b74e31e65e88cd2,2156.0,2024-04-25
52404f769548e0f43f436aeb04bfafc3,4528.0,2024-04-29
5240ce9421a23b03782244e0c51d6792,2432.0,2024-04-29
52470b6128adafdc256cf8a681dc9284,5084.0,2024-04-27
5247dd26473e732cae7090c5d912385c,3650.0,2024-04-28
524ced09f47be0fdc338900a6b52ed39,6537.0,2024-04-23
524d86bd40a550f76e20469a043f7855,3777.0,2024-04-23
5259910ec6e04e8d6f5985e9a1e7bc1b,12235.0,2024-04-23
525b64d7b1eefa6ea2d701eb94728197,6155.0,2024-04-26
525c808ddcc172eac9d04421a6fe5939,5312.0,2024-04-23
525cd96ddfc1140d09f48c6997f9285c,4788.0,2024-04-28
525e667ac05c7eb3dda553ac3dd24f10,5899.0,2024-04-24
526452b6eb108771078c9ecdf6a721ed,4297.0,2024-04-25
5268cb14c6fc8835febdafd88aaadd8a,8309.0,2024-04-26
526b1dcfffd977d89a9d0507c6cadf44,3384.0,2024-04-24
526bd826bf9fed2e27a7c0015121b3b9,11935.0,2024-04-26
526fb19dc46aea6df629623f3deb0032,5239.0,2024-04-29
52734d809ce4cfb21ac64e361b28db85,3610.0,2024-04-25
52747322798e20dc860d28b3dfe42215,5775.0,2024-04-28
5274ea981d3b3b059cd50aa895e45c7a,5124.0,2024-04-23
52790f98516d992707c734399eb894b3,5612.0,2024-04-24
527edc6b65012b7bf44a4b48717bc972,4026.0,2024-04-26
5285380e8c48468f22ef22db3ec3f60a,4911.0,2024-04-27
5285f39a2bd9e8fdc71c57b91c565797,4244.0,2024-04-25
528b1004c09aca3871e97dc5608e45ba,2107.0,2024-04-28
528b29b7e8be469f62faed48795b383a,5335.0,2024-04-23
5295643ac4bff4721a19f238a7fcc9bd,6352.0,2024-04-26
5295749ea6ea210f0567fd99f37abe93,5446.0,2024-04-23
5298c2cba4ddb6a2bebb39bc19a25ae0,9497.0,2024-04-24
529ace3f66e45caedff3e9b4bda256ca,2673.0,2024-04-27
52a1fed1f5f737edf05fe47396a1868a,10127.0,2024-04-24
52a5a95ba366369cada9870196bd3624,1821.0,2024-04-25
52a75fbc47a09573dd3000bf38ea0b3b,16075.0,2024-04-26
52a9ff304ad6802c696a310116b8364b,6557.0,2024-04-28
52ab6461fb2a604a7749adb2b95ae5db,9398.0,2024-04-26
52b23d1c93f718ee0f2d257a868cba36,7662.0,2024-04-26
52b59c241b248967afe4e159e3aa8701,4209.0,2024-04-24
52bb69e392fe85a008dae9ba67731857,5292.0,2024-04-27
52bd6a3b0b555b20b2d3ceaca00daaff,3726.0,2024-04-26
52be0472a3a8118a5fe1b00a04a2d1c6,5248.0,2024-04-27
52be0afada057a825a9078c37e1e756f,5916.0,2024-04-24
52bec1736c659f47627e0ecda8393568,2197.0,2024-04-26
52bfb34f30061488b9dc4e6dbf1b1e77,4888.0,2024-04-25
52c0a9185abb7a858133132f28bbd074,12895.0,2024-04-28
52cfc2b1a1f39110684ca7c243d294c1,6827.0,2024-04-26
52d0277342cdcdbffb396d1288c7b4f3,7577.0,2024-04-27
52d22b11d8754842cdc72036669d8815,3614.0,2024-04-29
52d2a4a56c80969a178b8ac35e893e39,5078.0,2024-04-27
52d5fae703f199b98f23567aff437939,3541.0,2024-04-27
52d6afbf1231860b25f115e526d82687,8068.0,2024-04-25
52d7c22379d8c56538c5288e18cf5bf9,3339.0,2024-04-23
52d9a27129e93a94b354bc03e8665983,4954.0,2024-04-25
52e1809ffe92d858c68a0666393ed819,6750.0,2024-04-26
52e5728c1e59ca853405cbda78f98bad,1869.0,2024-04-23
52eb897872d179b9411e8558a2745214,8415.0,2024-04-23
52f25d3e17c9981b7d2f88ab0daef121,5611.0,2024-04-26
52f2a6252ef6cdc5b34188b969d21b49,10424.0,2024-04-24
52f46c6428c092836542adcbfa01ab95,2510.0,2024-04-27
52f5889a108199865627ecc608299c02,4462.0,2024-04-23
52f64afedbbe4202c1a08323f27c73b8,3145.0,2024-04-25
52f965418a7d82d6edbea6a7ae384778,3148.0,2024-04-29
52f9b45366dbc25815e792cc35379685,5379.0,2024-04-24
52fe8daf1a6de5798c930510f5c28c5d,3293.0,2024-04-23
5303708f8560e2a5708ddf6818a26328,4435.0,2024-04-25
53051d0cddf6837e3b5bc8990fd7c340,2030.0,2024-04-26
53090f71ce8c2a325e207177afcfee14,3293.0,2024-04-27
5309e00111b53c8738d3cc01d78207ce,3795.0,2024-04-27
530b105da375f0f7dfd0b6d9a5ec465c,1422.0,2024-04-29
5310fa26a7fbad4416d2f638f86751f4,5267.0,2024-04-25
5311302d2c6cfbca46351fa27f49e9a3,2101.0,2024-04-29
5313cc10745dd86d56743f64bc6373f6,8433.0,2024-04-24
5318c314f93af2eaea4437091b105801,8168.0,2024-04-23
531b3c6d62d9cf7a60baef96dddf9442,2772.0,2024-04-29
531c989a37683fab4efb575aeccc4940,8101.0,2024-04-28
532015364fc2ad570ede87dd96772e65,5306.0,2024-04-24
53217a1ea3aac7da40c99ec94ecfafcc,7046.0,2024-04-28
5323531ef2c065b45da9bc8cbda4d524,4377.0,2024-04-23
5325dcad7d63b36754e965bd3d7ce295,6552.0,2024-04-24
53275f91a6049c80b54c23fb3dcbeef1,5083.0,2024-04-24
53298d6c2b036443eb96f449dc0e393b,3872.0,2024-04-28
532ac928bc5c036e52783e63143767c5,7932.0,2024-04-28
532c093ebc7cac7f9e7629485ba8f5af,3995.0,2024-04-27
532cca1c36bd0dd683c0a3c9a038ff37,2124.0,2024-04-26
5331929f84a616f68ca954325b35e746,1245.0,2024-04-28
533229d008d89bfc7d60ed84fdbe6a89,4791.0,2024-04-26
5332a9569b75319e2a12a246a6584e1a,4452.0,2024-04-29
53351ee48e2bbd8a0b160826d35bb69f,5354.0,2024-04-26
53358f1558df29cca570fa7630eee486,5103.0,2024-04-26
53371d4972486c15fa7fd083aefc6ddf,3452.0,2024-04-29
5337c8d98d4135455a362e7105b2438a,1848.0,2024-04-25
534285868a80e3035ca5ade741c8c06c,6572.0,2024-04-25
534639c135f3580c1eecbf417daef6a8,6243.0,2024-04-25
534cdb0194da4f52a87ba295fd65b034,5983.0,2024-04-29
534f923e5326dae4e57bfb55d556cf07,8545.0,2024-04-27
5351735f7fcb6494996288ed4f235a24,4343.0,2024-04-23
5352516a0da1af6bb446b4a9f82a2d81,6313.0,2024-04-29
535e0d68710d6b1ffdf6f3fcce8684ce,4846.0,2024-04-29
535ebf09e58de4ccbf85fbe757f67915,4328.0,2024-04-27
5361151127b8941d2c3991a514d9faae,4359.0,2024-04-28
5365b45b089ea6e7b9a8236ed23f3112,4281.0,2024-04-26
5366b1aabcdd14540b8fa9b411da233f,5078.0,2024-04-23
537076eefb484fa2156ecdf58d73414c,4270.0,2024-04-27
5372cf60a9dccabb9f63ba43914d98d0,3573.0,2024-04-27
53747e70c6a00f3b3157e291fe6c200c,3297.0,2024-04-27
53749f8f91a329c6d237711905fe969e,3649.0,2024-04-24
5376bee7e1038340ba644f38819c08f5,6558.0,2024-04-23
53798b6c581165f6da8ebaa4247625b4,1627.0,2024-04-25
537d0a069e0ae851794ed94462c447c3,4088.0,2024-04-23
5380705583d09fc48f9f0d0d31e48976,4353.0,2024-04-29
5386cd7314565b8fbe29820e936eda55,4663.0,2024-04-27
538748b694df2c27db3e0979273f1e73,4869.0,2024-04-25
53878b89d54c766bdcdc61b122b643d5,9309.0,2024-04-27
539587778cf91679128821476aef56a6,10653.0,2024-04-24
5395acc83a5f2d503b5ef1b0045e3b0a,4895.0,2024-04-28
5396d366e2f81bfef626015ee10795cc,3152.0,2024-04-28
53a77d0cd2362ca83da4503cfe37f113,5353.0,2024-04-24
53aa68f6802ea642b2b5af80cd2354c1,11238.0,2024-04-26
53ab9486de8109ab54bd5fd04ef39727,4603.0,2024-04-24
53abf525cbd4eeb684b95a11b92a2838,12136.0,2024-04-25
53af2672f6248618acbd41a69eefd812,3258.0,2024-04-23
53b29735dc16a7504bd492aa39e518e0,4082.0,2024-04-28
53bfeba9e98ab8e94fdf590981e0652e,2373.0,2024-04-26
53c1e36730ece7ffc36195e0147b3bb4,4815.0,2024-04-24
53c21c634a6a8acb66a4b7709c4a63a9,3231.0,2024-04-28
53c2b08a645e15a8cfe94d0877a5309a,12876.0,2024-04-23
53c4c8516a923086af1a9cc50f0a82be,13595.0,2024-04-28
53c7147a5931c572a4a43cb2657a0385,4719.0,2024-04-28
53c9463fc258f6ebda444b2f4ed8763d,4522.0,2024-04-25
53cc0ff0835cadd6cfda3b2800cb7f9c,7169.0,2024-04-27
53d9d9f3609fe67e086ae6b801c37a61,3868.0,2024-04-29
53e0aa92a6ca8638d449cc17bf238e53,3317.0,2024-04-25
53e0f9c36aca69378232d35b5254c882,2978.0,2024-04-26
53e983d42a6a634917d0b191ea3a7817,3403.0,2024-04-28
53ee157e2f5116cbcbf7c42fcee47142,6174.0,2024-04-24
53f014ca1bcce9e6a77e5082c24e1039,2969.0,2024-04-24
53fcd366766c589e570b54437bed86dd,6542.0,2024-04-27
53ffd77dd1607ae4466feeeb8dca5539,5479.0,2024-04-28
54035458e1420da3fc85651eda0232d7,7124.0,2024-04-24
540922fc35cd047f68ce67806cb4b742,7329.0,2024-04-29
540c7d61562848ba1ac79b0f63a711ef,4060.0,2024-04-29
540c8f31b59611bcf99bb360ef8afc14,13368.0,2024-04-23
5415735cf87d724185677e30f445b1c2,1477.0,2024-04-23
54172949e417eed1cf6c12ad71b87e79,6403.0,2024-04-27
541b241b262ddc5643165ab50a4d6c87,1647.0,2024-04-23
541cc4e13975594b21e1e7b57e3f0000,660.0,2024-04-29
541d7904d0340576142be188f3ae0ff3,9195.0,2024-04-27
542399e1245604bd057992905b410534,9039.0,2024-04-27
542757711d619dec5ac23bc59828599d,7447.0,2024-04-26
542be1c3f3262694986544c1c96ec416,3372.0,2024-04-23
542c9129bff26a721049c49b342c392d,5961.0,2024-04-27
542d2cad77e4f01ae9fc3fd57f1c2b1e,9314.0,2024-04-25
543a2ea759d3047c8952785bb0ecfc07,4115.0,2024-04-24
543b4452f0d3239f7eef1f5470b9b1a7,4069.0,2024-04-28
543b68e5083bcb0a853af4dec5c173cf,4830.0,2024-04-25
543be40bf509e814d9f7e6040c8418c8,4761.0,2024-04-26
543c0417f97e4cfffc585c6cb4567cd7,8699.0,2024-04-27
543cfeacbb9181feca1bd946bc9bcf51,1824.0,2024-04-23
54486894e59f1804a7a879b213cd0b99,6500.0,2024-04-27
54494a011a80d68ca54b16723a757c92,5037.0,2024-04-27
5451f442603fa6eceaea45fec3ff24d3,7979.0,2024-04-25
5453a3b5f86d787a5186cc9c734aacba,8259.0,2024-04-25
5464845036a08603ba0f096469da9d19,10136.0,2024-04-25
5469ca5bb0f02c006a278d38de0426d9,4150.0,2024-04-29
546b85e0420611d623852943797ab439,3916.0,2024-04-23
546e7bda6221c11eb7b896522fd59b03,4416.0,2024-04-23
54756adbf3a600d61391bfece85e3284,3500.0,2024-04-28
547614409d9f6c38885e5b1707aa7c32,5419.0,2024-04-25
5480ced85c9cbe5f90fd9cdd3fa96180,5762.0,2024-04-26
5488171d845c5cd8805162d1ebe518d7,3558.0,2024-04-29
548a7c3d91f61f6b8c7be10e0a0083b2,8968.0,2024-04-29
548caae9a7a1faca669b40eca9966512,6814.0,2024-04-26
5490abc89ccea633aece17f497d2656f,4262.0,2024-04-27
5496c015eb85cb4c2d4982174cc555f4,5974.0,2024-04-27
54999bc31cddd83521c17b5b5c81c0ac,1708.0,2024-04-29
549f087101fb221a1d196be61802680f,5391.0,2024-04-28
54a140306d030709983008e3ea827e1f,8527.0,2024-04-26
54a30c3596eea8e78c50253e0ac14e06,9895.0,2024-04-23
54a5e6e1519284f0290ece3fc2bbe1b8,2340.0,2024-04-26
54a6ecca822890e89ac42818943a13fa,7738.0,2024-04-23
54ad5a06245703b904230d18708b566b,5225.0,2024-04-23
54b0b7860d50caedb4491a36b875f252,6346.0,2024-04-29
54b242f8682c91fd360e345a2628a9ff,4123.0,2024-04-23
54b51571365e3267f367a5af1a864a1d,11413.0,2024-04-26
54b6a9d98b8240783699f496ff154f83,3315.0,2024-04-26
54bab361d4d06c5e92a24f5dc8f5fc01,5452.0,2024-04-29
54bc851fd38174098a11d39967624504,3672.0,2024-04-24
54d918db6e65ac0d40cded2bdc7e2545,6086.0,2024-04-28
54dda1fe32f42e7f7fcbd032055c433c,5718.0,2024-04-28
54e16c9d616a3954ee2d8b7f05e08ceb,6326.0,2024-04-26
54e1f1d48e45e6679521e37cb3b56740,10187.0,2024-04-23
54e30affb1d4fa7ec152ed49f529be96,2523.0,2024-04-23
54e67244c6a319e750650cdec6eadce6,4691.0,2024-04-26
54e6c142901b0742e90097d537dc1652,1132.0,2024-04-25
54e909248aadde6e018abcf34893eeda,7002.0,2024-04-29
54ee96ef8536cb806e3b886e1ae2c39a,6522.0,2024-04-26
54f09e2fc839010206b3151fbbf10535,6532.0,2024-04-24
54f1163c4d954ff62cc3bb20ca5b6237,2744.0,2024-04-28
54f19a2067a423ff4ed26236d8e8b4fe,8066.0,2024-04-29
54f2ed824ff0103407331778d99233df,2848.0,2024-04-27
54fd67f532f68d853efe48e8e6e1c3dd,6979.0,2024-04-27
5503e51f0b47c1ef27a1e48d8dbae925,5794.0,2024-04-24
55040d1e591b4a4977db6973ba29127c,3602.0,2024-04-24
55078eb7a7a6fadbbb20ccc52f45c9e1,5547.0,2024-04-23
5507dffe8d5b4fb63d63229221fca384,4638.0,2024-04-24
550e813a46831ae40907312d9f8c11be,8187.0,2024-04-25
55157f51edb213d8fb441fc88e5c218d,8686.0,2024-04-26
5515ec0f20692380bf527e24ff1c7237,7624.0,2024-04-23
55162dd79a354824b5fc203bbb889fab,2854.0,2024-04-25
5516dd7e942a84bcf6143da69fe288ec,7186.0,2024-04-23
551986b5f5b6f6957cd31338a3a386b6,16318.0,2024-04-25
551a1d2a16c9794929983eafce839d0e,3611.0,2024-04-24
551d15604205ef8dede94c57f324726c,7080.0,2024-04-26
552777796405fc8df8b3d44c9173dff8,6957.0,2024-04-26
5527886c5d389ab315ebcf7547cf6bab,5359.0,2024-04-26
552793ee4b7de93b08147e7dd169b53e,7226.0,2024-04-26
552e2d491ccb11919ae03445f654033f,3222.0,2024-04-25
5536dbb2566112c375007dac08b9a3a1,5456.0,2024-04-23
55411552aee92ca80a630c19eb6e0e1c,9205.0,2024-04-23
554a683fc88fd219e35264ac22e504a2,4224.0,2024-04-29
554a702e9f84f5497a35c9a7b3ec247a,3183.0,2024-04-28
55509be5bc57e57c0700e797f114a1f1,3878.0,2024-04-28
5554e099e29f09f700c33487cce46083,3951.0,2024-04-23
555cd98cddf781c61537476017ebd05c,6718.0,2024-04-27
555db49d01b65b6a48d7b544c235a7b2,4465.0,2024-04-29
555e344cdcc97225063f5ee12ea27c7a,3344.0,2024-04-27
555e502b8e9b4a6c2bcc96e20b92aed6,4509.0,2024-04-24
556027ea12b34d2fea33523d540f1112,9840.0,2024-04-25
5563308a93b31211e05d925389fda20f,4088.0,2024-04-24
55636612777bbce6eac6b94720a34fcc,3347.0,2024-04-23
556465bfca7ec65518373ad669e7bc34,6427.0,2024-04-27
556c7beea4edd648a7efab3573477dfa,12882.0,2024-04-26
556f367932ffa32e650587f2d17729bb,3782.0,2024-04-27
557602f5d83da77ac349d296bfc2a2b4,4426.0,2024-04-28
55775a33cbcb01416d85ff1b5d083f2a,7584.0,2024-04-29
557d520501449a1f217e764874022267,7039.0,2024-04-28
55869f21a050e158e1b03b2a48a3873e,7453.0,2024-04-28
5586c3582c2ac3e469d48211148f667a,3686.0,2024-04-27
558897c0155eaefa6ae436dafa18f2da,4943.0,2024-04-24
558cc88ce3f47790ec54255ea160d079,5372.0,2024-04-24
558e7394c654aa19c2633f1059623f56,7116.0,2024-04-28
5595306826a3344c499def668a54d84d,4464.0,2024-04-29
55a03134969138395cadd49ad01c03fa,2425.0,2024-04-24
55ab7f3b6b3f8676aea6c292b8f5b3cd,4213.0,2024-04-23
55b45f7cc1ed690f38192aea5d4e67a5,4147.0,2024-04-27
55b5abd337855da758bc42bc2b2dd3f1,3882.0,2024-04-29
55bd407ce0a1981b0c42f5dd40388185,8441.0,2024-04-23
55be3ad471a6b185f38c2c9ae3d1175d,3486.0,2024-04-26
55c10b5f1e6a37923dc03e44676ba5ea,3299.0,2024-04-29
55c2d337df94917c135bc9fc98ce2ebc,4380.0,2024-04-23
55c8b49ba78127b029b86ebfd3f52bb4,8891.0,2024-04-28
55ca3a58d658674c46ddbe35f6bb7081,6682.0,2024-04-26
55ca64c53b47455ac63338d928ce44b9,11729.0,2024-04-28
55cba76b94f9260465f6162486904e0f,4847.0,2024-04-25
55cd98b166ec8996443e8b199f2602bb,3456.0,2024-04-27
55d4b1e3454da9dc8e08ddde0a1b5b95,4226.0,2024-04-27
55d5d6d496365e6cdb6a23a6e61a424f,7829.0,2024-04-29
55d9476309d345b5dc2f229bda12f363,3575.0,2024-04-29
55d96e3c06dcfd52410c9c88759d5319,10671.0,2024-04-27
55d97771f3a1f4229e55c04b330f8bda,3586.0,2024-04-25
55de44ce38eff86068c89dae02c221bb,2895.0,2024-04-27
55e69384f7f142b51f6852ea1c1571f4,5955.0,2024-04-27
55faaede3af2491c9bd34ed954699bf7,11166.0,2024-04-28
55fc2a398a0d4cd0336afb418c85ba61,2526.0,2024-04-23
55fc698dbb191f93d04d8b8feba6454a,8263.0,2024-04-23
55fd1dee1fd55c03185c50f18ad42cfe,6039.0,2024-04-24
56017720dd2559e791a7f7b6de17dbbc,4938.0,2024-04-29
5604606f03fbe54f498c9b461136d5b8,4747.0,2024-04-29
5608c425c593939d260e2a85caeb9642,5859.0,2024-04-28
560c8e609ec1368804afcfd5f17a7c0c,3139.0,2024-04-24
560ccfac0c0ab95945e1952de66f056a,7453.0,2024-04-28
560e6b7829623aba74628ed6e168202e,7685.0,2024-04-28
56112a4757ee47a887d5c8a812780eb7,4702.0,2024-04-29
5612ce7340a12e4b6403e416f4c87582,7372.0,2024-04-26
56161af10079753be6c9e3d06fabbe9a,3002.0,2024-04-25
561ad2a6b6d67c958815ec263daa94c7,6024.0,2024-04-24
561b1c5861798a45dd9153567c9e507f,4949.0,2024-04-28
561d722a644601b3ea57683a7fd8ab4d,5966.0,2024-04-26
5622da7c73176a7212ae2f0804374e04,6250.0,2024-04-26
5627c9fa33da43a4c65af3c1b57b84b3,4240.0,2024-04-25
5628f24a7352e9e81f0d59b5b254b1f2,8334.0,2024-04-25
56293e4eddaf72d0f30450a9da0d7be2,5973.0,2024-04-23
563604758af3b462fabcde27d7bc8d9b,5199.0,2024-04-29
563886fcedee68c33d0840301342d15c,5374.0,2024-04-26
5638c0c26150b7838a284ae0d0b2b62e,2373.0,2024-04-29
5639a616a7114ac0c7f748e52ef1775d,4642.0,2024-04-27
5639bb4cf0b4d535a54b43d9636b6e66,2396.0,2024-04-29
563d16acd15815d86b53c063a1f57e10,6345.0,2024-04-27
563f5bd8e009ce662b4543237ec06314,6787.0,2024-04-23
5648a6bb8192a0fb6694701569e51b59,2237.0,2024-04-28
564fd8cdc2c121214ea9c49324b16165,2450.0,2024-04-25
565286899ec7c892c8cd35fcbce39580,14483.0,2024-04-26
5656a5fd4273046a3f81bcb4fd9002fa,872.0,2024-04-25
5657de7c3d5e5178b14fbcb3c5e1deda,1433.0,2024-04-25
56582a8837136ef4d2a7f91f498f6544,2865.0,2024-04-24
565cca8680d74d4dd17b082dcc781828,5601.0,2024-04-28
5662cba25d21da54c08f6c0897350c5a,4813.0,2024-04-28
5666146a087b0f4f06539734190d31cb,9309.0,2024-04-28
5667a6300d3bbec4b1bf9a371509e7b0,7823.0,2024-04-29
5668afb60b48b000974dbd4b4a639ffa,6697.0,2024-04-28
566eeffd38334d7c81ebc0fad50ecac5,5623.0,2024-04-23
5676a4ee1da9ffb4c99e294b458c9bdf,5279.0,2024-04-27
567fb1ba9231f48078c1d97a157a97b0,10508.0,2024-04-25
56808c2607d3ade17caae2feb334c789,3143.0,2024-04-25
5682624a8807a0bbc20f76a123641d97,3355.0,2024-04-26
5682b28aefaae12541651223af5055d3,5078.0,2024-04-27
568511e043ed83eb0bba261193583377,5701.0,2024-04-28
568560e46ff5cfa4bf42fe17d0458e16,6380.0,2024-04-23
5686d8b7fbe1d93a9f531a48999fb0f6,7428.0,2024-04-24
5688306b2e462d8e83c5941d29665197,2294.0,2024-04-24
568b3762e51443d8a7b24769b597e0f4,6455.0,2024-04-29
568f0d5a4e6ab8f25cdad4715e3034e0,12147.0,2024-04-24
56916d8ac84a198f0eb358d4e27d9d26,2675.0,2024-04-28
56946920f6c2ea27ae65f9ba1bda3358,6105.0,2024-04-28
5695c636ce38c2545f051976a504a4e1,3671.0,2024-04-23
5699838dff92e73730f122006083a304,7802.0,2024-04-23
569a79fa03db573f44b098bd6b77ce84,5874.0,2024-04-23
569fd7d47c9801b19e01547b6b42ef6b,3469.0,2024-04-23
56a388e1793d02a67891b52eeb6caefd,9800.0,2024-04-26
56a73cbf6460433f97792f77c2de06d8,3983.0,2024-04-23
56a7a74cfd4485c8c01b8d4b507f0997,5175.0,2024-04-28
56a94f2a09126a49e5e4b4e0a7394cb0,9564.0,2024-04-23
56aa1781bf811c94217e63e12f6d7dc5,2784.0,2024-04-24
56aa45692973dc1d85f006732ad66bef,7298.0,2024-04-27
56ab5fe0bdf6fac2c0170f101c1ce7e0,4995.0,2024-04-26
56ab8df52a5da5185307deff3cd5e9f4,4693.0,2024-04-25
56acb8c4dad2a0b7a7ae64396ebd4a59,1906.0,2024-04-23
56adfce4d502088e4a3971e40a117168,6838.0,2024-04-25
56b1be7f8c37fc5374694b0f5035ad28,10188.0,2024-04-29
56b402334ce5418f3f2df75502636a29,9484.0,2024-04-29
56b4e586bc8293febe7095b88c35970d,3519.0,2024-04-27
56b803f58a0dce0ebad2da285e37c635,3901.0,2024-04-24
56b897da16024630c445d6dd78f562d9,9745.0,2024-04-24
56b9aeddb01a189d1aea829b72b72419,3596.0,2024-04-28
56bb9c9f5b8a4599db5f8be7e872399b,14828.0,2024-04-26
56bc1b4f873bd9076897d17a33755827,2789.0,2024-04-27
56bfd79ff5d803e26d0caa544d4575c7,9562.0,2024-04-24
56c11f8646752a94c4ded45b672a171d,6487.0,2024-04-27
56ca0ceb0f8f74a4d0243d3b876d0881,6445.0,2024-04-23
56cc980e142b2417aaf5a405fb632f12,1590.0,2024-04-27
56d5f9443b7a89aff6602cf31902b9d3,5274.0,2024-04-26
56d69e4155c02e069254c1e35cea9a4b,10968.0,2024-04-26
56d8697a5a262b47b85cac8eccd85b0c,6521.0,2024-04-25
56d9dc7d3b53f9fc5ab09edce193e07b,4000.0,2024-04-28
56d9e3848c74a69b0df4e0ec7737ae53,3191.0,2024-04-25
56de33b5e1e8ac8a0ac9c28a1bf5e850,5291.0,2024-04-27
56e0d3b8c0dfc8513eaabc31c261ebb2,2465.0,2024-04-27
56e135a73f7bf115f75f4bca0bede32d,3760.0,2024-04-27
56e44cbbc49825f05379682872d2f6e8,3679.0,2024-04-23
56e56b72369fbbe0132b13ee985be2b1,3558.0,2024-04-28
56e759f8d33266d1c526d5ea1cd1361f,2319.0,2024-04-26
56e7ccf79944957551064c7043e84710,2517.0,2024-04-26
56e88975046dbee582cb0e5935c986a1,6678.0,2024-04-24
56e99701c11c81674715a10c1b4089a4,5041.0,2024-04-29
56efe7b73b8ea6399a30eba29917e789,4821.0,2024-04-29
57033103d773d7d09b4713ef8734e076,3128.0,2024-04-29
570918ee6adff9cc32deab614c660a4a,2334.0,2024-04-26
57096162613b968f9a0deb249aa9c3d8,6089.0,2024-04-28
570eda868d90bef757987af315662a77,4719.0,2024-04-27
5713e8ab924e97a0dc6df6490df2fc6e,7630.0,2024-04-26
571931af91414f5a7f3033a43b22b2a3,4690.0,2024-04-26
571be9184e1a954889812f096dc783f7,7017.0,2024-04-28
571c2d148e5ca0a7f96f56b07152b7e2,4709.0,2024-04-26
571f0060fdb6788bff59241de4978654,4879.0,2024-04-26
572131bda787088298a3dd0d2aa86099,6716.0,2024-04-25
572206223dc6367ec24cb41ce437879a,8432.0,2024-04-23
572cb0c3f3e81c600f5734596134c3a5,15880.0,2024-04-26
572f9619717cec519a66b427ba231fbc,11165.0,2024-04-27
5730b76795bf2f9f8e1c2a338a51291e,10024.0,2024-04-26
5733ee96434608147297255ad2be598e,8615.0,2024-04-27
5737260954b472b0fb8bf5089a387926,5135.0,2024-04-26
5737bfa3e9b941199f85ae9819d895f6,8623.0,2024-04-25
5737d37b57cf7e9776b23c0a8b6d54e0,8526.0,2024-04-24
574323ac78d5c3fe896bb8f2c75582fb,6363.0,2024-04-28
574ca2ffc71cc1ffbeb4d8549d3918ad,5125.0,2024-04-27
574e3d1eaaa01ae5d2b5c8f172c46416,3390.0,2024-04-23
57512ad055459430dd9aae072941ce29,7745.0,2024-04-28
5752beec12b16413ae457f7075e8ea6c,4158.0,2024-04-28
57536a568181a237169d470c52fbe406,7013.0,2024-04-23
57541b0d7812fbdaa226e10453f5904c,6026.0,2024-04-24
5754557daea1864ff16e0e7f72070a7b,4115.0,2024-04-27
57555274f5a11539369b4d45476fb503,3457.0,2024-04-27
575642b06330b2668d9423401a6e4a51,8607.0,2024-04-27
5756b50d670e958e8147ccdf7d37525f,5500.0,2024-04-24
575761b2d9ed93b8560d9d87bcf786bc,5732.0,2024-04-24
575fdca1c7ad7028a222f20c7cf6294d,4139.0,2024-04-28
57608b727ae438de45888e94a4bcab6c,5566.0,2024-04-29
57615a9c7cb6f516b67980a96346e5b5,2757.0,2024-04-24
5768bb80130973bcc1674d99115cae7a,1708.0,2024-04-29
576d5c31ad24e21c2e9e9b70094f0393,3484.0,2024-04-26
576dc3ac855850de55f79be45bd37d85,7652.0,2024-04-24
576decdb1ce34aff7f574de56300a783,5081.0,2024-04-26
577049cf885c33e5546d549a6f14ab77,4252.0,2024-04-27
5779583b5b2f2bc9e0af5a437bc5ab25,6503.0,2024-04-25
5779c018e706fee97856bafa8f0d176c,2504.0,2024-04-27
5779f14047c67439d508f4728c6a1d2f,6238.0,2024-04-23
577ad2b1d8c613355ad833de201d9834,4285.0,2024-04-27
577d42568dd9e23d3f92ba22831f962d,8341.0,2024-04-27
57807d7918e2535d39090ff9750e0c23,6284.0,2024-04-25
5782046c1f5d6fc3ab11680a91c0ae1e,3026.0,2024-04-27
5782e9db65cd004ee2d253748513562d,3982.0,2024-04-28
57848dfb8a77eb0d4cbc18f01ad80caa,4475.0,2024-04-28
578fb7282f0f9dd92b999116a4738d76,5439.0,2024-04-26
5792e07ea0ce35f9739c8aab006c771c,1682.0,2024-04-28
5794cca91a54dcdf57feef197ec331eb,1481.0,2024-04-27
57a1982c491bd9ae3e6092e5d4fe139e,9672.0,2024-04-24
57a64e66380b8c546c8eb43c2da97749,2233.0,2024-04-27
57a818a0fff8295e6b4421359b95f4d2,6121.0,2024-04-24
57a9958dae6a62d02461e6c763450e71,1354.0,2024-04-28
57b6a5ef4270b6a6f2f9f99bb99007b8,3293.0,2024-04-28
57c0ae5b6ede2c04c006d75e361c94b0,4376.0,2024-04-28
57c75f1dc841e8d3e97908160c4f1110,4876.0,2024-04-26
57cc09fa74deeaae5b2d80872566ca08,6625.0,2024-04-28
57cc3701901c5cc811ae5210265d3f6e,2323.0,2024-04-24
57cd128cc314c65aaef77574144f1c3f,7673.0,2024-04-25
57d046d62e4c2f9ffc020de26401213f,2015.0,2024-04-24
57d0f552038dc3b00a22cc739a20961d,3362.0,2024-04-26
57d29f3e5b3fbc43fe1b2218f13556bd,6447.0,2024-04-25
57d3cecedadebc8149ccbdbf0129706c,6544.0,2024-04-29
57dc12c8e9eea8d364715955aef39341,2100.0,2024-04-29
57e0768225d56ce9be7d75f4ec29f0d6,6741.0,2024-04-26
57e1766442b2d830a1a15acd6e74f3f7,5109.0,2024-04-24
57e21fb7f78ceb0e69b18f1e29bd7d3a,8984.0,2024-04-26
57e322a1cbae7a9bbd23a857af21f40e,3777.0,2024-04-27
57efb11abfe7b580655b39d447e99285,4630.0,2024-04-27
57f28715315a15c217028dcf252a87ad,1529.0,2024-04-28
57f5c25bc3226aad5115d40765b34f6c,7182.0,2024-04-26
58001e72d2e963255f13dc4e50e8aca2,5864.0,2024-04-27
5805e68ad8b78c0e6b0ca789e2248d59,2109.0,2024-04-27
58066c63ec44eb684be5c96733aea1c0,3528.0,2024-04-27
58069e4357fc80c27463f985f72d0dd0,1189.0,2024-04-24
58070b39f6a0dc86561b87e4a5b0ae54,4244.0,2024-04-24
580ab4d1e744fd4203d934ed96cd29f8,6360.0,2024-04-24
580bdf0b426a4823f026cee4dc696ba8,1903.0,2024-04-29
581254cda9c5e1c73e534cb832e0b49c,4974.0,2024-04-29
5814b3551eff6f0f4e4efd36f582c336,4262.0,2024-04-27
5814e5c1fa2717114a6d9733ee0688ed,1957.0,2024-04-28
5818e41777e76175def3a746390cb931,5750.0,2024-04-23
5819e23a0a8fa49427341d37f91786f4,4862.0,2024-04-25
581f458cbd597c8e8b68bc8ff04b9375,4325.0,2024-04-24
5821ff01b5f53df520d90ac6993eea3c,5527.0,2024-04-27
58269adf56b980220cef9acd4eff0251,5995.0,2024-04-24
58292549db9e805df3caf349849785fc,3971.0,2024-04-24
582d58a888fce888bcaebe56ddf3971e,6519.0,2024-04-25
5830797341534aa28a1a4c262b55315c,2670.0,2024-04-25
58390d862d7c98677a74b60597a413d3,3206.0,2024-04-24
58391d51915a85a15553943c5f64a3b6,4938.0,2024-04-29
583ab3a1032a0c94a3d0b40cf7862f1e,2983.0,2024-04-25
583ace84de05a927b24643099209031a,4155.0,2024-04-25
583df8f7f6df311e1000ab056173adfa,7346.0,2024-04-28
5841cc0d0c53c9a699d952185544d770,4234.0,2024-04-29
5845c4088230c22c92bfffd5629d8e4d,3908.0,2024-04-25
584a50a85219545041e997d81082a648,9353.0,2024-04-23
5852defd7670556d9c261582537082ca,10877.0,2024-04-24
5853f9192c80f29fc6d30774c28a3b47,1989.0,2024-04-27
585698adf9bf645ab1fb517436c78beb,2476.0,2024-04-29
5857ce9f8ae9c3157f7fb970a6e2e70b,2076.0,2024-04-26
5858d0992e5990c5be364ba4306bb39a,7500.0,2024-04-23
58599307db0e6d7e39669793dbf172e6,7165.0,2024-04-23
585a0b3c539761d14b6c8eb46c47f9ac,3099.0,2024-04-27
5865345a9596498b321331436a5d0623,5726.0,2024-04-28
586671edbaf335c1a22c242dcc5ce114,5103.0,2024-04-25
5870d3262c3d14d2a3d6ef017ca190c3,3810.0,2024-04-25
5873ebc0e664c216b47b975b9c8ffefa,4704.0,2024-04-27
58765db23f8c6a4fc268f3033d7b14d8,7706.0,2024-04-24
58774d65b61220e2ffff757755c17a97,5169.0,2024-04-23
58776e0167fed33f55a35b412c90ffd6,5863.0,2024-04-29
5879690773a08c72335d24ec6271a42f,4210.0,2024-04-24
587c3c970835b39ac2fce2c348e73c9c,3267.0,2024-04-27
587f2e87675b94dbc0b88f19196dbfbd,2404.0,2024-04-23
58810da10cdbb11c9c974bd7689e6c75,3040.0,2024-04-28
58839a00dae869013dca74a6fef12c87,5364.0,2024-04-25
58842a2805dbd18c536077a178e69434,5829.0,2024-04-23
5886a00670ab475992a17bfc0113fa65,7426.0,2024-04-29
5886d52ac9b3c7774ddeacb78176b106,7135.0,2024-04-25
588a2a3404b4ef8c79f974031e61a36e,7356.0,2024-04-23
588d48ec0c55626ef73eacf0143dc210,4687.0,2024-04-28
588d826d81e3d620c95eaa426ab1de57,2233.0,2024-04-29
5890ffbae5f792b1fa3328603034739b,6278.0,2024-04-24
5892a7814d637428f2d18a098d85041f,8332.0,2024-04-29
5893607b97cb429199c2fe9949e6b331,1860.0,2024-04-24
589b5850c63d81f9a79af9b6d57becfe,6153.0,2024-04-26
58a33044b84eb27147dbdb76f360b78e,5986.0,2024-04-23
58a61a2caae39af94a5b3fa55cb151b1,8002.0,2024-04-26
58a6446b40d0753269977d6e5637bea6,8096.0,2024-04-28
58ac55e5ef271a0476c153baab67d090,3432.0,2024-04-26
58ae57c1ad735118e38450e4c136e4fc,3540.0,2024-04-23
58af82ef053d6af34f7f100c40f7ec5d,5008.0,2024-04-27
58b7aa586651f4c9344f061b57863a74,1004.0,2024-04-28
58badf9d2ef73ebbef958632f9a7300f,2275.0,2024-04-28
58c043c79fcbe6bfff24857827659a78,5258.0,2024-04-29
58c0eae50a8dec859845db84ccf8a690,4710.0,2024-04-26
58c4bac319e9150da3794be12a5a8548,7254.0,2024-04-29
58c4e175d151600ef7b2a4a4bd3f19c4,5243.0,2024-04-28
58c5a0a9c5b327a681983740439988f1,10780.0,2024-04-29
58c9110fb8e4aa12816373c89bb9cbce,15517.0,2024-04-28
58cabc09ce6dcf4cc43d3125b3c0d33c,6023.0,2024-04-29
58cac5ca39ece383b08ba35ac5cc4ba2,5932.0,2024-04-23
58ce05e201e204b41ce915c486090eed,5009.0,2024-04-27
58cf5bbf10158459522031510484a925,6861.0,2024-04-23
58d59a513fa4ef59ff164386c566f195,4436.0,2024-04-28
58d8df897bae544a0137f0c95daf2787,10953.0,2024-04-27
58e170c44b72ee59fb222e2c37c0265e,6108.0,2024-04-27
58e709cce8b30160ee73660d83fbbf8a,10092.0,2024-04-23
58e768c7fca955e75e3c6d06d823364f,10601.0,2024-04-28
58e85c7bfda6b6119cbf6fdad880a099,4443.0,2024-04-25
58eba109414f47d360146411add9f05d,2689.0,2024-04-26
58eda35440606b19299588f1e641d6cf,6253.0,2024-04-24
58f058b3ecadbd9aea09e0b4c628c440,7411.0,2024-04-28
58f5df7dd3e7146f5452475488dd2866,6945.0,2024-04-25
58f854568db855d88beb78bed4049c30,5577.0,2024-04-23
58f868e7c0efa6ce78f612588cd58ee6,4455.0,2024-04-26
58f94964074fd7c85cfc65c3a59db891,6058.0,2024-04-27
58fc0049b3865ce913806d7dd39e2cab,4973.0,2024-04-23
5902e73c86ab6124baefdc59753573c4,13985.0,2024-04-29
59090c87ff3eaa1c66444902cce48012,6518.0,2024-04-24
590ab44b2403a6c26a473fb452c6061b,4114.0,2024-04-28
590b19d7a47b44092d862692942b1f18,7766.0,2024-04-24
590d9ef681349f95094a05b4616e9f03,7435.0,2024-04-28
5910718c538416af9b9931bad547f9f3,7595.0,2024-04-26
591c1fdae568bb450680a48bc3c16c82,2103.0,2024-04-25
591db231e3dc8ef3a858daf0ce73b764,8158.0,2024-04-24
592b8da9bc05f43c8f774f8ecd0cc02d,8102.0,2024-04-23
5930d0e19afb0fcc924efa8b4a4aaaf4,10405.0,2024-04-25
5934ad7e46bf729887894d34a2826199,6816.0,2024-04-29
5935ad4a6ebdb9c0e5c2ab239115ef02,7435.0,2024-04-28
593a4de84bea26e6f705a1436eb1dbc4,5412.0,2024-04-25
593a72a73b8c45f63446290141b28f55,4206.0,2024-04-26
593aec6d44ec84537611df632efd6959,5707.0,2024-04-26
593ba4d88a12dc1c981298c77c41ee4b,4620.0,2024-04-23
593c9fe6e256ff9ba527659d9e983c75,4524.0,2024-04-29
594003ec75b43602e17737ccd6148a9e,9096.0,2024-04-24
594fe188885f64e2eb7fc42dea9b4041,10564.0,2024-04-29
595159886a623556c12c6f100de28f57,4575.0,2024-04-27
59539998880435f60f0063671e645c02,5787.0,2024-04-29
5956307895fcb0a5d4bde72cb2ae80c2,4670.0,2024-04-23
59565c6269fa5e3544f2f66d705a5003,4577.0,2024-04-24
59594dda023787af4e59fd12341e1cb9,4335.0,2024-04-23
595a989d003677475634c79f6d8fa923,5354.0,2024-04-25
595fc956ba0009dc7da143cc686672f7,6118.0,2024-04-28
5960bc387d83d38fe906c8731262cef9,5350.0,2024-04-25
5968a1d980fa1b67203d8155a8d8da2c,4480.0,2024-04-23
596aa67f2e1465ac48d4faceb6452554,6607.0,2024-04-26
596cf75c21b4b2ac8f136ea3fe6188a2,4769.0,2024-04-26
596ebb431eb09e5cc5494c7032fdceb8,3843.0,2024-04-28
5979c2f683855b138f380503477275bd,7678.0,2024-04-28
597b33e9f25b5a0e0f88c5d5afeb97d0,5044.0,2024-04-25
597ded46790bf409b456b7ddecfb2875,6506.0,2024-04-29
597eda49fd01e938d0f476ad0d6e38b4,6278.0,2024-04-26
59801cec193edf618f9053ad232d370e,9005.0,2024-04-24
5985aeabf512158eccc017b04ab65f50,10904.0,2024-04-25
598603c6b3887d4c130e35b87c462e29,7344.0,2024-04-24
5988455bed2f3b73c82c9a5b500ebb99,4334.0,2024-04-26
598b50e75ed43330425163962eb65f15,5274.0,2024-04-25
598b7396513b2166b5d00d178d34b32c,5189.0,2024-04-29
598f94a6848d2ae82fd47abc5f37953c,6901.0,2024-04-29
5995112ea8c4cb69dde112d85c60d3f5,4624.0,2024-04-28
5997485eebbfdfa8fb0c9df4d7115bbf,686.0,2024-04-25
59a206931114306050159fce322750b9,3691.0,2024-04-23
59a2bc85e7de6d0dd6908ddc38111708,5154.0,2024-04-24
59a565827072e0bb242967768b50ed22,3552.0,2024-04-29
59a663eccd679ea4de2fb5da07ef85bb,3473.0,2024-04-26
59a696f9f35aa32c2930c3a3e9cd7ce6,4840.0,2024-04-24
59a80496b84d9c92012317fa0f6e7d65,4664.0,2024-04-26
59a90bdbd69b839862611a4a19211084,4666.0,2024-04-25
59aa182d2351a3b3fc6ecbfc41ce0629,2432.0,2024-04-28
59ac27350be2fdb375ada78ac2f49cb6,9614.0,2024-04-26
59af8c098e1abb59ecb4c25940823dd4,7190.0,2024-04-23
59b285a65280e0760a0afa3a8acdbb1f,2732.0,2024-04-25
59b492d08208d82b111364f1a190fd56,5246.0,2024-04-26
59b6abc9fc9369f936a2f038e0e67845,9313.0,2024-04-28
59b9d358e37a6efe3c6e43e1803a784a,1798.0,2024-04-23
59bfd7dee856637d6f8f533c07329150,4310.0,2024-04-23
59c36e37d838a65f87f062a2df1f27ab,3953.0,2024-04-28
59c83dcb1614814561ea8263235d76b7,5251.0,2024-04-28
59c8f8d8cb71d53fa301660753ef15c9,12718.0,2024-04-28
59c997d1ee558ff00d446d3e72f16f3e,14587.0,2024-04-28
59ca97722ae094b079befd00d4988f81,8604.0,2024-04-23
59cf9d43bce5c409954d0460f658a1b7,3704.0,2024-04-28
59d4294a1779b04f20c0840b3d1fbe44,4297.0,2024-04-26
59db192582f669f10b9f74a8388e7ca5,4426.0,2024-04-25
59dc3ba4fa319c0d63c60a6743ea5f6f,11284.0,2024-04-27
59de06fb93ebc9482adb577bb2fe7544,6799.0,2024-04-25
59e018cfabb728ff64b28bc7f683eedb,2202.0,2024-04-28
59e8a7d82d18eb19409a5edaa5f3c97a,2986.0,2024-04-23
59ebae2143460571b1e3837d11683397,4979.0,2024-04-25
59ef07058237a98434f148d45f0164c8,9114.0,2024-04-25
59fd65bc61767ab63d8b9900bda0964b,5017.0,2024-04-27
5a07b034d6dec6b2aabc4837165a9ad4,11300.0,2024-04-25
5a098364e5955e216a0b986cf5bb886b,2093.0,2024-04-26
5a1084d69fe7810f09c7c42e6a577d94,11613.0,2024-04-25
5a11458a1a8b7291454e861f622cb146,4620.0,2024-04-29
5a14f87b11a2ab6c991e0da79aee1a00,3273.0,2024-04-29
5a16068879cb16039863d0e096d23c7d,7924.0,2024-04-29
5a1b39e686070af7ac8c42ac7275708e,2399.0,2024-04-27
5a1d866e4cb23ab9d05be5d5fc041e45,1848.0,2024-04-27
5a1e1dc560541f7d748771df43dcb319,5664.0,2024-04-25
5a1eb39603fd947467bb81aa1c65a88e,4517.0,2024-04-29
5a21b4616d32a92e17d481d8aadaf6d8,4422.0,2024-04-24
5a22fe5a76be0f5ea60af4cff2a8fb38,2810.0,2024-04-24
5a2b3b596d1e7a4c772928381369c74a,4757.0,2024-04-24
5a2cdd38e8aae06b1054b5bd5d29de2b,3758.0,2024-04-29
5a2ed7568163b59f87320c6eff51db58,3493.0,2024-04-29
5a30a9713f8583745dca8fcddfef69f0,5397.0,2024-04-24
5a30dffd01f7332de109ade1328636ba,8083.0,2024-04-24
5a3321a99c772b91b666155f832255fe,3417.0,2024-04-25
5a3809be0302eb851b7648b1d802c2af,6918.0,2024-04-27
5a3916ea90c0368f9c4f0f6ab67f19a3,4237.0,2024-04-28
5a398ba507101f776f513f72f008c36e,4227.0,2024-04-23
5a45105f3f175b3e1e0b011caaf583e7,4761.0,2024-04-23
5a4561046c954656bee99bc845eb8eaf,5469.0,2024-04-25
5a46b41450997cba238fa508225e7f6e,1122.0,2024-04-28
5a50c3400bc560e97cdfe6d99bfc5ad5,6184.0,2024-04-25
5a53a4133ce6082c0aa592a6b1c5bd6c,5290.0,2024-04-26
5a57cebcd842e2008d16b0058a9305dc,15104.0,2024-04-27
5a5fc2dbd0d11989c0ed549cc5ba7d95,6054.0,2024-04-23
5a61e060abd22ed313bd8baaae9b192e,6679.0,2024-04-28
5a65e3935dc90d7aeb79eeba8ba83d21,11991.0,2024-04-25
5a67a29ff2c3d8581c3afdc68400e69b,5781.0,2024-04-28
5a69167fd38d4bb82d260ee0e30d4de4,5214.0,2024-04-27
5a6996f8cc2365bd88740f92203241e7,5428.0,2024-04-24
5a69bb814af37b430fe59927a1192650,2745.0,2024-04-26
5a6c04f8195781b82e8cef0069960dac,1271.0,2024-04-26
5a75b16908d6fc69eb8c8b28dcdd9d2a,7438.0,2024-04-25
5a796a787bb3261d4ff337db9f201ac0,4692.0,2024-04-26
5a7d6176695eac31701be376f8bfde7b,3233.0,2024-04-25
5a8a18f673c26deca6357352b240387a,2488.0,2024-04-26
5a8b2d82c031812e24fd0c82164739a0,15057.0,2024-04-27
5a8f1cf0bfb283b73b3b2a1c72214bf0,6526.0,2024-04-29
5a918cfa72ea310df14c5d22e5948860,13051.0,2024-04-24
5a92400323147b8aa2fb71897dd9679e,7080.0,2024-04-28
5a94eedb9520ab35e9aac7e152c35865,3921.0,2024-04-23
5a95392b7261afbc39a091fd8dbd5634,3738.0,2024-04-29
5a9f9deb726fa1e8c5e7ccb52d88c5a4,3999.0,2024-04-23
5aa013d55cd75b1445c4162e841206de,6832.0,2024-04-28
5aa141f8012d4183b81400133f0e08f0,13022.0,2024-04-24
5aa6a4bba4e9c8469e6cb8b1c38b35d7,4258.0,2024-04-27
5aa6e4941ac128b37baeff83b1ed8975,2127.0,2024-04-24
5aa7a380a030edcfc1ba6b1ee0f531f9,1175.0,2024-04-24
5aabb00eb11b3b97d213df8c83f44e27,2582.0,2024-04-26
5aad300dab82bff0270f641a77a93810,10798.0,2024-04-27
5aaed3ea36a5b47e240fefb702ab4f26,4291.0,2024-04-29
5ab24978b4f8ef8223a7b5fcae42b81c,6477.0,2024-04-28
5abbc65135baddfb300a5686263cc4fd,5652.0,2024-04-26
5ac64e2260007f19958b435753d2614f,5464.0,2024-04-28
5ac74074bedd3dafd83f2e194d8ab4d8,10955.0,2024-04-28
5ac7cf0825317089c86c61eb619b0083,5914.0,2024-04-29
5ac8bb7942a0c3d498c65dcdc2c3b0c7,3592.0,2024-04-23
5ac95504aff8fe21023048d6ed2dce25,7019.0,2024-04-25
5acb095c26084d71b0e7126b252009c2,9833.0,2024-04-26
5accc7fd653b70bec9472bdd9629295e,5392.0,2024-04-27
5acd66e9dc600b109cca02706cb47b5f,6875.0,2024-04-24
5ad00c025833501bb957e9d5a3ee3fec,5485.0,2024-04-23
5ad74b9a8ebcc0e551838c4e432feabc,4681.0,2024-04-24
5add668396463c5e62e47d31da2ddf6a,3555.0,2024-04-26
5adde447242e9e555b787e154517aab0,14702.0,2024-04-24
5ae6bdcd27ebf6bc9cfe4fcd61c9c309,4839.0,2024-04-24
5ae9bddddd795ba1e50a07b031d87030,7784.0,2024-04-25
5af3272a9cda9179ea797158bac089ef,5185.0,2024-04-27
5b002f02fd58f8d03e99c2ac1ad2ebe2,4131.0,2024-04-26
5b00dde9a18e868fc92cf0cde624fb86,4448.0,2024-04-28
5b0266c87beb88d7390f2e0f384b5d03,2485.0,2024-04-28
5b0435308633de21d1214424cc97741f,4936.0,2024-04-26
5b05c55382e347c1dedffa3cbd6ac44d,1927.0,2024-04-25
5b0bf66b66731c5f5ddea4669e7d54e2,1299.0,2024-04-26
5b0da470f26b3a21cc47b5e51dbac69f,1996.0,2024-04-24
5b1439a70d71c4801f324a551991ac2b,3937.0,2024-04-29
5b18be2d05bb3c4d614c53e4aa8359cd,2864.0,2024-04-23
5b1a412585df1f9d0969664261a7a800,6472.0,2024-04-28
5b1cc1bf13a4403d87862c136a2cd7d1,4136.0,2024-04-28
5b1f17b22816afa6640fbf8d4e50210a,5195.0,2024-04-29
5b2cebfb3274b84de17a64e7bb48911d,8702.0,2024-04-27
5b31f96581c8761bf9a5d6e8413dce04,4306.0,2024-04-27
5b3da7a35250db306aaa5573092cbc9d,6572.0,2024-04-26
5b3ec70d0e0da82d0c745465dd871887,1209.0,2024-04-23
5b52e7a4f10d87c3a7b695bc0f79e7cf,5258.0,2024-04-29
5b5b7b60c61018e9a5d34bc1d1d861fc,8945.0,2024-04-27
5b66a7631eb79f888d877acf6f860ffd,8906.0,2024-04-24
5b6737ebc410c48fcd81316d42c6b306,2244.0,2024-04-27
5b67454e555065191c71eb7e6599850e,1988.0,2024-04-29
5b680bf99cf8678849dca8c3255d8f07,3790.0,2024-04-24
5b6838d1b9dd3a8f3914c31f3986bfcb,2854.0,2024-04-23
5b6cefecf68cb2a33764d4bfd378ace6,2506.0,2024-04-24
5b6e8b345205ad787a731fd1a9db2956,4041.0,2024-04-28
5b6ec0ca04c3baf9a5197ed40097deda,9798.0,2024-04-24
5b79670e1e0b65754d1b921b47a3b35a,8813.0,2024-04-27
5b7d45b950218862e45452e011f17f44,1974.0,2024-04-28
5b80c69e37f035d8bdf6dd0c4e244984,2335.0,2024-04-27
5b81a3a13a8734eaf169eb061279b455,3491.0,2024-04-29
5b87fde92b4cceb4d7baffc8d45023d1,7305.0,2024-04-28
5b8a705c6575a75d8503738d9d9ec790,5453.0,2024-04-23
5b8abbfb43fb21c208ec7ee7dfaf39fe,4779.0,2024-04-26
5b8e3125f933389f0d16bc7e03aa7b9e,8205.0,2024-04-26
5b926463fd7a70cb0c36971083faeebe,6103.0,2024-04-24
5b93eeed2011cf9b3e164bff2c4aa8e2,3428.0,2024-04-23
5b945f99e4f0a0e1c14397694af3d3e8,6741.0,2024-04-25
5b958a66a1f6d3ef3e7108f6d9933b92,5354.0,2024-04-25
5b998ab94435a70573bb852755fe7612,6120.0,2024-04-27
5b9e24f1cf5b843edb0fee3831d4e85a,4362.0,2024-04-25
5b9f3ea3d261911f14dc29d7edf98628,5218.0,2024-04-29
5ba1982beb7bb95b1f23526b64e4f071,6608.0,2024-04-25
5ba356543d6927d248bdbca8d955da31,3293.0,2024-04-24
5ba627698a80480fdfedb89c17ad5408,6838.0,2024-04-29
5ba6e1fdf715f944ca112a356a384266,4039.0,2024-04-28
5ba7cd4eda26429150a34603b1f6a62c,7747.0,2024-04-25
5ba8b6f53a8e3b675420acb626ed50de,2661.0,2024-04-29
5baa0f7564108ca42f2734dc183dfa5d,3123.0,2024-04-28
5baa2da73be9202754150a512d512f75,10813.0,2024-04-23
5bab327bf04158705f0552f4f7e67d0a,3968.0,2024-04-28
5bb00fcbdf67e8614506d4ad9a8265cb,9446.0,2024-04-25
5bb14a84a895b1144a2e9f9691d002c3,4239.0,2024-04-29
5bb4a7e9aca1ad1f9572492c3df2f9e5,5276.0,2024-04-29
5bb54aecf3ec6d6a5ab691111702f46f,5753.0,2024-04-26
5bb5d9faf6ed96181bcf3e68b8177580,7885.0,2024-04-27
5bbec053f372565d795d0589a35dc6e4,2454.0,2024-04-26
5bbec9c005c8f15b950bc31403251c27,8023.0,2024-04-26
5bc17e74a045811ba3912a2e4b55cbdf,3835.0,2024-04-24
5bc2b706d7dfe2b4cf63bdc3633f010a,8200.0,2024-04-23
5bc57e7e98bb0b3fd2466e4f876b904a,8202.0,2024-04-27
5bd0fd7a2be278b4552b63966489657e,3553.0,2024-04-24
5bd7ef75aa176e643c5a7cc4e1cf649f,2912.0,2024-04-27
5bda75489d7978ec433a666a0e6f6f25,2482.0,2024-04-25
5bdc39154ad830bb00f9a5057017614e,5382.0,2024-04-23
5bddc3ef2e0fb38d24ee175eb2ca0f44,1208.0,2024-04-26
5be2b875e2db77f7d0eac599dc8a56e7,4522.0,2024-04-24
5be5ed09cb2a24a99e5e263fc750f734,6877.0,2024-04-24
5be778f06add0ae94ad81b7d3bc0e498,12067.0,2024-04-26
5be78ae4f4ec5e3a9984094164a04de0,3878.0,2024-04-24
5beb8b3ff6f0a62e4f538a1a7c0a7c3b,10803.0,2024-04-28
5beee9ce9bf3781b351d3d81c9e7af41,10153.0,2024-04-24
5bf661e6cfbfc5acd419df13e435e0f3,5683.0,2024-04-23
5bfebb13b6c2f75f655d602969f2e82d,8198.0,2024-04-25
5c0130d3e8d2103b41c9a3d1f4dbbd14,8024.0,2024-04-24
5c03bfb0ee53d158ab3c058b445d5e0f,6968.0,2024-04-25
5c09f84537c4f21e1b477f7246e850c4,10369.0,2024-04-27
5c0dcb8ec3a13b13b2e828f3d73a5607,3868.0,2024-04-25
5c0ed93051551c5d69afd0721d402fc1,5406.0,2024-04-23
5c120272fbc55db40545970fc4fbbc96,8156.0,2024-04-29
5c18ebc30c57c49825891db0ea34250f,2992.0,2024-04-24
5c1a1b96cf885c9ba02e85ba4fdd3a36,8903.0,2024-04-25
5c1eaf6bc3270b6267f68fd8fcccde85,7479.0,2024-04-23
5c22d3973667b4538ec5940713357730,3548.0,2024-04-26
5c23dec4e25e44d701ec247a162e8351,3778.0,2024-04-27
5c2cd2ef2517c9eb3200129ed95e2ba2,5495.0,2024-04-29
5c303de1e733d2130dc84eb802fecb0b,4034.0,2024-04-23
5c305a8d32dedd94686b4e40cc612b9c,1371.0,2024-04-27
5c333254b835b50311901b5af478a72a,4535.0,2024-04-25
5c360793a9cedcb7a0acfcc112e2bf9d,5336.0,2024-04-28
5c44e0e119c6831ab086fa7128712643,7780.0,2024-04-29
5c45e91fd55657a96b9d6faa7bed5747,12941.0,2024-04-28
5c47f002cd36b6b63112a003d36049fb,4888.0,2024-04-26
5c4e25e85aec348ec8e9eb676597b4b3,1952.0,2024-04-23
5c519c0a1338d6093293fd8e6553c056,10965.0,2024-04-23
5c56328144d4f287dab41a6cec769fd7,4854.0,2024-04-28
5c58f75318c60d5693b5e5d20af502e9,7492.0,2024-04-24
5c5b95dd57546f7e6fa6c7e304fe338d,3347.0,2024-04-27
5c5dd8c23ea48f2244b06eed3ac6c047,1961.0,2024-04-23
5c5fe502dc2b7580427ccda1737b3113,6740.0,2024-04-27
5c6442894ca072a0f00b0a58466779ef,7652.0,2024-04-25
5c66ea3e0e79d7f87a1bc23a8ac648fd,6807.0,2024-04-29
5c725568fd17229247c83b0a6e8f03ad,6822.0,2024-04-25
5c7775d04bebc3d32c5191beb534dde2,11952.0,2024-04-26
5c8094bac885069ae1c65a9552937f73,7677.0,2024-04-28
5c85c7fb2f51184a586791239f63b7ee,6125.0,2024-04-26
5c882dd3d8aad83e30f695650f6f3897,5575.0,2024-04-25
5c8fe6640e6f4b9f93979596842e12e9,9638.0,2024-04-26
5c959fd50169d59ec1033737879899c1,5739.0,2024-04-28
5c9a3edfcd2789192172fef8e19aaa8a,2982.0,2024-04-24
5c9c13f5efd2f43a1c70c710a2c79708,4860.0,2024-04-23
5c9e4f8b039b136bd94ade3c013a17c4,5179.0,2024-04-23
5c9f2970ed545c6977f77a8e7b82f562,10401.0,2024-04-29
5ca1bf0bde0c7bc7ae221ec32a607ff9,7543.0,2024-04-25
5cab8f2a39b0122efc816dad43512342,5403.0,2024-04-26
5cadaaf453a4bdc21d98a2e28fc19518,4248.0,2024-04-27
5cb1dfd4ec8eeb95156bccf9c87f0756,3705.0,2024-04-24
5cb4364643f5a874d677f07f6d0fce62,5891.0,2024-04-29
5cb8c607caf28b4ca5b11b95a9d36fe9,5161.0,2024-04-24
5cbaa96ffa244bab9a8e136ae5e43b26,6702.0,2024-04-25
5cbb33759b3dc3eba03edcb80201f47a,8519.0,2024-04-23
5cbd1267e7060b207da731e6d10cd031,680.0,2024-04-26
5cbf52610496b1325f783be10d682f99,5877.0,2024-04-26
5cc0ff1a7e36aa7999e14f3e7f0862f3,2136.0,2024-04-25
5cc137462ce48ff1842e420131ed74f0,8941.0,2024-04-23
5cc4956464e2a2b8ee1635338e13b5e5,6511.0,2024-04-29
5cc564fa0cef96f2c49f69e17fd18ae6,4840.0,2024-04-25
5cc5fd31274bcb374629b996e12c74e5,6851.0,2024-04-28
5cc912a16cc39733a3d4d0acfe427399,2636.0,2024-04-28
5cc940ee28a076aed5547abdb2af170b,5530.0,2024-04-25
5cc96079dc4c0459ba6e3c53cca966d8,2332.0,2024-04-28
5cc9b17619321dd425f5caf70c098753,1569.0,2024-04-28
5ccdab4b6a43c03d9b04ad208f8d2c31,5724.0,2024-04-28
5cd17cd3c2132a3028d403e3cdbe0998,8716.0,2024-04-28
5cd41edcba7375cf006832af8f2ea025,3494.0,2024-04-23
5cd700c1ffed6a0500d22e60a8975685,8219.0,2024-04-29
5cdb1a08e23087403b1c67fe531d6733,2041.0,2024-04-27
5cde36dbcf8c64e54264fdd40ee358c7,6651.0,2024-04-26
5ce1ece40b67e1ef5d04e38e7b465673,6931.0,2024-04-28
5ce8bfbf5893f5f4efef73c537eff0c2,5988.0,2024-04-26
5cea1ed82ef217e2d1ca9d01332c9cf5,2965.0,2024-04-29
5cf5a798d030460e9a3e564480e7e1c2,2035.0,2024-04-27
5cf648bd7fa8d17f05d3678a7b52fdcb,5540.0,2024-04-27
5cf66aae7cfe5f4c3e2759ddd49bd1ae,3272.0,2024-04-27
5cf6ccc7b03c9eb42e1d338ff08b6aa0,4060.0,2024-04-24
5cfd63a2285ad285e1dad77d1f58decd,9623.0,2024-04-29
5cfdb11ecfc886fb62d4f2ef476e08c2,2621.0,2024-04-24
5d05153f866914fe9bbd00928e66cd7d,3731.0,2024-04-28
5d07f6ea52b04c0e0004bb482f7b5ab1,2518.0,2024-04-29
5d1a17fc348fcd9aac6244edb21dd8a9,2746.0,2024-04-25
5d2028881f846c4643dd757bc0f12db3,6119.0,2024-04-27
5d2214a2ebeb44079eb8c1d5b83b7135,1927.0,2024-04-27
5d25592b02a6b3a9314906aa3e77a2c2,5309.0,2024-04-26
5d26c0ea474be6874cc7441d2c5fe8c0,3329.0,2024-04-23
5d34b8f66b7f7fb8d54225d7c7e510bd,4328.0,2024-04-24
5d3682f171eb9e6de2539213de6a170b,2746.0,2024-04-28
5d38e4e6535ea619d4b115ca25bb3223,7018.0,2024-04-24
5d455bf9eec0b988959afef496e39cc2,5976.0,2024-04-25
5d471facf8be7b9b51af7c86bc359b61,5290.0,2024-04-28
5d47c41ad92b428a3e427f7cd4cdb5a7,10972.0,2024-04-23
5d49597e9fab4c4449a8da0c6c150cba,4595.0,2024-04-25
5d4a2ae117141feb0242398faf89c705,9153.0,2024-04-23
5d57ebffe196005c50d4c042c4978461,5712.0,2024-04-27
5d5a1c6d980debc6cebb629de6fbf48b,10238.0,2024-04-25
5d5bda60138ac73c7b9401aa051f824e,6153.0,2024-04-28
5d5d43a46ba046791db44e00ec6e0241,3654.0,2024-04-27
5d674be7a997bc84d49d8fcf3ddd799d,4155.0,2024-04-26
5d691e5faa71fc2f4886ca26555bb9d0,3350.0,2024-04-23
5d6cb4dfca8a2e70819ecd39d973508c,5144.0,2024-04-24
5d742ad664b11a169f2347754f2fe5e4,6750.0,2024-04-26
5d74e7c329a0a13579450a8ed65897b6,6438.0,2024-04-23
5d793cba4161826b6b6b1eb0b8b7755d,6367.0,2024-04-24
5d7d6a3b6dd822e084de592cd56e29d0,4851.0,2024-04-28
5d7dea5f93f28b834f0a65f915a99253,4642.0,2024-04-25
5d7edba4a42302f5fa8e1099b6808e08,4551.0,2024-04-28
5d8092fb60536b85bdb2d14e797444c4,8646.0,2024-04-24
5d8213d78397e71218f485ac139a6e29,6462.0,2024-04-23
5d8601eec946db404d1b867d7cf1c8e0,5318.0,2024-04-24
5d8999d3a7c15177f9aa74e3bf178a29,4860.0,2024-04-28
5d8ddb44ceb76178a6e4b399ae14b2f8,6569.0,2024-04-29
5d9240546f23a63a83247eaec188be3b,4201.0,2024-04-24
5d95adfc02c5bb6902df3e4edec62a8d,3156.0,2024-04-25
5d963e7d786b8c3b7c1cbd132d22479b,2148.0,2024-04-25
5d9869b9fe9d68e95a8c150df69fd486,3771.0,2024-04-26
5d9947744f37a096d5f4fbb5a4dfc56a,4975.0,2024-04-23
5d9a6a814526e156216f804d17301e0f,2808.0,2024-04-23
5d9d2a40d5c055cad4ca5198bf3a0a08,3782.0,2024-04-28
5d9d3156a7caf52dc5d3e572964abeb5,3506.0,2024-04-28
5d9ebc72c8a200e4ddc945f40a48c34f,3058.0,2024-04-24
5da647cb799e36c559b5f812865f7cf7,4469.0,2024-04-26
5da68fef9e7220e0df4bec2ff624b9ec,6935.0,2024-04-23
5da8e6de527fc4c1925dc3cdf8f9cf01,6112.0,2024-04-28
5db13838175f7f57a273129b92678b91,4827.0,2024-04-27
5db44d50850de7d2abf69429adfa8423,5132.0,2024-04-27
5db4b1d4fcbdd49a23fb9632b03a1695,5100.0,2024-04-26
5db810613841ab22604fcd09075758ac,4460.0,2024-04-27
5dbc404f35a278494d91b29768cc3dfd,3497.0,2024-04-25
5dbc7bf9251e9ed4ce732aa3cb6b3fdd,4495.0,2024-04-28
5dbcb289e29fa5a9586f09f1794cb0a7,2870.0,2024-04-28
5dbee096933dc279face3bc3ba866d19,3389.0,2024-04-26
5dc32266ef2fabe40d0084d2e41b25f5,1802.0,2024-04-23
5dcb074ec207b24cfb98ee2caf660b85,11862.0,2024-04-24
5dcbc0c4e3b38965cf16447bf6286e64,3717.0,2024-04-28
5dce8d216f5ae25c8cd436f9fae3d923,4224.0,2024-04-28
5dd880b63b1d80d77e0302812e61dc36,4351.0,2024-04-27
5ddd239cea5c4de3672527aaedfabfd1,9999.0,2024-04-27
5de0776105b6a4560e2566134544be89,7225.0,2024-04-23
5de222c3fb2672788dc42445039090bb,6550.0,2024-04-23
5ded0a677f2c3f66b6544eae6ce6729c,11038.0,2024-04-28
5def7091e4e117b6b2304d5fdf8edb37,2343.0,2024-04-26
5def90898543bd75da50dd7108e367bd,4709.0,2024-04-28
5df2d84221165f23d02393ff9a38af0c,5851.0,2024-04-25
5df5814be73f1baf386715e431d4bd2a,5421.0,2024-04-26
5df665b0e77962abd7f027fdf7e7bad8,5879.0,2024-04-26
5df70a9a485a87186fe1bfa9203a7205,8646.0,2024-04-27
5e0034b3b96a683bb0edd7d369c8298c,9278.0,2024-04-23
5e008e0eaddec0e9fcfe8213b60314af,4979.0,2024-04-26
5e01dad7b4e0998330f9906c078fb2c7,4724.0,2024-04-29
5e073a8dd139ac5d74bba9b50d79caa3,4785.0,2024-04-25
5e0d085dd459b624113f9fd0c110e258,9213.0,2024-04-26
5e133ada8266c1a3a97a8f40ef9d5107,5957.0,2024-04-26
5e1460e7719c2a0c33a6e9b0ae5a5386,2912.0,2024-04-29
5e15796d21426fa1766bb78af4e913f8,3189.0,2024-04-24
5e166eb855134411913bafc5dbbf50f2,1457.0,2024-04-27
5e173057cbce4e7e252f3910747f4aef,7190.0,2024-04-29
5e197acbca5dab3d937f0c9395de3167,2384.0,2024-04-29
5e19e583f28498138273458324c64065,5637.0,2024-04-27
5e1a9f95faa4e9bb0d8a199b70ce8878,2357.0,2024-04-27
5e2306c84f0b482335566507fc9a18da,4114.0,2024-04-26
5e29631c12bd3805e1722a25d742279a,3172.0,2024-04-29
5e306b853deffb94ab9f6f24ec623874,8639.0,2024-04-26
5e32d52dabd1a3181e0b3b3796e056b0,3192.0,2024-04-29
5e416db8e7a8bb3f1ff1bed8fa4ed75d,7610.0,2024-04-23
5e4236edc372faaada41e994cfb62a62,1287.0,2024-04-23
5e43186242dcdff8550055e917e30f33,12695.0,2024-04-27
5e431b0cf6ab3c6a0799b18d06b0108c,4600.0,2024-04-29
5e46455d0e94a5f87be11cf17406b288,12854.0,2024-04-29
5e4701fe0b7ba1afd69c33d5c8538fd1,4554.0,2024-04-27
5e52525409d3ca2ca6cf3ccd66aa0e66,5416.0,2024-04-28
5e545c3eb209ce489c32ff87024758ae,5715.0,2024-04-24
5e5666d3d83d1cbe8f5e91cb83e24a15,1785.0,2024-04-28
5e5778baf574e309417f2f8c4f8685c7,4415.0,2024-04-23
5e5781b6f0eb8fd5e29d8b3d2a54397c,6208.0,2024-04-28
5e58285068fd886c9cda7af4fed47dd9,11900.0,2024-04-28
5e58eecbf34ac4390ad03cc80bc45ec5,6513.0,2024-04-27
5e58ef22d5bba7dd5b60a3fdc41b6941,6063.0,2024-04-24
5e5b79b038929c91b306deb20f5805cf,8862.0,2024-04-24
5e655c9f20d565285553f90fa1a6ba7c,5246.0,2024-04-29
5e66618f4f85ab528dc9f6b60bdd7942,1254.0,2024-04-27
5e68abf3309b400022ac87da2911683d,3944.0,2024-04-23
5e6b6284c4180f424719865671ae57d9,1797.0,2024-04-27
5e6c66726722032f083230754b4aff65,7466.0,2024-04-29
5e6f57c0005feb2ca73bd1f44721e5ff,3526.0,2024-04-23
5e7240891aaaef31b10f63301ddec101,4028.0,2024-04-27
5e75e249759cd4855bee86d6441a4cdb,4168.0,2024-04-23
5e766d7eec912b79c9d9372ee9c428b4,3548.0,2024-04-27
5e76cba39e7a1f1fb21eca0218162385,1884.0,2024-04-27
5e7a15d6033ab57f51f006b68ed02b9e,7553.0,2024-04-26
5e7b29235c09bec5a26b740f4b2a7c24,8034.0,2024-04-28
5e7e0481b3cb8e3bde626152f7af931e,9044.0,2024-04-27
5e9014b0aa1659232f9e21a6b48d7ee2,1886.0,2024-04-26
5e907a79e0622f582bef22eb7c88f9ca,7942.0,2024-04-25
5e93035c51161d35ff159ade99a0aabc,5771.0,2024-04-29
5e9da64ed5819660e81893666c56254a,6915.0,2024-04-28
5ea2a8393f600e336347ccbe718fe2f3,2760.0,2024-04-23
5ea695ab9d30f9d2aaa05bda80b72e59,5163.0,2024-04-26
5eab40ef7e47f9e8e7d48accbae5b820,3406.0,2024-04-23
5eaccb7f87bce73881dc46826d9f1762,9473.0,2024-04-26
5eae7366d40e56d40160d63ed19c9ab3,1740.0,2024-04-24
5eb2bd6dddac59470847df5391b4e3cf,4826.0,2024-04-23
5eb98070785a647c0ef179ead5b64a9e,4989.0,2024-04-24
5ebe558312ddd8d41416ac0b17a85ebe,3571.0,2024-04-23
5ec0675e3c4f1e187ca39161b5993bf8,2996.0,2024-04-23
5ec4b712fd4c14a9770122db78cbc62b,8347.0,2024-04-23
5ec4d181e5b6393bc3d82b81b41f3a74,11256.0,2024-04-25
5ec5179ff7662e6dc0f01c66cf6dbdf5,5245.0,2024-04-24
5ec8586cfeba89f1606a06665a216736,4306.0,2024-04-26
5eca4d6eb8c169c2cd256984e75b0355,2593.0,2024-04-28
5ecd5dfda2194dad3fadb14fea4eba86,2872.0,2024-04-25
5ecf75c6fe457535e311fdffc78e5b2e,4062.0,2024-04-24
5ed3c5382f10a5e47286901561ed1874,2252.0,2024-04-29
5ee0722035a65e8afd7903a9eaf6a811,8116.0,2024-04-27
5ee8b4113451eeb8dcfac0848679d2c9,4275.0,2024-04-23
5ee8c3ab0be0ce010c2c510308343228,5779.0,2024-04-27
5eeea2e58382f514a80ec884c8fe077d,6548.0,2024-04-24
5efb2d57f14899037f8447338fde4b23,7845.0,2024-04-24
5efba638cd8265f91be9bc86fad1d51d,3307.0,2024-04-29
5f038c78c740ff5e15beff1818ae26e7,6795.0,2024-04-29
5f07e84ff9c6150181b09971d0716d39,4829.0,2024-04-25
5f087000a6014ba9f81418766f9412ff,5167.0,2024-04-26
5f09bbfb5e11e7f9393f4743aa3749ae,2334.0,2024-04-25
5f09cce9ca478b3db9f06b8ccaf27906,7212.0,2024-04-28
5f0da8626c521be433a622b3f8611748,5040.0,2024-04-26
5f0e11ffc14a2db5e5d27e04162ae91e,9315.0,2024-04-26
5f173db68aa845a20d29247d31fc0266,3692.0,2024-04-26
5f1a689934bd65990a03e5b697969756,3139.0,2024-04-26
5f1d378514088d383eb241f37983cc2b,1998.0,2024-04-23
5f1e1bd63505070f323204136b86bf55,3202.0,2024-04-26
5f217fd1830351d1b3fe23030c4eab76,6710.0,2024-04-27
5f23035426a05943f84ad9cc4955d097,3788.0,2024-04-25
5f24ada9d1d029735cf37394b4575bd6,5593.0,2024-04-28
5f264c82e85fa87e75d125a0beef70ea,3449.0,2024-04-25
5f277670b9613a596ec3fef5ee8ef279,4237.0,2024-04-28
5f28008f0d55f06cf9abc624be01e2ff,2419.0,2024-04-28
5f2b476f770b19d2eb3394b01c1d4afc,8389.0,2024-04-23
5f2c2d508aaadd2786840520c7137827,3950.0,2024-04-25
5f2dc28db9094de4568f66773e3c1d6f,2726.0,2024-04-27
5f2f808417cad50e11b0f3081c3a9078,4104.0,2024-04-29
5f2f9d7036e86f12eebc8716153f6bf1,6248.0,2024-04-27
5f33120b6697745e4a10214c4c01954c,7541.0,2024-04-24
5f35458c14677e625a7f8fdf2acf4362,3634.0,2024-04-29
5f370a213cd1ce875b2347ef020ff2d4,5875.0,2024-04-24
5f3d7c3791b4afd8f8441ea4b7ddfc80,4317.0,2024-04-23
5f414a816e6f15fc6858f19fb100a8c1,3119.0,2024-04-29
5f4799ab571cf63c4f27812192ceb877,3448.0,2024-04-27
5f4966f267db722d8808267d6e6fb08b,3281.0,2024-04-26
5f50a38b37bea0858ca5c59e97bc974d,5018.0,2024-04-24
5f5237701f13a0bd55d8374b24867fc4,4309.0,2024-04-23
5f52cecdada6c54010a8d5291a445267,3999.0,2024-04-29
5f5432d9c5a3fa98f31cd2858eb4c9fe,2425.0,2024-04-23
5f580880589166ed5fc47e037a8f194a,7289.0,2024-04-28
5f5d20ba22a87c0a459605e101de5276,6260.0,2024-04-26
5f69209a5a4147027395af12ccee8645,5977.0,2024-04-23
5f6ce543c9895da963b57767d6ffbaa8,2486.0,2024-04-26
5f6ee197859fbf12196f17c32e4ea3a7,6056.0,2024-04-27
5f7823955c59fb40c42dd45fad2e000f,3230.0,2024-04-24
5f79809b62a740402e36fdf6973542c1,10843.0,2024-04-26
5f7da576c2a85b8c53fbf9499b939edc,4762.0,2024-04-29
5f7eb8b05323cd882ddbd6710b33e862,15976.0,2024-04-29
5f804e6f1a2d318890699327c1e73210,4677.0,2024-04-26
5f828ca6f3a5cbf320671421fd393744,6972.0,2024-04-26
5f85f0b0b86420b42441467e007b49df,2129.0,2024-04-23
5f86205bb66762cfac450d53ee1af7c1,7969.0,2024-04-28
5f871f16f599a9b384f90085b44619af,2697.0,2024-04-29
5f8752513f0fce8aaf8587e2dae2d052,3103.0,2024-04-26
5f8ccb1926fe47103647bc6e8e01e7a1,5621.0,2024-04-27
5f8ff0645dda6a684611c043401610a1,5237.0,2024-04-25
5f90ea79e50445cb57517fe4b8d87bfe,7676.0,2024-04-26
5f94c2e130765327370f210f3b73eb6e,3735.0,2024-04-23
5f98876a0f6341b532bd8bfd025ae3c2,5371.0,2024-04-26
5f9cd7ccb46328dbeedf5ff62548fa00,6049.0,2024-04-28
5fa0c012dc00facacdc6a7324de3ca66,6510.0,2024-04-24
5fa119d28101a82a20bad4cfef6aa696,3521.0,2024-04-24
5fa192ff69377b6cfe1f31e9a57fcc6e,1454.0,2024-04-25
5fa9e00a02bce9809a72f96464046b3c,6129.0,2024-04-23
5fa9f0462533dd8985959789f4f7fcf4,3016.0,2024-04-29
5fad278d077446069d0bba378ff57c2c,2331.0,2024-04-23
5fae6a2621bb2907e0afbbdef5d514e7,7622.0,2024-04-25
5fbf9f6f4657e16d02bb675c8a0ef2e6,4023.0,2024-04-24
5fc851cee730a69f89079c4e4d113520,6000.0,2024-04-29
5fc8e03536d79bb14f74bfcbb42eb08f,7467.0,2024-04-24
5fcfa119eb1e9515d6b6af1f22864f96,10646.0,2024-04-23
5fd7dc74cb44dc1a046e66a9886c6186,6894.0,2024-04-24
5fd8b09a022f07b1a98c09b86f3d2b71,4360.0,2024-04-26
5fd8c27c7a7c684d896f5b6fcc9039c6,6291.0,2024-04-23
5fd9bc2fb16b7f1a0a78804464192d4e,12812.0,2024-04-25
5fdba061c063f55952b3bc06d477abf1,3618.0,2024-04-24
5fddfcc5551ed08cd8c490840cc30544,7160.0,2024-04-25
5fdeb60ad8df3141ee93ef4040d6252c,5036.0,2024-04-23
5fe05442e89862278fc3300a06406ad0,555.0,2024-04-29
5fe2265a08910e35f8d4a10a28edbe38,3735.0,2024-04-24
5feb965879199c52f5206dd6383c1d92,9251.0,2024-04-27
5feba9f45eb445b15a5d3e0c77289a39,9849.0,2024-04-28
5ff32bee208dfb85a9cfd0019412d343,7895.0,2024-04-28
5ff511fa5b591d84499ede0c37ae141c,6172.0,2024-04-23
5ff72424455da2d6b55487faac001ce3,3073.0,2024-04-28
5ff88243e3e6e61d13e1dec4ce853a86,12618.0,2024-04-23
5ffc1ad5675cde38d62040e4603b383b,1521.0,2024-04-27
6003ff6f65d74a65cbac4c9e07498210,6769.0,2024-04-28
600d341ecaa6f0a152ea8bf8b4e32de9,11028.0,2024-04-24
601e23a009d2899a1a5c49561dd1bae1,6328.0,2024-04-26
601f1647acb7b625832fbcdc3aec6c85,7167.0,2024-04-28
60252f6657f96e65cd14ee359ec0fbe5,7935.0,2024-04-28
602602dd03691cec2b1f7ef563824da9,3422.0,2024-04-28
6026d95208277e65a0d182d9453fdd91,3391.0,2024-04-23
60309bb0e084b93eb19eb337ea8ae384,2060.0,2024-04-27
6030a335bb6a9b7e7f6012ec038dfea2,6667.0,2024-04-29
60350eb9a1d9e42d20e166b947f207e4,3139.0,2024-04-28
6035ed24f25a3630abaecbe56e7ca4c7,3759.0,2024-04-29
6036409bf08850bf783ddf069a4a4e18,3124.0,2024-04-29
6038bcc9602b908966a28778d061efa7,2012.0,2024-04-23
6040c5ccdddd12bfd76ef6ebbd39dd97,7497.0,2024-04-23
60437c31b682ba3a90a901aba590ae55,6736.0,2024-04-26
6045639d29844cf92dda29095339a21b,9236.0,2024-04-27
604f4c17e9bb6ae70b898211a21c7ce5,5825.0,2024-04-26
6050afb93f10e5ba25586f95f94cb6d9,8982.0,2024-04-26
6052b58eb08d3c993cb58045840eafc6,5051.0,2024-04-24
605eef8ad477f0e384333305aa42ee94,7865.0,2024-04-25
605f5247e28d42537c70c0a09412e8a6,3181.0,2024-04-24
60610191a45fedcd0cd4ddf4e26c1e7f,8101.0,2024-04-24
60614d82fab7338c7b5b6157b278db64,5142.0,2024-04-26
6062c83bca76cfbb8b63d71ba14538a7,5592.0,2024-04-27
6062ecc0665eb031559ed518dc9536f2,4901.0,2024-04-29
60652f920721dd68748fa86143e390b2,5155.0,2024-04-25
6067554c43a5c8eeb957682d554d2aa9,4250.0,2024-04-28
6068635e3c90f22613071fc4c21503f5,7419.0,2024-04-23
60703cb1f0969188175f5b85f3e3f4eb,5651.0,2024-04-25
6070d03332b37ffdfa74166b1e05a09a,3007.0,2024-04-23
60731a0fd6e1739595a0435dac2eba2d,6751.0,2024-04-28
6075e836eb9c8952eedc663266600f13,6825.0,2024-04-24
607811d7dbbb87e21afa3d614f740216,6438.0,2024-04-25
6078ce9a7fbeeb356c87a6a7ef4b0aab,3928.0,2024-04-29
60797a4390e1335435d7490978ca959b,2927.0,2024-04-23
607adbe8544fb01c06f871e008bf35eb,2453.0,2024-04-25
607db2950f6867f88869e94cc5c178bf,5801.0,2024-04-26
6086cf48ff007324a2e083211e68999c,7864.0,2024-04-29
608720f34c5e3ee43da79f22e49984cd,5870.0,2024-04-27
6093864904cbe86134b53767835ad530,2541.0,2024-04-23
6096a967e6270f03578ab2e7499f3114,4547.0,2024-04-23
6099509edc3e359a8fccbd645f30be4c,3462.0,2024-04-24
60999f653d88260b13adbb1b5f3cdfea,11250.0,2024-04-24
60a333f98ba797d685f3936014272c3e,4250.0,2024-04-23
60abf7b961a3cb8cfb0f1443be10ce62,8830.0,2024-04-24
60b63237eddee5ed6371bd5e7127483d,6167.0,2024-04-23
60b8fc8c6f08208deed0d5230a0d94c2,5968.0,2024-04-28
60b9e5e7df9f79576a898494d1570a7a,7103.0,2024-04-24
60bd3be23a9e537d23b39b528efd7dc1,2679.0,2024-04-28
60bf76fd32f21e844ec6cac5ae8772ad,6018.0,2024-04-23
60c18dbcdeafe025b274c1f484365a71,8725.0,2024-04-25
60c328f5551763f680133f4500c1e400,1997.0,2024-04-26
60c6559fc28e115a010cb96fe6392bfa,7907.0,2024-04-29
60c9433825217d8a84c50ec27780be76,3957.0,2024-04-29
60c9f79364899942e815960fdfa97257,4502.0,2024-04-23
60cfc5adbc6247be128046dae68385eb,9295.0,2024-04-23
60d3e189f80ecc95374a62ee03440f0e,6726.0,2024-04-28
60d858028586423d51c24a814bf6db06,4322.0,2024-04-24
60dc6df726494aa7e8052292686d2451,6138.0,2024-04-25
60dcc5f7653c638fc551348cfb18a234,5596.0,2024-04-28
60e7132b2ef321920328ea07b9078c8e,6940.0,2024-04-26
60f29d4a6b426a4351c9287ddf604a07,5647.0,2024-04-27
60f4a0ded3081f7976ee4015e6483daa,6445.0,2024-04-28
60f7cc1e79f3d22056e9db1097bcf423,3763.0,2024-04-28
60f8c1fedc178be1b70f451b862b1971,7959.0,2024-04-29
60fa5b8dbabf4674be419360b993a672,8979.0,2024-04-26
60fd599d2a46a5b5ccd34d6bd82f64d9,11471.0,2024-04-23
60fee7de25c0f9593696e5b9921387e2,2588.0,2024-04-29
6100bf161ae1b2fa8fa395bd293e6db2,5368.0,2024-04-26
61043de809ce076ca132ab797de71e6f,8438.0,2024-04-26
61069ffbc3871fd928462db74138112b,7685.0,2024-04-23
610aa1e688dd24860568045fa2c7b42d,6324.0,2024-04-28
610adae0d8f80718f196ab86d0a0367f,8240.0,2024-04-24
610c3163df8bcc02bc9b944118846ded,2833.0,2024-04-27
6114464482a796d2294a50b0cc84a737,6248.0,2024-04-23
6119bc50f5364d2e1e5aacd87199879a,4763.0,2024-04-24
611e599a0845d76e723809f5451052c2,8537.0,2024-04-29
611ea600eb3ed1dcd2fa6cb7bfd3a6fd,3182.0,2024-04-23
61244a5ab86245cd2046f6354386b308,6253.0,2024-04-26
61322f171cce54672178ee4ff98db803,6385.0,2024-04-25
6138ebdad729b50005b4260cf77b5484,6902.0,2024-04-27
613e13f074be96267e41cbe8abcc46bc,2539.0,2024-04-23
6147c328ee0f79367d1deb4d2a09d49f,958.0,2024-04-25
6147c9a6068bceb243a63b87b099969f,5731.0,2024-04-26
614a4dea992bcade5feb4540f66cfe89,5357.0,2024-04-23
61518b40eb9491477dc582f02de47428,2593.0,2024-04-24
6151b06fe4cb10ccd0ff630b5ec6f141,4856.0,2024-04-25
6156369f186c8f97a6273443c8ab4b7b,1650.0,2024-04-27
6156a5ba1b49a228c05e95e3ce36bb7e,4718.0,2024-04-26
6156a6d5c008dcdfb43d80441afe73ed,6434.0,2024-04-24
61594b8880f7d8a7ade794e2fc96ea28,3396.0,2024-04-28
615ca9a39be3b82aeb3de23eb1db2030,2442.0,2024-04-25
61659cc521f640d6e7bd072f4b55bcb0,5265.0,2024-04-29
616c08dbc4b474b6bf55480c3f8e9660,6855.0,2024-04-28
616cd207a4b45d47f40cd3d53a5c497b,18107.0,2024-04-25
616ff257bb302422d737b935a385e69f,4823.0,2024-04-29
617ae2bbdd83d66dac339a93fcd4b895,5017.0,2024-04-25
61831e177f34c96d24db2cb208ca358a,3550.0,2024-04-25
61874961e26594905f400f12ae48bf8b,6636.0,2024-04-28
618c544c7280a10838da85509eb490c1,9730.0,2024-04-24
619aca8bda205a94f3a0ff705a6b8b9d,7393.0,2024-04-28
619cd08aa7a56eb81a59d65e98cacac6,6959.0,2024-04-25
61a15854f6e8c308031dcdaf3dae4df8,4128.0,2024-04-24
61aaad6998dbfbdceac079b2adca344c,4700.0,2024-04-26
61acec62d5ad1bce96e9a2c1d372016b,4791.0,2024-04-28
61b9f8e957980c8ce32a76aaf7a4d083,3947.0,2024-04-24
61c549eb2a5f5c4c22ed8f6572989941,6443.0,2024-04-24
61c951b8a0a9ad9ba909b32b7b804819,7251.0,2024-04-27
61cdf0d0aff71c4d52172801dd9bc48a,8202.0,2024-04-25
61d0bf15aa4bc0ec79e08bc62e22594e,3714.0,2024-04-29
61d73a65b0289992a816018de45b6f19,5705.0,2024-04-25
61da909dfaf44d99456068d658394a5b,4555.0,2024-04-29
61e3a2c594bfed1fd19eb9904ee89557,7632.0,2024-04-24
61e56c7e8b58ac8365dc80d8ac17a99d,4354.0,2024-04-29
61e865a61b42aff63330b1e4ea220fee,7455.0,2024-04-28
61fd7a377c0828c44edd0049fec7031d,5189.0,2024-04-29
61ff31a79a46a73695987aa9b858b5c8,1590.0,2024-04-23
6200447f3a68469f01f42967a8ba08e4,3182.0,2024-04-29
6203f20a56a100e621849ec1e380c7d9,7251.0,2024-04-24
62066dc1e74a6596d907a32cfec5ed1d,3327.0,2024-04-27
6207d733921caea1921b9a04a69e4b7b,6840.0,2024-04-27
620c55d5aa016d51eb50179ca4d04232,3083.0,2024-04-28
620ca3a34f6248a663d2063749e4508b,3042.0,2024-04-24
620d79e400ee3f090b03a4f683f5b656,4482.0,2024-04-28
620fbbb84c99cd9cbd53cd83a74c9e15,1304.0,2024-04-26
6211482aa24a3e260d4d2b75ddb9c1f9,2972.0,2024-04-28
621192ada3075523e7bc26ab68797011,1016.0,2024-04-25
6215eabba01e934dc713161aa174d297,872.0,2024-04-28
6218aea083723bba943ba28fefb2a70d,7705.0,2024-04-28
621aa883f3f8f7e137a5cfa1a3c520c5,3163.0,2024-04-29
621f30392d0d62d3bca46fab7db4ed41,12094.0,2024-04-28
62205073af0fd89ab621f32199cb2a63,6887.0,2024-04-28
6221f4b4ec7891b429d9f5f4dee4d832,6943.0,2024-04-27
62228d49ba36ea83a125667406d015a9,824.0,2024-04-25
6227f0b3636906fce1116896536bc192,7464.0,2024-04-27
622a67d25dfb9729e4518556b7c86df4,3080.0,2024-04-24
6242160821c1aac3d902765b0206389c,3893.0,2024-04-25
6242bc1ee513fe0ab9f46f68c0bb6809,4072.0,2024-04-28
62438640fa1ee55f3fd2827e87903540,5434.0,2024-04-27
6244f9c2d21d6c32a5e6dddac6b93a0c,4786.0,2024-04-23
62473fe178370c2559b4057e6e7f0705,4530.0,2024-04-28
624ba43b8e9ad2a327ecd990a3ed78af,5259.0,2024-04-27
624d2e4e47127c38cfeb619f2d765d70,2473.0,2024-04-28
624fb82c4ea7e5ee3ea80fc7eb7c91a9,4346.0,2024-04-24
6256b84a9910222b95f54e4cde073a6f,1365.0,2024-04-28
625ab0e476cf504ae07fe9a51ee2d87a,4463.0,2024-04-23
6262aabddbf6b985827749a9bad8e6ef,4901.0,2024-04-25
6262afa2a446faee630f3e0f93d5c037,4525.0,2024-04-25
6264354446b1bc472e23063232f1ff15,5093.0,2024-04-28
626814862ca3c786f94d4dcd80715be8,3405.0,2024-04-23
62690a11aa364d5f483cd4b4d01699ca,3519.0,2024-04-27
6269fe374ad3158818345e874fa3afd6,4744.0,2024-04-23
626c828b2ae1029e311643b7f57c818b,8834.0,2024-04-25
626f00db27efff5e1132d4ef4cf3e805,2240.0,2024-04-26
6277fc7c22aa5f70389b9a268c6468a7,1949.0,2024-04-25
6279e60f9f1a1039619f915c1e5fb74b,9476.0,2024-04-29
627f9d0b29af51545dd330ffa23271e9,1697.0,2024-04-28
62814d7a6908685803df51758c0b2114,8904.0,2024-04-28
62861067606643093ebe1434ffa19668,7143.0,2024-04-29
6289b0249ad420e4415bb1615c8837ac,7379.0,2024-04-26
628a2b3b9abe65b4fe882e7957b84af9,8894.0,2024-04-27
628b7d457f3e6fd89dc4613586f8b680,6232.0,2024-04-28
628f68801aed1b555960e67403c2f281,2142.0,2024-04-28
62901a6e080bba5289be73c54aa5f9ec,3733.0,2024-04-27
6290645ac7c0e3c98d7efc67f8cd9ac0,6667.0,2024-04-26
62918fab6487c3c72f036fe85f689e8c,9005.0,2024-04-27
629271a0ad97f3b3c8f709286cd6a53b,7280.0,2024-04-23
6292d921bf30d87b510c4a957919dfec,3309.0,2024-04-24
6293d11741cfc73a6b30e22899dd2a81,4284.0,2024-04-24
62957af493bf9f1f5d7178d14419b5ef,6047.0,2024-04-29
6296ee9612b0960e4f0a7eff9a3e4313,4024.0,2024-04-29
62976a4b9a9f08263fb34323a8512da1,5988.0,2024-04-27
6298e28f0e230d291d1139a8b19742c7,4045.0,2024-04-29
629c773a450b0baaf5a784cbfa43d61f,4915.0,2024-04-26
629f9acad44058805fac33d2f9993a7b,5055.0,2024-04-28
62a1b311fdd13ca634675dd6c9407c0f,5832.0,2024-04-25
62a3c2f2f6f3ca552618ce82ba064323,4690.0,2024-04-28
62aafe5ca1839caeffc47c6772b10929,6526.0,2024-04-26
62abf13d6406e653f53e7b76696ec7f1,13695.0,2024-04-23
62ac93f602b5e1f76c87cf4c9d057faa,9440.0,2024-04-23
62acab37df8efe1ede1403df969ed4f6,2103.0,2024-04-24
62ad502dfe02f87d0accae855ec604d5,3725.0,2024-04-23
62b51323d5cbbe6e4e5da191934c6e46,3702.0,2024-04-27
62b88a470a627d4bfb64d850ba6a5ff5,6687.0,2024-04-29
62ba712f9bbc8866e5b9298253bbe72f,3020.0,2024-04-28
62be2e1b9248d4d2e89b840cc3b5b7f1,11389.0,2024-04-27
62c131118b6134ab50f40fa55b4e959a,7280.0,2024-04-24
62c4abf27dfe515c0954f365896f7cd5,6714.0,2024-04-28
62d4e9056a501a35d2c1cdbcc9940c92,4196.0,2024-04-27
62d9e5bdead76134302394322ebfc590,902.0,2024-04-28
62db710edf68fc3ed94ae45e58ebbaec,4448.0,2024-04-29
62df4489bc7e0713366a662ff28dac45,3378.0,2024-04-23
62e4e4bbe512ebf487d2da61bab9498b,5178.0,2024-04-27
62e6ecf9e94920e7a42d254b4a0fe1fc,4394.0,2024-04-25
62e7582d8fbaf9afb59350dcc61bb61f,7817.0,2024-04-23
62e79a25ab51038189704f6969b4e1d9,2862.0,2024-04-27
62ea2af5a75e591f31987f21b6f177dc,1867.0,2024-04-25
62eef76e7a1a537a48d126f110331f72,6198.0,2024-04-29
62f2a468144bd067b8ef8033c100c68b,6100.0,2024-04-29
62f2b4d0672819c4abce1a9d505b43e0,1708.0,2024-04-29
62f8d65fa9f47481b5dde4e0194923f1,5713.0,2024-04-29
62f9dbea6c443b54295eaf8399a03752,3770.0,2024-04-23
6307f99ad8bc90d6156f7da182c77aea,4868.0,2024-04-25
6309977e730cc8fd823fcf4aac851ff5,3524.0,2024-04-23
630affcfa13a5d84fb76043f5ca626f4,5849.0,2024-04-24
630f328432b45fa75a8199bd5f39ec87,3597.0,2024-04-24
6313d2fd35e52595733f29fedf62cc90,4236.0,2024-04-23
6317183658fd9828907e2b745627e7c8,7430.0,2024-04-26
63265c9953a71f6f57b2924985eb6db1,1860.0,2024-04-29
632ec3926ff902272ebc8848e580ff4c,2658.0,2024-04-23
632f46e06cd7073b74f8912aadee146d,7600.0,2024-04-29
6330cb2fefafe5d4ce1eada41bd23375,1651.0,2024-04-24
633575cb7791e8c85b8bd67aa02236f4,6416.0,2024-04-23
633b67e96e2e43fe4384e76d7d1fb9cf,4006.0,2024-04-26
6340f266184d8c3fc81036481536fdf5,8182.0,2024-04-27
634114964ae25d2edb4e7e4f08e5e834,10184.0,2024-04-26
63429bc2104a1c79666e4db96263e5f9,1618.0,2024-04-27
6345e10a85f87f6ed10381d457e09a34,5153.0,2024-04-26
63468e53f0c568f564af5df0a265a3d3,8804.0,2024-04-24
6352d612b6a5b07b13ab4ba5e90caa37,4941.0,2024-04-26
635407cf120a5be5a3deb1eb2ce1e7d2,2769.0,2024-04-24
63573b2c6d2ab268ab817b8f228ae457,4635.0,2024-04-24
635acc68eb01551c60d089ddf9d3cbcb,2952.0,2024-04-24
636468963a9a57bb446d3e5fcfb49f69,3323.0,2024-04-26
63666f478f600d70d236597bc9f6f78f,4608.0,2024-04-29
63671fa05ae62caed0bf5cf7dc16a707,7202.0,2024-04-27
63696c1a199f49b87637a617e552fd38,7020.0,2024-04-29
636a70d2879666426ed9de583453f028,10210.0,2024-04-29
636b6c863ef759bf2180f0b6230478ac,8307.0,2024-04-27
636d739066a216b79eee43e6aa3642cd,2294.0,2024-04-29
636fcb0d476dbe0424bd366154add45a,4090.0,2024-04-27
637e22660ad7daf59ba81c82b23b5147,5305.0,2024-04-28
63842d6022dbc81eef1d1355eab373d3,4990.0,2024-04-23
63849ef5902eb17e707267673c38468f,4392.0,2024-04-28
63879da4130f65c4e73a13635686dae1,13413.0,2024-04-24
638a13169f2f20076e738794cbc18867,6120.0,2024-04-26
638b2e12ccf061c9d28d9db5d18bb00b,5708.0,2024-04-23
638f2b40462819322012fb0ebe61aa59,5212.0,2024-04-24
6392e5426846ebaeaba204efe5ea49c3,8699.0,2024-04-23
63954f85844a690e00101960d24e7a40,5618.0,2024-04-27
63972ebf7281d40f1b026cc2b0110ec0,6800.0,2024-04-26
639c87771284906d81098fb4d87d3c89,6266.0,2024-04-27
639ecbced0ac7612591e87e8772d9d4a,3769.0,2024-04-25
63a1fa79f494eb3ec2d3f7e763564cac,4639.0,2024-04-25
63a2873eaa249b94a412d4bf4bd9b625,2965.0,2024-04-27
63a3b9e303617070b995cf831a8c3eea,4009.0,2024-04-25
63a84eaff546a45418ef528d60c68ccb,3840.0,2024-04-27
63afec623a5c01170dc85f9c651d782d,2734.0,2024-04-25
63b73bb23e51d5e9b1450ee29d5fd665,3162.0,2024-04-29
63b8a5cc2287e5b8d7717732566f4dad,7053.0,2024-04-29
63b900cb90e8243cf697e94c3745674d,5353.0,2024-04-26
63bc1c0865a7f74dd6c50d175011cb97,5071.0,2024-04-26
63c0925577f0c03a701ddc11a4003ac9,4647.0,2024-04-25
63c1f4e0db988f176714b0a6fa41a76f,3633.0,2024-04-26
63c4c6ac1fdc6605b7175040c53f59ae,1184.0,2024-04-23
63c4fb0b5571c330f77b16992653d640,7374.0,2024-04-29
63c86a8cea7906632bd061d5e4c35e38,6794.0,2024-04-25
63c98ad92119dcd378cc3762d4447064,13239.0,2024-04-28
63cd392625a295d622827e9511534ae9,7217.0,2024-04-27
63cd85bfd9496003efc9cd39fe7c3fbb,8399.0,2024-04-28
63cef2493fcda73df5a145f62db4a298,8268.0,2024-04-27
63cef466ca1d784eacd5bb618fa63a48,6139.0,2024-04-26
63d24514506107fa68e16ced0090f43f,4308.0,2024-04-23
63d74bfb36767e6c55ab4a19dc168e42,4129.0,2024-04-29
63deba36108fe9b02e2b5df09283ebf2,4806.0,2024-04-28
63def55bc838a658aad8b3be410f575d,3045.0,2024-04-27
63e276abee2190b237c8a65680d53517,4595.0,2024-04-25
63e4bc8ac876830204168a7df5954216,7525.0,2024-04-24
63e64ae67425a37461a7a6f4cf7d3c0f,9584.0,2024-04-28
63e65a8018557a40b3aea9dc9e668299,6063.0,2024-04-26
63e9b3a780174ae359191833bd0ce566,9045.0,2024-04-29
63ea04ed0e0fcb0376f1096e9ac56ff2,13035.0,2024-04-29
63ea8efa25ffe04753532000d47e2601,3424.0,2024-04-26
63f0dc88c363a6dfa92341cb04ea5590,4759.0,2024-04-25
63f44fc216dcd7b8495e959a017f53a9,3071.0,2024-04-25
63fb930cbe4c9eb8270b34952ab2cd80,2610.0,2024-04-28
63fe77f1d8783fcc2b124815464f6f7a,4238.0,2024-04-27
63fe90d1ff51d3f1c44f0139bc4c4514,11048.0,2024-04-27
6404114dc11fb9b161da9d819f0aa62c,5233.0,2024-04-26
6404c493b643538917f1345c93a68af1,5722.0,2024-04-28
64069a7317698d11b4a6b33c92bb8d4e,3925.0,2024-04-25
64069fef7d97adb4a350fdba4e5dd60c,6860.0,2024-04-23
64070670cc2892d61c0e123cc5930cc0,5456.0,2024-04-25
6407acba901cb3eaf17273830f2c8f2d,4743.0,2024-04-24
6410a7ade4a72625c6e5722d83189fe4,7362.0,2024-04-24
6415a46d62e1a7040612f54dd8319eac,2975.0,2024-04-23
641a3a5af1da679114a9560169902a35,5328.0,2024-04-28
641a71a1a4fdcc943eb4fdb4dad59645,4476.0,2024-04-27
641d588e2ef7f5a4772d317ccd4d6bfa,4219.0,2024-04-28
641ec9cefc4183b7ea9444c8024aef74,4794.0,2024-04-25
64219223e898f277473c2dc4cc713a07,2502.0,2024-04-25
6422b7d8c83ce7c2fb46ad9712ae2121,7937.0,2024-04-28
642487d1a2de090607236e2642e7b89f,8061.0,2024-04-26
64288a8947aa50ccacbadef7a09ac284,4486.0,2024-04-26
6429129e09d94c0dcdd702e10a8771a8,5126.0,2024-04-27
642ee5606eeca33824193fd89cc56e1e,4742.0,2024-04-24
6430fbaaa0d0f27e0c382f5dfeb91fb2,3666.0,2024-04-26
64315e023a88b3888f6710ddedfbb296,6831.0,2024-04-27
64399c303bdd8f4a1233e296e2e4f937,13023.0,2024-04-25
643ac7b58733007b50ed1625efe8e536,3377.0,2024-04-28
64421ee0bb75b1fecc90f1162f1cd39f,11383.0,2024-04-26
64423a88b55fab4fa16bdff1b82817be,5017.0,2024-04-27
6443f9b9f4b0aff890b52601bec3f305,3026.0,2024-04-29
64441ea3b9bd6314aa255a0f9f6145de,2988.0,2024-04-29
64463faa78f501790abf564ada4281ec,5947.0,2024-04-27
6446df00bbc35fd0d8d45dae2e8e35ef,8839.0,2024-04-25
64477e2b975edf33bb83009f0b0467ec,7268.0,2024-04-26
644945558aa4c3e4572f9f22e35915d1,4322.0,2024-04-27
644ae8b7cde66eaf980569d488779504,2929.0,2024-04-26
644bb477fc498290225397c568d9bcee,6634.0,2024-04-25
644bc79de28df7a545bcffce9a031cb2,5970.0,2024-04-24
64515c5c94c25d49d19bc57ac7b37955,4404.0,2024-04-26
6454b045c11d801501e830af93706d08,3098.0,2024-04-24
64630733a116589a6a52cba5409b7804,3873.0,2024-04-24
6463074897517129921079ee415b8b53,7541.0,2024-04-28
64639694edc4239c245837a374848ee4,1899.0,2024-04-24
646586844cfa778f983d08101b744c3f,5449.0,2024-04-26
647496d92fa0d258112fa9f374729075,3332.0,2024-04-25
647b06a814a28914d631de40b0687584,6031.0,2024-04-29
64811d6b045ea144b9eee948af5ffb98,9568.0,2024-04-27
64815b378f79a316d90a700ed39fab78,7705.0,2024-04-24
648652e160c64338b1602ea4e3688c62,3927.0,2024-04-26
648821dee95c52775feb93e30266d95f,2743.0,2024-04-29
648b7d5b9a660d305f0a5ea44e6af7fd,8938.0,2024-04-27
649127ddd0b06ad86d9b18e17bdc3eb7,8251.0,2024-04-29
6491d4550ff489a70eb3fae6d6f73744,6194.0,2024-04-26
649b19cd32ddeab222aa14f2f60e0636,4927.0,2024-04-23
64a24130e1185b792cb19cfae4b72e6a,5094.0,2024-04-28
64a399f4c96e09e9791665e5d394928a,6259.0,2024-04-26
64a688aaa582d8788fc00fbcd4050e1d,9880.0,2024-04-23
64aa1b714ab6355e71f061f146323936,7459.0,2024-04-29
64aa4829575ea0f84f22b2a8999712d0,3219.0,2024-04-28
64aa89264752890bc802e84a8b705f78,11248.0,2024-04-28
64ac3ef1a9dee3af7928fd662c5a2031,4819.0,2024-04-27
64b3b9ebf699fed2d7c81334f2a734e7,3844.0,2024-04-26
64b953f8ffd75e9d35e31d2c28243c41,6861.0,2024-04-23
64be9bcbc45d80078e1e6e7af8cb74cd,4039.0,2024-04-25
64c2a95fba5e8227054220d3d160ddc2,7274.0,2024-04-27
64c6470d37e1e6f767cb3d7e0853042f,5718.0,2024-04-25
64c9a6ee46f0d8601b47befb68620ea0,3084.0,2024-04-24
64cbe32604767147013321979bbc9aca,2314.0,2024-04-28
64cddc7a26f9ced2ca67ce014534f5ed,1265.0,2024-04-29
64d07737a0288ec75f4ff45d4791fdc9,3796.0,2024-04-28
64d58437530a1b6b8edd0c95335360aa,5113.0,2024-04-25
64d734cbf5c87cece4d017c338cb5104,5380.0,2024-04-26
64d7ee7387c3ab4f2112e8da7a4b0f47,1694.0,2024-04-29
64dfa89d9a25277684f8adf5dc61ee97,2925.0,2024-04-25
64e160f30ebc86e9afd42af6b2ea89c5,1190.0,2024-04-27
64e371727251a4af90510f8b836dbd51,5306.0,2024-04-26
64e73832b37fa4df6d10a2ebbd2fa705,6507.0,2024-04-24
64e7a5d3d8a2f18c73c76bc2b730cfcd,4899.0,2024-04-26
64e8cfef0c92f54d91a3d0964d25fbe2,5212.0,2024-04-29
64ee81730d6604750ab6f6fccd1d2fba,4727.0,2024-04-23
64f2cf91ea18d7d9b489bd5c47d257eb,1589.0,2024-04-23
64fc6b3a965e75a4f975da31e7dc8af3,6647.0,2024-04-23
650298b2e7469126b34821c0d57a8214,6363.0,2024-04-23
6507771bd8bb4f6be50992cf51c091af,2923.0,2024-04-24
650793486e67c4ff7e076fa921767f65,2990.0,2024-04-28
650bbc8470fabff3ad27f833312fb92e,5888.0,2024-04-27
650c89e032ce9a8a00b60938380208f2,4336.0,2024-04-25
651109ebe8be8a093a72bc57fdd2c516,10605.0,2024-04-26
65112b033e3c17a89ad217cb841a6a55,4845.0,2024-04-25
6515251372563f73dae66093705dd1fd,6471.0,2024-04-26
65170d1df9b2df5b1030db7724b2de59,7917.0,2024-04-24
651cf0cb6b4f348facf96f61b4451665,12324.0,2024-04-29
651f8d2db64ac254a00a22223c7403c2,6236.0,2024-04-28
65238bf733ff2af5a5b764e18206e997,13513.0,2024-04-28
6523e57107d0cbdcab27a57a0f4772e0,1991.0,2024-04-26
652d0ba4d91d9c393bc8cb10c7439d0c,11568.0,2024-04-24
653c99947956f6b241751e3404eb7091,4813.0,2024-04-25
653cbbf0d5ac86f39254b3a990bdd697,4428.0,2024-04-24
653e70e1d4feacf4ede0ea99c4c9bb36,3811.0,2024-04-24
653fcbb8a5bab311684c39bfc1bb09d1,2821.0,2024-04-23
65448b614179929e78c68879784dfd59,7628.0,2024-04-24
654975cc62a4784e88370565552e5cf6,10496.0,2024-04-29
654b915957ffbb29ca1c645dd36bf494,2428.0,2024-04-26
654d19648f9a7079ddaef86ffdcd5bff,15714.0,2024-04-25
6552135ecbbdd8e9a261b08b0cb4dc8d,6249.0,2024-04-25
65525f0dd72d39d6945fe92e3ffb2772,2557.0,2024-04-25
6553553cfe7917668ee815c7e34a8941,4918.0,2024-04-26
655a1cf8ab49610d679bfc753a59e980,3980.0,2024-04-24
655ca38857aab8b276ec010a55b32c71,9302.0,2024-04-28
6564df3b582b2e29935ff9c4b93e2872,11702.0,2024-04-25
6568397c46e34e05486f8eae37cc0fdc,3339.0,2024-04-26
656a1b645f3946bc8ca361845f8ab505,6164.0,2024-04-24
656b88f2c43155be4009ad3f6043f463,8548.0,2024-04-28
656c043dfab4d1f75f0459a077b50657,2917.0,2024-04-26
656cd4867298ed2cd8b053e30e2fbfd8,7754.0,2024-04-26
656d5eeafbfab62d5dafa424936969eb,7415.0,2024-04-26
656da22ef37ba393b3cf40a4db50ffc5,6713.0,2024-04-23
6571d80a6c009dfef9efd703c58567de,5550.0,2024-04-27
657b5bd31ec0e3eb2bcf494d15989541,12154.0,2024-04-26
657d010e2e7a47e2a2754676dfa67d35,6850.0,2024-04-26
65815ea95cf2e087b21e1876c91d7f3c,3748.0,2024-04-24
6581e8a527236a2a8f645c478dd435d6,8048.0,2024-04-26
6589b9f6893a347d7d072b759305c2fe,4704.0,2024-04-29
658b435f485a7ad3657d632b280cafa9,7023.0,2024-04-27
658e6c7d5443a4a90cdf4b4945cac9ce,2656.0,2024-04-26
6591be2dba5d7d3aa768b6a1167b3721,10836.0,2024-04-28
6592494afd3f8cd6b0db634545771a5c,7642.0,2024-04-26
6596e27b30a17c9341f6bbab17020748,4571.0,2024-04-25
65a159975822bc4213db16c86f3b63d5,11237.0,2024-04-26
65a2459bc46cca3228742418ba2f7dbc,4441.0,2024-04-29
65ac7f1b24d3f74ecfaf8e5e272d2eb1,4559.0,2024-04-25
65b234545af77e458e9118221bbd4880,7097.0,2024-04-29
65b318fe608bada5a48e2e53596adb53,7339.0,2024-04-25
65b3c9a4a0f8dbad38abd2f921c1d9f4,4598.0,2024-04-25
65b446188f2354b2678a9f1bbcb8b9ef,1458.0,2024-04-27
65b5cf4d328dd7ce0624582edadbc1bf,4960.0,2024-04-23
65c0129edfc6cc57eb4faa390da9e8c2,6986.0,2024-04-29
65c1480683f7e3668945293197932dd9,3587.0,2024-04-28
65c1cc7ad580859dd508954a3f342d5b,7361.0,2024-04-27
65c4d50069f541c0c690e9ed0d481997,3879.0,2024-04-25
65cd1eed56e9cd95f806f20328962134,4507.0,2024-04-25
65d3f4c02e3824ddd6b4cb886084744d,5230.0,2024-04-24
65d8d36761064f8a690a94c35e3cdb0e,5179.0,2024-04-24
65dfc9d94419487c42a847f4b7eda8fc,2887.0,2024-04-23
65e39d699be7dc27b4faab8203fec40d,3828.0,2024-04-27
65ecd93c7541905e7638b99fd0ac137d,2945.0,2024-04-25
65ef05faaa2599a0ec054e651d9ff88a,8590.0,2024-04-24
65fc15ad2b6ff2d14740c731e3129055,3281.0,2024-04-26
65fd263d3ab51c700f9a098dcb36fce9,4491.0,2024-04-24
65ff135a53c61df9ef155f3cae31cd74,12340.0,2024-04-24
65ff57ea3d19fe43dae082aaa17da17a,1147.0,2024-04-25
65ffbddf3042287e3ff9c8525d3dfe34,8186.0,2024-04-23
66028b7e692c28f6e4e9175223a1dcea,7689.0,2024-04-29
660664e78bbccfd4bacef58fb1878561,3123.0,2024-04-24
66074dc3c7abf6e4e005369d167e7835,7755.0,2024-04-23
660d9bc2a53af79e24246f9cbcdb0b2e,3416.0,2024-04-25
661758ec60a99cae18446f6f53307111,6202.0,2024-04-27
6619bd78b09de3422f52f3eb5e939c43,2749.0,2024-04-29
661a4912d682d800d209061a0ebb61e1,9719.0,2024-04-27
661ed206081fd5c0dc8f7ed9682085f0,4054.0,2024-04-26
662144e65614b5150aa005345807d448,827.0,2024-04-29
6623cce3ad6367b0b67e42e19bbff24a,1385.0,2024-04-23
6627aa51406b9ec5e68737c534a0c2c8,2693.0,2024-04-24
66309acbd275482c253c44734e4ccee2,6902.0,2024-04-23
6630e745e6666fdce316c2c811f5fa31,14522.0,2024-04-23
663769c0cf5703b24f76771a5d0c344c,894.0,2024-04-29
66389ef2b371b3d7ba21b89ad1fdd6df,5989.0,2024-04-26
664230c63c27e31e9a353f2a01435154,5753.0,2024-04-24
66447594304518c881b5117b3de0664d,2821.0,2024-04-26
6648c5e39845155691068119e958e918,8672.0,2024-04-27
664d66f7a0771b8758158035216f8148,6732.0,2024-04-25
664e5c72f63f3993eb1fed442b44dcfb,5493.0,2024-04-28
66519776a36031d6e4d4a0d65c532503,7402.0,2024-04-28
66566440541cc5e8c2f7d85300327104,3240.0,2024-04-26
665830a873d3be5cb63eedfa01abdf96,7067.0,2024-04-29
665ce8e0befac9f13c4f829a208372a6,4220.0,2024-04-27
665fe77077497866143877a953d9901e,1600.0,2024-04-25
6661dd336d07d109c8c3001517e5b0a6,6293.0,2024-04-27
666279c4e965ff34cf9565e122b1febc,2316.0,2024-04-29
66690d32f34d00535ded2135a472d5e9,4275.0,2024-04-23
666b51ecbafda31e61b02e9fe50a15ad,5138.0,2024-04-27
666cc47d6e23f78e680713d21a0730d6,4380.0,2024-04-26
6671479aa239f4647e6b2ed292887e99,7441.0,2024-04-26
667a24af165d2768cf4e16f32667958a,9100.0,2024-04-27
667b79234490bf0a1e7b98e7c07490dd,5214.0,2024-04-25
667f750268ce77d7a9d05f4d703fa1d1,2130.0,2024-04-29
66829a7cd6da8e8cede7ab5db555dff2,7581.0,2024-04-26
66834295838df55dd626bf33f29fd02e,12972.0,2024-04-24
6687153e88ddb798e100013cb3f38906,7870.0,2024-04-29
66872caf10fdd4bb993f5a5b456ee9c2,4986.0,2024-04-24
668a57f1c7faaeade456e37d249b37b2,10643.0,2024-04-25
668f74b94bb8e250c222bbdc19df60d6,3707.0,2024-04-29
6690e5c8a56587a2338ccd10c22b4d28,4715.0,2024-04-27
66975174bc637399c9e9043aca893f6e,6062.0,2024-04-28
66a6be96c141ed9e773af53d2bf1182a,5891.0,2024-04-26
66a93cb5177c81335c7e239e1942a89b,7928.0,2024-04-26
66a97dd643ef6e7b60a57cb5e1399f84,4986.0,2024-04-23
66ac7eef321a98ce358d9e35493a5926,4130.0,2024-04-28
66b1ef327f014efe37f495e1edce6669,2077.0,2024-04-29
66b50460d17597d3d53b4a2981f09370,3349.0,2024-04-25
66b7a4d51ad4b7a97ab12329ee04d483,10970.0,2024-04-26
66b9d6d2bc6460b4b40fdcd5dc845407,3270.0,2024-04-25
66bc3c95dde9d712ce297223bef3eb69,1753.0,2024-04-23
66c16a1dcafa1cdd5e9f869b96f7b484,6762.0,2024-04-27
66c8edb1a784949694ed1cb5a14a7553,3629.0,2024-04-29
66cbf1f341b653aab4a83ed7cd75f03c,2270.0,2024-04-24
66ccf21e5476f6b1e4c0f91bb852d0bb,4131.0,2024-04-28
66ce4dd71551b1d3a5a8852226eeae17,4500.0,2024-04-23
66ced237e4d276c76e897df3a91ed638,3275.0,2024-04-28
66d4f5599228a75ca93eefd8099c126c,4416.0,2024-04-23
66da6cbfba34e8b093b1d9342ee60567,2919.0,2024-04-24
66dabfd55a91e117edb13668f29da6e7,4408.0,2024-04-23
66dc61b48cf4833f4aafd37e476d134c,4171.0,2024-04-23
66dcd0b21c9cefbf64c534033bc67234,7902.0,2024-04-23
66e0cf8d0e24b31bf4c5e0df9706e498,5270.0,2024-04-23
66e22664d3bfc7eb2620951c9310c6cb,12236.0,2024-04-24
66e2ab918d2adf9aa40f435719e94cac,6814.0,2024-04-25
66e31bef88f93bd6e9a67f1a504467ec,1583.0,2024-04-27
66ecf496dbcbba70882ee5b2df05a70d,3579.0,2024-04-29
66ee339dc4aa9bcafb25da9985ccb8b3,2956.0,2024-04-29
66eec0e30e174748d6eb5bcc8f8083b7,1328.0,2024-04-25
66f5a1cecfc117f237af2524139a0986,3790.0,2024-04-25
66f8db24cd0eddde8f17815660e2c566,10819.0,2024-04-26
66fa40a1fcd8aeca09b73f6acd9eb95e,5645.0,2024-04-26
66fdfae2def548ecedec0696c00b1327,3717.0,2024-04-28
66fe31b785c458f1a1437da02eb3f552,6103.0,2024-04-27
66ffae28b1a72db5980598040a09b8ef,3981.0,2024-04-28
670982b9e372708742338e0d097df0ed,1022.0,2024-04-23
670a2f2d5aac776edb5fdad3f09ff32b,5936.0,2024-04-24
670c956a6376a06f7a3e06f8f4331e8f,4588.0,2024-04-26
6717f451b236d250d1eb26c0cc1d95df,7330.0,2024-04-24
67262283f31cea6a4ac2ca095e6c0273,6136.0,2024-04-26
67279c8667d68ba1ad2eb404bdcdb3a7,7142.0,2024-04-25
672deedba9c9a52c4ec3f169693dd7ce,8194.0,2024-04-23
673269390c6b9a0253e15bc863a7d80d,8867.0,2024-04-28
67352361e8efbb06a6da18e52df13a9f,3450.0,2024-04-25
673be3c11b48c748635576a6b2fcb84a,6566.0,2024-04-27
673eca25ad59832ca68ed31191319d8a,5711.0,2024-04-24
673f4ed98ccd078c27e7f667d74c6a91,6392.0,2024-04-26
6741dc4d92a16a6028e01f46b9d1cee0,5865.0,2024-04-29
6745c3a1630443da0bbfd543db853bdf,6136.0,2024-04-24
674c3c7462f38ab71f06db5a309ae3a4,2249.0,2024-04-27
6752950a56ef73d4f49d4d719e30a1fc,5603.0,2024-04-27
6754fdfc8ad5af6b5829ee99883c957e,4659.0,2024-04-26
67590134d777e3a13680decff84d51fb,5699.0,2024-04-28
6759e3c00d6fbafc5a876d18cc0d4a47,4363.0,2024-04-25
675c8907c43a24f3075f6d595f2d1f86,4216.0,2024-04-26
675da3bf235e082e3b248dd3bd23a860,7270.0,2024-04-26
6762eabc87404f8e4ed22957ce418d6f,1682.0,2024-04-23
6765aefe3940d4fc74dd38232ffce04f,2944.0,2024-04-29
676748c04b589722cef95ceb48336748,10106.0,2024-04-26
676a4070da479b798857f84d9b20aa14,10030.0,2024-04-27
676f4b2a737b66d6416cf4b02ac3facf,7435.0,2024-04-29
67721f5f6f544ef2ee581217f7da15a1,6628.0,2024-04-28
67733809ad57e2cdf33dd3bb17e633c6,9534.0,2024-04-25
6779f926963989a0d6d217d17c5bd1fc,6491.0,2024-04-29
677cd329c603fa378087c3de378b8cad,6851.0,2024-04-27
677fd7f4fce1bb9e5602a85544ac7f9f,10260.0,2024-04-28
677fefb654c9fec84b0383433f82b45f,1277.0,2024-04-23
67825fd16131b9e965d85f82b67c159f,5889.0,2024-04-26
6783b49710ab66db14e7f1c55afad65b,7123.0,2024-04-26
6784e22958e6d8e8e78a9ae028be7e99,6918.0,2024-04-25
67876f5bde85b8fea5274468d57d2183,4143.0,2024-04-26
678d95c7d93fd8f69e586e90326e0cd0,3632.0,2024-04-27
6790cf2f5e8614df3b1c7e2399ad77d8,4399.0,2024-04-27
6791c2eaa64e21ac8bbbf941f3b6d137,6007.0,2024-04-26
67966eb6a8d804f984d2c7fb468e05d6,5986.0,2024-04-23
6798b47c63632971aa12137212bd7cc5,756.0,2024-04-23
679d6303361badb0cb0057e869cbadf4,1608.0,2024-04-24
67a055166797ce1dda8936b58a165f8d,2547.0,2024-04-27
67a185758905ac1a5d0ebeb3972a285d,5208.0,2024-04-29
67a2247d2f7f9f5185bf495aba70ce7f,10750.0,2024-04-24
67a309421eb21be7e1ac0260b528fc7c,6727.0,2024-04-24
67a32563555491ba2b4f4938bf4d8d54,6011.0,2024-04-27
67a3edf1457a2e29021619bf513e1aea,2424.0,2024-04-27
67a5f36863dd51c26d701f362648279c,11918.0,2024-04-23
67a6a2b1650d989bb49d83ad99287c32,8102.0,2024-04-24
67afcc8333456340586afdf03c95b270,5287.0,2024-04-27
67b3510844c3289cfac526e7125814bb,2258.0,2024-04-26
67b8680f222d50816c36e36c7d08532d,4099.0,2024-04-28
67c24af6920aaf705e636719844050e6,6028.0,2024-04-26
67c3d1235ad8226f07be2ff01bb757fa,4355.0,2024-04-24
67c62fe15fa318b346850c3ea6c95a48,2149.0,2024-04-29
67c9374021040998a9ccbf663881ee7d,5325.0,2024-04-26
67cbae17d0c898f4da862026155ff3c6,7186.0,2024-04-29
67d3762e826d2ab2a699947e762a0739,1575.0,2024-04-23
67d3b29c2e4ec28442a34164f8e25a21,3974.0,2024-04-26
67d912392dff78461c0d7f23f1df9a92,4389.0,2024-04-27
67da767461ed704f0320f7b01eae3858,1539.0,2024-04-23
67dfa01bb3640ae3b61da3be7a109200,8978.0,2024-04-29
67e0ebd3fa88f3e2913f00c2b5506556,6587.0,2024-04-25
67e23f82fc4695b930ef843879e2c702,5224.0,2024-04-26
67e3ca6eb06d4c85392fbdc4e1987f14,4408.0,2024-04-25
67e7b8854fc53eddf15fbc6c9101cef6,3723.0,2024-04-25
67ead5957ee8b0311095f6b4c4228b7d,6189.0,2024-04-23
67ecb57f4596c7ec001f3ff0cd396c75,3101.0,2024-04-29
67f3638b1278987f18a6ffa06187a50f,5555.0,2024-04-29
67f61e143737a4d8ee379839ceeabecc,3982.0,2024-04-24
67fa13fc374791d556d3e22299f0ba02,9457.0,2024-04-28
67fdb0b91804afd2378262689b81350a,5858.0,2024-04-24
68015abded0c526e22a63a10d2ef0d1e,4703.0,2024-04-25
6801f5c38715273351046aa3f5f88df7,4114.0,2024-04-26
6802d071706a1eaa06be7ce0d26feed9,4239.0,2024-04-25
681645eee833b34ec253cfd8d1d0b227,8332.0,2024-04-25
681a0ff27b7d715d24db6cf4c96abf0c,6204.0,2024-04-25
681dd85fa11525cd85edefb39a15c88e,4048.0,2024-04-24
681f636c7a07cb1e07cb229a30b06631,3834.0,2024-04-23
682371af76ea42d502016a3156ab7e13,6491.0,2024-04-23
682a8547c6a84672140ab1527d254057,13863.0,2024-04-25
682c778e501599aef3b810e8f3646443,2592.0,2024-04-25
682dd82b1557c268b284c8dbcc1524a9,6203.0,2024-04-26
682ebcf1e9e990a056730e3debdfa963,4145.0,2024-04-29
683041bd1e57a7b03001892c22391911,6190.0,2024-04-27
683254243a38029dda15c22e9b789d00,5811.0,2024-04-27
683690d4965d9b2285d7ce086449573c,4798.0,2024-04-25
68380f55741b9c23ca4707da15ba92d5,4282.0,2024-04-28
683a94eca19dbdae0fff5df57471e492,2696.0,2024-04-24
68406adb5b86bb40c31f5f7a5f0a82a1,2352.0,2024-04-25
6845be31a8d0f8123821d88c321d3f30,5661.0,2024-04-26
684986bc90e7bbf050cb07b74b62339f,901.0,2024-04-25
684fc9e077d52a5a4a9f1c3d333ffb50,1362.0,2024-04-27
6853a8a25f183f52625fcead28b3eeed,9915.0,2024-04-29
6856284559fe8cfe1417b33173e7ee3b,4932.0,2024-04-24
685773ce5a2add1e289b4aab202a4ac3,7318.0,2024-04-26
6867f3a587636c4ad4bbe4c6cd75145a,8172.0,2024-04-23
68690c632366c115271f68914522cf45,19062.0,2024-04-25
686bbd2a70adc7b8abfd1bd956135b9c,5195.0,2024-04-28
686c2246c84f6297aaaa1c53669f9af7,7284.0,2024-04-25
686d411739a94988791af2cfe19f805c,2108.0,2024-04-28
686ff3ed3a823423e06059d41cddf282,8274.0,2024-04-29
6871ab05d6ac08a42a69b211797b1154,7748.0,2024-04-27
68727628423000b48bd15b237fba1f9c,9601.0,2024-04-27
687952eb4733cf2e6107910d08b42e46,5906.0,2024-04-23
687a2ac2fa222deb92131d097775017e,6291.0,2024-04-23
68863e0ccb4f281fa62f2916d69f8ff2,2197.0,2024-04-27
6889faef04752fcbc697082844ff90c2,8904.0,2024-04-26
688fcfd81bc05c77a53edd92e3e2585b,5907.0,2024-04-26
6892d5af9d7e314b87f3d7a990907cca,10436.0,2024-04-25
6895315845cbe8b78b8452ec77edbdbb,4199.0,2024-04-26
689a9e742618e32dff5f2a72b3dae5ad,6542.0,2024-04-25
689d478875cb7c6d7240ac78f99d15b1,2886.0,2024-04-29
68a4126c7e9853d9b20b278a4ff2ba60,5313.0,2024-04-29
68a7312a9b7daeb6d55c3b53f7243f3b,11882.0,2024-04-25
68a7c540442f4c7b6b33a60356bb4ff8,4563.0,2024-04-24
68a935c2191adf77811562fd49149504,5085.0,2024-04-25
68ad4d6c2c655f7f52cb22398ac8b688,6693.0,2024-04-26
68b34312794cffa8195939f2282194d8,10055.0,2024-04-23
68bd5ead3aa8dbc362ab1d2736e82b14,5016.0,2024-04-24
68be408a7a6e318eea4cfe7983e9fe07,5492.0,2024-04-23
68c0d03261054cf919d16ae3f155598d,5531.0,2024-04-24
68c1ec4ec740fd29674f4ed2223a15a5,1243.0,2024-04-24
68c7d4a4e10f2dba784564215559e687,6488.0,2024-04-24
68ca58ed54e38f7b06177e83d4e805b7,7958.0,2024-04-28
68cd2fa83353a83a55f33c549ec8a711,4069.0,2024-04-28
68cd7d8333b891fb3d98d32d414074e3,5989.0,2024-04-26
68d5e393c505edcf60941a31aba561c7,3051.0,2024-04-29
68de9e7308fe211bc2b554f2a1b15d55,7694.0,2024-04-25
68e8341496ff928eca53f8c02ea33526,6190.0,2024-04-25
68e98919542db1ccf6b165d1815f43fb,3361.0,2024-04-24
68eea255066b7f223edecb40ad3e9e13,6959.0,2024-04-27
68eef60f6fdfe2b832ac74e63fd32403,3539.0,2024-04-23
68f42f877c023c996b58110c2117a815,1891.0,2024-04-29
68f68da0cd10ae4fc28204b9eda715ff,7130.0,2024-04-27
68fb0aa9164610d04d7bd9b939335834,9029.0,2024-04-26
690002568116a769ff99b3f3abc16af2,3726.0,2024-04-26
6900a78d09b30e918e9199deb17eb652,11396.0,2024-04-29
6900dbfa4232b3c864a675daeeddc506,2720.0,2024-04-24
690509513d3f537416c430e96363f13d,5096.0,2024-04-26
6906d603fb70ee42887072f6a0cf9f54,6516.0,2024-04-26
691162004c87fada91314faa18332bb7,6944.0,2024-04-23
6911c0fdd6a0d902f96ba2905662d00b,9412.0,2024-04-29
691e98a21b7006abeed59a68bca2eeb0,3569.0,2024-04-28
69279bd8207fc2e787938dd28ec486bc,3077.0,2024-04-28
692b3539be6cbcba522c9eb91e176867,5772.0,2024-04-26
692e8d4f53d66d817b9ecf578c10f116,3081.0,2024-04-28
6935b2d4598d76b56333b2d5a4df7e49,5086.0,2024-04-26
6938185390ffab5f8a5c7d773e0cea9e,4556.0,2024-04-27
693e148eb1e7f29b705ad5833526e13e,5807.0,2024-04-23
693ee350e289c42f22ade05959bbeec6,2690.0,2024-04-29
694b6c5ae9fcd4ff01142e078f837302,4677.0,2024-04-27
694d9ac2997ae630558d2a2059af4053,3164.0,2024-04-24
694d9f1c4702d6a51124712325024db6,6609.0,2024-04-27
6953636e8bc5b5e1d312c7b6ceac4540,2427.0,2024-04-28
69545cf04b7c9d4da295f57ee90a99a8,5901.0,2024-04-26
69565a844b90989e5eecc29df734abb7,3213.0,2024-04-29
6959aa8e54bf65d487fa0aff204d07ea,6077.0,2024-04-27
6960ace797ffacfdf34b1b43ae547cd4,5215.0,2024-04-29
69642a54cfebac6370679b3f70e9dd96,9504.0,2024-04-25
69659a2a0dad34d19b1b3f508c16dcc8,4796.0,2024-04-26
6966c8dd74e0e2ad739ffd5ed618c3cb,5110.0,2024-04-25
69765f238b3b52b5edf4d60e41646f43,2205.0,2024-04-25
697bb1a2180891c622316ab52b983156,9680.0,2024-04-29
697c2e1b8e0298a6f370fde163437eab,8752.0,2024-04-29
69832d1d5763fe23a6a445bef07c7076,4830.0,2024-04-27
69845c1211958f525e9fa7d076c2a03a,6490.0,2024-04-25
6986ab0ed9a8abbc0bf08e913b0e3d0d,6601.0,2024-04-23
698a393c50100a0a4ec54d59043cd6e1,9872.0,2024-04-25
698a8b88888b4d69a5953474bdd51873,1316.0,2024-04-29
698ac9b7c108aaccbee7f6ddb67602e3,8173.0,2024-04-25
6991076dca9c0feea6307c12c0cda4d0,2798.0,2024-04-27
6996c9f6a6f70124f534bb77cf4fd572,1887.0,2024-04-29
6996feb3dc28498c2c999dbb1335210e,1630.0,2024-04-29
699a2cb1462f8c16c346378eeacdf445,8729.0,2024-04-25
699b36f414c73c31f4c5a353d9621bfb,5762.0,2024-04-25
699e7bc9f41386eadd3c83d8ce199826,1191.0,2024-04-23
69aaa36821cf61167ce86b7f94d71a64,2939.0,2024-04-23
69b1538a53301099619c979980a80a40,12061.0,2024-04-26
69b5db7adf93aa8e500c044ef82b1b38,2314.0,2024-04-29
69b7779455cb96ac754f181ab9a56c2f,2779.0,2024-04-29
69bc512757b3edf2db47e6f08477116e,5342.0,2024-04-29
69c11c463cdea27c6fd02fd9179af8c1,9898.0,2024-04-25
69cc440851871920ef0df676825d52c1,2550.0,2024-04-29
69cca63b3b85eae6eb0bd5fc90083072,10735.0,2024-04-27
69cd5f7b25af4b2b2d09d507914e940c,8801.0,2024-04-28
69d31a82284dfc7932e0f6f58e6334a8,3986.0,2024-04-26
69d3e90a9eace64e64d8d1f646f2bfd7,6516.0,2024-04-24
69d59bdee0c58686cd6bba51f93672d8,7352.0,2024-04-29
69d5b227b15cb5d1ab24af985d72fb84,1614.0,2024-04-28
69d9a37a300508a3a50e2e378899d2a1,7347.0,2024-04-25
69daa7bc82a6b1ea1ae90409fd22c5ab,3635.0,2024-04-25
69ddee0c4efaec1b9611a83b3c413666,3918.0,2024-04-24
69de1d0322bd1d137d165b2f09649c3b,9297.0,2024-04-28
69e0c4ec20645088cb7c82593d064d85,1709.0,2024-04-23
69e1235e34b5188645c58c8cd905f113,5360.0,2024-04-29
69e5420a3bb222d00dfd9278c175c586,5005.0,2024-04-26
69e6724f5deb6d800211fab7967dc9db,5873.0,2024-04-29
69e81951fe2bb74f04b0f4185c3413a7,9839.0,2024-04-27
69e9695a4b33dc85ec6d7610afa6910c,1962.0,2024-04-27
69ea4888a9237cba63b44f09677011c6,9729.0,2024-04-27
69eb4c27b78895abe330495d348047dd,11812.0,2024-04-23
69ebc845877f00ccb158b12ccd04687a,1936.0,2024-04-23
69ed33c22bdacd8b0f40fd669911f48d,5301.0,2024-04-29
69f905333dfbb026e3f0c7ac772cae73,7442.0,2024-04-28
69fd4cbe164cedf36bba71e67c95e05c,4755.0,2024-04-25
6a01c48034298f733eb7ef342e878447,3431.0,2024-04-28
6a026de5ea50915d6c7e2685e3ba9729,5994.0,2024-04-29
6a06569fa280eaf7816afa10a55bfd6d,6013.0,2024-04-29
6a08652c7a04da81274276532579ad1f,2265.0,2024-04-25
6a0ac9365e1a02b1075eeb7af8ee1421,5606.0,2024-04-23
6a1050d8b7c562c509692a6650a548b3,5846.0,2024-04-26
6a10705b196141829cf0f92b7e85b01d,4296.0,2024-04-25
6a187429811cf6767b23ff2ecfdb5b95,13141.0,2024-04-24
6a19e17eb9006d7decfffd796d8f419f,9596.0,2024-04-26
6a1e3ac6fc9652c311f422e38d0c7920,1903.0,2024-04-25
6a1f5ca87c576a200ec4f657e771d4c5,3144.0,2024-04-29
6a28982a514a9a1296a9407054e3c0a8,4740.0,2024-04-24
6a2905c7cc27b96354cd9690d70226b9,8780.0,2024-04-25
6a2a278958b4de111b22a77be53f774e,4174.0,2024-04-29
6a2cf029f6c1b52ae5364cfc1f586ded,3966.0,2024-04-24
6a2cf8035391345a73aa2cd9fe7fc6cf,2224.0,2024-04-26
6a33dac840268d7263011ef2772d8832,3814.0,2024-04-26
6a35685c32f161f99a3865da7492114f,5895.0,2024-04-27
6a3dc625d180e3b46add6544e3143c6c,8624.0,2024-04-29
6a3ebde45de6a3162b6265fbb1cda7e1,6701.0,2024-04-28
6a4057ca14455ae6b501fde3c9841eda,5025.0,2024-04-25
6a44932da07513e22a0e546a496190d9,1725.0,2024-04-29
6a48237ddf8f68de3eb50dff88a7032b,9112.0,2024-04-24
6a49131d588e7ea27308b7f35082efcc,3238.0,2024-04-28
6a4fdad7b4d67c266534bf3d2eba711b,6600.0,2024-04-27
6a53ef01503c9874e3ef90cb4dd73d6e,5348.0,2024-04-29
6a5414ac10f8acf09ff8063c54e65725,5591.0,2024-04-23
6a5578ce3e86c3db97d2a404ac7cdb61,3278.0,2024-04-24
6a571c13b3f70b77f8768549eb12a259,5510.0,2024-04-26
6a58d9b32d61cf32b40482d4bd15be31,3001.0,2024-04-23
6a59c9626962f3a2fdd9116f62212467,9206.0,2024-04-28
6a5d0a7306b3053461d33f452b0a6047,5800.0,2024-04-24
6a6584cb457625e7990f5fbb07c0fd9d,5305.0,2024-04-24
6a6d092c11c560548fe1e221ffa1c1a5,12037.0,2024-04-25
6a6fe2633e8cf667069890268911383f,5735.0,2024-04-24
6a762c0b8a68a02639c4cf9c52152185,3052.0,2024-04-28
6a7ce88382f23d2c1a60a958dfcb4cc6,3517.0,2024-04-24
6a850ef49ad4e31687820382b49a9ee4,7053.0,2024-04-24
6a8b3b56e9789dad20e12430012b0af0,4350.0,2024-04-25
6a91800d5e4ff5966d8c33695912cda7,4058.0,2024-04-25
6a91b13a9ff6fe8b6ecb13f8e168552c,6493.0,2024-04-27
6a9a45d6910caaaffdf083fd2840cb9e,2993.0,2024-04-28
6a9c96886d8ddf972e115828e0ffee2a,3720.0,2024-04-29
6aa0ae8a73aa50f4d8e20fadba300d4d,4247.0,2024-04-25
6aa7130c3ee878bf8c69c77408691f9e,7024.0,2024-04-29
6aad2a9a864bceb97899f2c2f49e06ea,5779.0,2024-04-26
6ab4b46b233e03c51363d474316633c3,4475.0,2024-04-29
6abc04e2411713ed5e712209034c5c72,2796.0,2024-04-26
6ac66444437a11d64e031c170dbd7257,4256.0,2024-04-27
6ac79b4dd9ce5289558b2fb9eb3f2ffa,6047.0,2024-04-28
6ac95deaac0ddea28847e32bc9f8f20d,3821.0,2024-04-27
6acd02fcc165e8a160f273a9f762b490,3416.0,2024-04-28
6acd3748b20eb452da75aee8c1e966c2,4596.0,2024-04-23
6ace05d72cf0b5a04d1710ede573f60d,4332.0,2024-04-27
6ad3376e3a25115cb3e362191a1a63da,2424.0,2024-04-28
6ad4f4a313af86585c8b7efe1a2e77c5,6151.0,2024-04-23
6ad5aaeb38c50c81b27d9306cd9516f1,10383.0,2024-04-28
6ad8bc02767579ed985e20e785d3fd47,9797.0,2024-04-23
6ada95bb28409b43bad7a7c4aea84a3e,7186.0,2024-04-25
6adcce04fa8f362dc87cea7a5073d523,3666.0,2024-04-25
6ae101e91e6e5ca843f1f3369c24aa96,4827.0,2024-04-29
6aedb17cb204b2b865268b5e5d2a8792,8119.0,2024-04-25
6aee7ee65457056511805fcd0a1fe93d,6886.0,2024-04-26
6af08ef5af865184123036636f3d979f,11147.0,2024-04-29
6af92d15f0191ab1f7c4e01471a31c65,4776.0,2024-04-27
6b0f8426caeaeec8e3a64ebb4f1bce23,6006.0,2024-04-25
6b12ca8aa34d1ae0297f38e02bab4631,2551.0,2024-04-29
6b14a60d69158bdb38846232b06788f5,4542.0,2024-04-24
6b18241786a0e77a96cd776bff24b50d,4107.0,2024-04-25
6b1c1083737168e8eadb488be35caaee,7848.0,2024-04-28
6b1cc445bb7a647077b066100623f702,6910.0,2024-04-29
6b20ff99efd8af6b03c8c79ab88c54cd,4213.0,2024-04-29
6b222b731f2c33c59bdf6845e21ea6ca,3799.0,2024-04-24
6b222cd0a3d81211d354d6d30612ae04,8274.0,2024-04-29
6b26c81de9103d36ddfa001f1036c03f,3624.0,2024-04-28
6b3db37907e253ee0e85673f55286bd8,2842.0,2024-04-29
6b4323565279ae32ae76574c35354776,2009.0,2024-04-24
6b4680660f438b34c4e44a54257fccd4,5427.0,2024-04-23
6b4b16020972cdadb1bb1ab8cf798508,4961.0,2024-04-25
6b4baa2e7def0a6a58df3984b26007f8,7093.0,2024-04-26
6b4de642a8eae025e7846736cd5c3ff2,10161.0,2024-04-28
6b4ec12503ee7dcdce378643eb76e0fb,4981.0,2024-04-23
6b561c32dcd0ef1802e821af0a510d45,8315.0,2024-04-29
6b6910baf3ea1fceee51652d58c231a3,1383.0,2024-04-29
6b6a4989e98ebea7ba2c6a35b99d5474,7277.0,2024-04-24
6b6f2519a649939645c66dc9dd8a48d6,5391.0,2024-04-23
6b709082734707ff6200e5990f3242cc,5209.0,2024-04-26
6b7259105c11ca87c37d86cc378f94a9,4845.0,2024-04-26
6b797aad9451ed5c3ce244f3d65f3214,8299.0,2024-04-29
6b79edcca79710d90855125d9ce56004,8418.0,2024-04-26
6b7a7de9b9405f5e112676cb4f6f234d,5242.0,2024-04-27
6b7c2431766f492709697232308a8b46,4379.0,2024-04-29
6b7d0d385efbe827041cf895c1b2ee1a,2914.0,2024-04-25
6b7e176cb2da99852010286c4e3f42ab,1695.0,2024-04-25
6b7e36e03b19f1256fe6b01f1913805e,8527.0,2024-04-24
6b849c090378ce4766cb5d8b3d72fe6b,4127.0,2024-04-28
6b8ffc4a1c59ce7afaf82c20d74bac2b,9745.0,2024-04-27
6b91cf960d144170e42811496e81258b,10193.0,2024-04-25
6b93d0c8081eb06e3b62373cade7d915,6705.0,2024-04-27
6b959ccc88b03d9fa7716017a4d7fe4a,6740.0,2024-04-26
6b959f46566610859307fc08cf2ed2de,7660.0,2024-04-29
6b96a84831d7a46fc8b73d33a8b5ca88,4248.0,2024-04-23
6b96ba2edf458400da008e96b7b7568b,7071.0,2024-04-25
6b9a47a02da7c35251797caf9f6d3869,4794.0,2024-04-26
6b9cbb723c282ad813b2df3fe28dd53b,7332.0,2024-04-24
6b9f7b2af10e0c6c1545b70452d1d870,3723.0,2024-04-25
6ba16baf5b6d515decefd785f9b29ce0,3278.0,2024-04-25
6ba3be56579e7be1e50341ee57cbc6bc,15456.0,2024-04-27
6ba61bc3306e6280667fe1a0e5033132,3047.0,2024-04-29
6ba634618f11ee66e2495398ee5dce09,7167.0,2024-04-28
6ba6e190751b43d78f04e6322f081d2a,2686.0,2024-04-26
6ba75a3bbd658e89887a958c0a95f731,5837.0,2024-04-23
6baa373e9c4db4af12263505c31cd10f,3517.0,2024-04-29
6bb71a4e916a40595299dda8a5a9adce,3296.0,2024-04-23
6bb8f91748d286ba343d9577dcf8f938,3729.0,2024-04-24
6bbeb52c9d54880b4bdb90c200581b3c,6698.0,2024-04-23
6bbf7ee5e259712093c7c660ad938336,7918.0,2024-04-26
6bc26148e24c887ada092d692aaa776e,1146.0,2024-04-25
6bc2bfcfe56035cd29bd760633a7e907,5505.0,2024-04-23
6bc2c96ba56334e46ee60afc751d8efb,9996.0,2024-04-23
6bc6aabda729ea4c5f4a445c1cd761c9,1015.0,2024-04-24
6bc916bceceff4afc0e15b9d1a5a3d1f,3210.0,2024-04-24
6bcbeb9453fca66a520df7e875aac57f,7798.0,2024-04-24
6bd06767f67676b6c32b8bfc54439c32,5775.0,2024-04-25
6bd515bcea987201acc8dec27b2a9e22,7009.0,2024-04-23
6bd545ff4c4e2cab7f67648de4c2d58e,6298.0,2024-04-24
6bd9c4982a3b52859b5d4730f04091e3,2212.0,2024-04-27
6bdb66854f81d36ebc0698fc4ea4f021,5697.0,2024-04-29
6bde43fe7f489ea15ef031c9961db1b1,3886.0,2024-04-26
6bde9d71a4eb9667a64a4320725aab1a,9153.0,2024-04-28
6be672bc6a435a690f44d39df10d2e30,890.0,2024-04-26
6bf35ca5bf3b84d5e5b378956063b49b,7895.0,2024-04-23
6bf5e61c8f9eaeffea3f93881d14695a,7249.0,2024-04-27
6bfc22f2a793d4cb3fcc25a4937af441,3617.0,2024-04-27
6c032cf2eaf438cb13bb9028f2b7f080,3330.0,2024-04-25
6c0423c766c3969ed4672fe0b38c1763,7533.0,2024-04-24
6c06a493f90314541a8c132b479d2373,5042.0,2024-04-29
6c071576a2d8b04b13b372d8d355ec90,8742.0,2024-04-26
6c0dbb0b3ecba3739c49a7dd4d8ad077,9232.0,2024-04-26
6c0e85f84c9e5b1d0a8dda53a78407c4,9006.0,2024-04-29
6c123946749c727a34a9db0df8f327cb,6954.0,2024-04-23
6c15ef873e62a49e89e6cf4644d6a7ea,2728.0,2024-04-24
6c18bea441789dca04d5ab69ce4b0ce8,3317.0,2024-04-24
6c1b237680a240eadcbd5d31830c27d5,2544.0,2024-04-24
6c1b52299c9d702f64e75de8eff6503a,8969.0,2024-04-23
6c1b5a71b9c2cfe23afce0b2fb371ef6,4040.0,2024-04-27
6c256a7b4a9c5c4298f4c70c9cd75bd5,2102.0,2024-04-26
6c2acb45ef00f938b60f18ba8f4710c9,2332.0,2024-04-27
6c2fc4153b7425f997e00a3809be3799,3088.0,2024-04-25
6c362241326a29a0ea39ca5f0ddfc804,8463.0,2024-04-26
6c3f6f01584cb18cf5578f4abc928d25,7892.0,2024-04-27
6c47b46603d068907eaabdb7f3db879b,2975.0,2024-04-28
6c4afc55d32091901c3d41dbded41f88,5093.0,2024-04-23
6c4cdd468fa8d2050b85c6741003e0dd,4170.0,2024-04-28
6c51ba0f12bf4006f43fe84cbbe8c2b3,5608.0,2024-04-29
6c59ad84f2fc676d974bbb19744added,8695.0,2024-04-28
6c5d7a7dbf91901a5f286a5aa6ed1391,5664.0,2024-04-26
6c66a4fbf47389d0f8b82f7fa334d7e5,8068.0,2024-04-26
6c6a60345391bcdd0ccf8b8bde73a5d0,6929.0,2024-04-28
6c6a8b7bdda0b45eb35cd6a935cecbb0,5210.0,2024-04-29
6c6adf5f0db78bdd48b14e9d0e493b4d,4825.0,2024-04-27
6c6d9678a35ee2cf17c1ae39067f8f52,1878.0,2024-04-25
6c75582ac317f1a2a5b09e58444f4a55,7872.0,2024-04-25
6c759e82ae4274bc9e2191ad29e0f394,5042.0,2024-04-28
6c7ca70c683bccc3a45082057a2fc664,7700.0,2024-04-28
6c7cc1e41d28fb52478afaa49545d40d,8480.0,2024-04-26
6c8156f47ccc60dff6862157a2a4178c,2492.0,2024-04-26
6c836caa7dd37e090a6c635296a5f9b7,5728.0,2024-04-27
6c8752e302dbed96ac582943963862b2,8176.0,2024-04-27
6c88a6ad1cccd4d69c8df5e391409321,7169.0,2024-04-24
6c8ad0726fb831ba2771885bc4d23596,2535.0,2024-04-29
6c9202fb0340561a69c19dbd25f80457,15327.0,2024-04-27
6c941a3c3e5d2922018f826a1edf1982,2486.0,2024-04-24
6c95b7a3bc0708a7d97d9ec3fd5f87ea,12223.0,2024-04-28
6ca4859be5ea22b843cadaf314127d0b,4911.0,2024-04-25
6cb257a1d34e9919a97e28d47b561af3,10081.0,2024-04-28
6cb59b043162542a97834e9336144f15,6622.0,2024-04-28
6cb5f1924d8216f8bc5fd2874da19b30,4409.0,2024-04-28
6cb930b58510b405be461e7ebc3a476e,1606.0,2024-04-27
6cbc13317ceeffcb9ca2c36338ef9d06,2711.0,2024-04-29
6cbea6476808f72282a6159ebf20dd65,9449.0,2024-04-25
6cbf4eceb71615c3dd67928d75d8b2ad,7330.0,2024-04-26
6cbf9c98065e3c8f6c81dc9277c66798,6304.0,2024-04-26
6cc45b7f1e0dd547ed66a96f9380ae1a,5944.0,2024-04-24
6cc9673d0fe454143312836a40d1d783,9670.0,2024-04-26
6cd2521ab9ac99f753740f0f387d85c4,4767.0,2024-04-27
6cd60c55ca6deb9278f6b3ff1a3e9dce,8324.0,2024-04-24
6cd69f3d4e79da53324bb30a0f429ea0,7926.0,2024-04-28
6cdd690118d4748e574ba81269b26fbf,3185.0,2024-04-24
6ce6060a60890662b72c3489ef5978d8,7411.0,2024-04-23
6ce7cc2533e821ac868bc9e376220f98,5476.0,2024-04-23
6ce90f9589f662040dc50309cd111486,8969.0,2024-04-26
6ce9108b66d78c7c7d0be6424ccc7a9e,2970.0,2024-04-28
6ceae27b0f4ed50285b628e46c341f80,7123.0,2024-04-28
6ceb2b378dc04090d02e057c17daa85e,2747.0,2024-04-29
6cef00419184a7e886c94e46d3ccacf2,2786.0,2024-04-24
6cf0169b4c729fe7c0841d2cd251198e,6924.0,2024-04-24
6cf0aa213912b7beaa57bddfd01b066d,8893.0,2024-04-28
6cf64f5031b24ffb07e602004a388f6e,2629.0,2024-04-26
6cfb4f374c49297e328075b7f0a0a29c,4336.0,2024-04-29
6cfb9d1c2477f2ebf4c0ae0932584307,4799.0,2024-04-23
6d074ce816717b6c3b104212615d09b3,2279.0,2024-04-23
6d0e16772aaa59290bb120d20e302b1e,6043.0,2024-04-28
6d0f36aba4ca076346d4c78fa888c8fe,4212.0,2024-04-26
6d13e66dbfe28bf4ea9b288ed29a26a7,6980.0,2024-04-25
6d14b3d048d95f7a60ef432d554d2af7,9527.0,2024-04-27
6d1952e4034db189d7602aa646afa9bc,5736.0,2024-04-29
6d1a61943f9c13d82aee405fad4d6891,4399.0,2024-04-24
6d1f05b2db193d16befb26e1c53e18c4,9939.0,2024-04-26
6d1fc9ca2c23e4a999fe50c93bde8fb8,4882.0,2024-04-23
6d230bb8117f5ab2282d4c09a454eccf,1171.0,2024-04-26
6d23c9c8ae1b0fbce39d05c296f44ce3,8511.0,2024-04-27
6d26538365d53fec4ef012eb270f0124,4289.0,2024-04-25
6d28c2a04c90a2f08786fc09e7aae06f,5947.0,2024-04-29
6d2e5fe33c94a1eaf03fca7003e9d2ac,4390.0,2024-04-25
6d2f76b010ba5ae5e90187df08a8c99b,3366.0,2024-04-29
6d35811c8ba5a7e7a913f4d10dd36a08,5715.0,2024-04-26
6d3b6e048ae4830c31b69cd72879e132,4310.0,2024-04-26
6d3bb3318f009b5aa10cb8d6a6e60566,10647.0,2024-04-26
6d3bea70f93c32d5be4b221aeb4f177f,2261.0,2024-04-25
6d3cf3641c86a939b462eb17fd11ab81,4586.0,2024-04-28
6d3d2059536a3eaa6fa781fabca29816,5447.0,2024-04-28
6d3ee946ee2fd6d21cb21250e0af372b,3988.0,2024-04-28
6d42032e5a82f5f3a87f19aeb722406a,1980.0,2024-04-26
6d4b4f1fc2379a406f20144c2a6eb9a7,6412.0,2024-04-23
6d4dce88db5951104541e6dacaa7a035,2222.0,2024-04-24
6d51d011b901f8480cb549e00ee6f536,2455.0,2024-04-26
6d53b794f2d587936dd7ed467376266e,10177.0,2024-04-25
6d5454ce1de194578999224465b1c505,5914.0,2024-04-28
6d58dfae542a2a416ee9a19313dd02b8,2133.0,2024-04-26
6d594086beb65483d18a0836839b57a1,7810.0,2024-04-27
6d5973df5c8a04fcf97da8046f444fbc,2001.0,2024-04-26
6d5a455f7268d9d5769969c5533ab9cb,4551.0,2024-04-25
6d5c885e686b65c691cff360f224c820,11358.0,2024-04-29
6d5c970aca579e3cc9c27ed018dc29a6,2660.0,2024-04-24
6d5d60e2c77557a076ae1c246e8bd744,3827.0,2024-04-24
6d5db28fbd72bda5e90e4e6fb7fa359a,8936.0,2024-04-26
6d5e85e71750ce5d2a702d9eadedc713,4713.0,2024-04-29
6d5e92ffafb6c90bb7ebbe0b269df318,7887.0,2024-04-25
6d6a42ee19d46e2c78c9760a7521ccc2,4340.0,2024-04-25
6d6a6f6ce71cf162e831ced44ee79989,1861.0,2024-04-27
6d6d3aa14fcba33ec69971ae153741b5,4650.0,2024-04-26
6d6df71f6513e73e82939fe605fe7c24,2524.0,2024-04-25
6d71e428f16fe47d1c2ffc9984e73de6,3650.0,2024-04-25
6d74f003405efd681f9a88861ed2195e,4695.0,2024-04-26
6d77c016ac656f11419153be91950568,7862.0,2024-04-29
6d7cefd7858eeb1db3a08de49d95af01,3481.0,2024-04-26
6d81d423ae7ad2ea40c061ce4b223214,9772.0,2024-04-28
6d8343a64f5cfa7be24bd8613bb7ce38,9603.0,2024-04-28
6d85ac51689b25cf8596b0980b439c19,2825.0,2024-04-25
6d878bd3045066d8ffe7560a8e1390b5,2406.0,2024-04-25
6d89a23bce65812e468d97df33b7e989,5631.0,2024-04-25
6d8e69307b2954a802eb9261b9bdbd6b,4434.0,2024-04-26
6d95cd563e4416b9245124cc0a0a8596,7871.0,2024-04-26
6d96035911c3e406373914175f77bb1f,6559.0,2024-04-25
6d99fb4cee49b31d3c5a0d15afb7fe31,5391.0,2024-04-26
6da187ad66a2166e363570c63f8950bf,6157.0,2024-04-24
6da359171f512eb1b2f82a7b71f0765f,5465.0,2024-04-27
6dac0c5bce4410c9abadfd21d9c7b858,4437.0,2024-04-23
6db0f3455c9433aaeaae1509fdea87e6,7348.0,2024-04-23
6db48f791b76498bfe01c245e422cbf4,7159.0,2024-04-27
6db4f7491ce9260f621d4387c1ba1968,2376.0,2024-04-23
6db5f19dc5de4356b82e8fd2019fe4bb,4956.0,2024-04-28
6db601e7640e66bbc49ce93420aec68c,6310.0,2024-04-26
6dbd29374cb9eb02dcb469c510e265d1,5329.0,2024-04-29
6dbf7650c124a712badad8105859e992,3649.0,2024-04-24
6dc08b109dc36763bf53a93e6fa729c4,9885.0,2024-04-24
6dc2dc3c7d3e72c0ef963fcb64803256,15701.0,2024-04-25
6dc7bf3bed2b90c98b5873771d40d92e,3773.0,2024-04-23
6dc84d1c8fbef14b7797fd463a089de4,2785.0,2024-04-26
6dc86c17f34618300a82ef891c9d690f,13823.0,2024-04-26
6dc9f0229436d23262532c9812118c89,9074.0,2024-04-28
6dcb7192b47c297e98561ecbf5b514a3,1001.0,2024-04-25
6dcbd437f60cf822844660cf44a552e2,7861.0,2024-04-28
6dd362fbd04dac4d74a78fda2464426c,8155.0,2024-04-27
6dd8c830477dcd43125f44fe1bd69384,5014.0,2024-04-27
6ddaf9f311b923d58db6e8de08579e8d,6488.0,2024-04-26
6dddf0267207e686a4ad3a592a257661,8049.0,2024-04-27
6ddf99d21fb43cfb4538f1318cb4cb24,9127.0,2024-04-23
6de08cd0c8dedafd28fd5ed0f5417a76,5050.0,2024-04-23
6de599fb513a5539ad99564f0e003b3d,9235.0,2024-04-25
6de62259efbf68d4ff0df6588d92fdce,9212.0,2024-04-25
6df1153fe5545d5cf060cc610b207a73,3279.0,2024-04-24
6df1940948b120a833e941fa4d21f839,4882.0,2024-04-28
6df640e80931e1773082445b36f4eae5,11125.0,2024-04-27
6df77fe7623dbe15281942d066fb5edd,3537.0,2024-04-28
6dfc3da3d11d37d0e9f88e8e91c2e3fd,4844.0,2024-04-24
6dffa915ad2d31db01edc42594cfdc18,9736.0,2024-04-28
6e039c003924fe21af811ec8ffec67a7,6965.0,2024-04-26
6e05bba1341246b98f4ac6f4c04c9c02,2978.0,2024-04-23
6e07231164acaf7e6dcce177bea2c163,2053.0,2024-04-25
6e07b579d5a23fa282f6928fe92f7149,5097.0,2024-04-24
6e081f593b4734a7e224ed029a50bb49,4699.0,2024-04-26
6e0cacace17c92e99bf09767209f13a1,12368.0,2024-04-28
6e1016eda8594b57a2234b9a93ac0227,9801.0,2024-04-26
6e10c934bc9f4779dfc93cce8b415b84,10832.0,2024-04-27
6e148d6eb4ae77825b65b00357b8c28f,5436.0,2024-04-29
6e18d3e1fea687407e71bc2ffbfed8ca,5886.0,2024-04-29
6e1d0abf337884aae63f977702d5c85c,13699.0,2024-04-27
6e24951ddbfd97060efc3d6c6e915413,5074.0,2024-04-25
6e25cf84faba57a4098f6e9c43d1431e,2736.0,2024-04-26
6e2fc6a33b76bc0c3c55e89c6d069e37,8830.0,2024-04-26
6e315924b8c1019835c8ee1c0259133c,6374.0,2024-04-28
6e3306f446d29b206b59bb6c1dd87633,5470.0,2024-04-25
6e35f400aafd5408cb378b0a7578a179,7080.0,2024-04-25
6e3fd5d5956f2d21ae90732beada6814,10093.0,2024-04-25
6e419c8d43f26335f16ae41306f69e42,5171.0,2024-04-23
6e432cd9e4cc25dce944ee60fb7e1381,4402.0,2024-04-24
6e4c0b55d7ec4f96945debcb5b035d7b,10127.0,2024-04-28
6e4ec19451c4f8024d36523c7d405cb8,4759.0,2024-04-27
6e50ce2457501116e241d0a672fed2d1,4488.0,2024-04-25
6e555bd5cc641085bd789cc2aacd8c24,4752.0,2024-04-29
6e573687300967fea2f9f3a3e59a56d5,6007.0,2024-04-27
6e583107f5e323d0e521928d3fec3278,3679.0,2024-04-27
6e621cbe08935792b424234716ffb819,5953.0,2024-04-23
6e66a9c38cb39de1c253967deba93f94,9209.0,2024-04-25
6e682f3d5b5725f4cc8be7c9d65c095f,5207.0,2024-04-28
6e68fd907fbe3248fe46971e9278b644,2886.0,2024-04-28
6e6d04ae154f63bffcfd77ba009d0325,4565.0,2024-04-26
6e6ddb92f79e6e120280fdfa89c5b3a8,6581.0,2024-04-23
6e6f3b5fcfd2db077e313aab98d4b0ef,3026.0,2024-04-29
6e70a1dc85c1d083d0b2e65cf91f63d7,5831.0,2024-04-27
6e7284479a8d26ac3087236f26619fc1,7542.0,2024-04-28
6e72c800f61dcaf96981f383178aa3e6,13480.0,2024-04-28
6e76f278e3a8756f356fa6b303948559,7941.0,2024-04-24
6e789163249cdd1dcbe66ddc7e48de6b,5704.0,2024-04-24
6e7a6549258b325e037417a3d91b77d7,3686.0,2024-04-28
6e7b0a14c1d053dd4637e0ee1d5736de,6387.0,2024-04-27
6e82ed09d61a17d5131fd3f747082508,7066.0,2024-04-25
6e891bb7a10864b8131bd981e1df3a07,9693.0,2024-04-27
6e8cb04b9e19e05b3ec61b75ce125bbe,7024.0,2024-04-25
6e94dce55381ef72c07eba47e2054391,4720.0,2024-04-24
6e982cae4093018d697c46c5bf59805c,2009.0,2024-04-27
6e9a3cf5728265b71524f71136b39110,4195.0,2024-04-26
6ea7ef5bcb460b1b71d242df8645dcdf,2976.0,2024-04-29
6ea9b137c5be8c37690b6155b5c2ecba,4235.0,2024-04-27
6eb0345477d48942dd429b8e6646c39a,6046.0,2024-04-24
6eb32164ecdd88630286e19370ed5638,4484.0,2024-04-26
6eb52355c57d83a6890c78444800092f,2633.0,2024-04-23
6eb543dece33f7fad0096de155700c08,13073.0,2024-04-23
6ebb25347fa9e9e10e4f1111de3a085f,4425.0,2024-04-29
6ebcccb2b88e2f8594b2a23ecf43e7fa,1332.0,2024-04-28
6ebeb4b84f333cccfe0c6e506745557e,4454.0,2024-04-27
6ebfe6d9ea94700ec2eaa5a55f442b64,5993.0,2024-04-29
6ec5466c3b927cf81f42e7c2ee453e58,3483.0,2024-04-23
6ec6ca0b2b982ce07561876f5166aaf7,1499.0,2024-04-27
6eca9927489721a888020ed24e98ad25,4976.0,2024-04-25
6ed0110218929d9c06a490820edeeba0,9007.0,2024-04-26
6ed3aa03769e1c2104b84b046db5c5fc,4127.0,2024-04-27
6edb31077e486afd99f5a5f9703d555d,4028.0,2024-04-29
6edcf8b458feb216da3be747e1c77cc8,7837.0,2024-04-28
6edf93c6ae74dacafd72cde92c4f3747,4912.0,2024-04-25
6ee23dbb3a1865c62f2daa8be5d568b4,5259.0,2024-04-29
6ee4b03a35ad9f3b154b333beb00705d,6013.0,2024-04-26
6ee5faf7598a37f415d5142d9d814622,11686.0,2024-04-27
6ee7c0e5f0938b999393448952a244fb,4110.0,2024-04-23
6ee7f9ff1cecc79fc9dc2a0e9d371534,2541.0,2024-04-26
6eec4e27e502fdff1b35408ab79da9e5,5114.0,2024-04-28
6ef187379e35825478bcd8a9ab1941d0,2357.0,2024-04-23
6ef53659cc2e084b8279804a4e95c6f9,7065.0,2024-04-26
6ef661d86d111a0801dc387c05cc99ae,6449.0,2024-04-24
6ef687adebfa7319a17b6bf0ee671015,4198.0,2024-04-27
6efbcb54f7e0aec685d9500f9dd6260f,4925.0,2024-04-24
6efede8784085e73eb5557fcadddfd13,11481.0,2024-04-24
6effa4db6661cedcc29fd66f3ab302e3,5506.0,2024-04-26
6f0885a1aba3d67fa15b119d111352bc,3477.0,2024-04-24
6f0cfef88be79bc0b36fcce6b00a3f91,3696.0,2024-04-27
6f0dbf78865f5895944775afd4f3b3dc,9935.0,2024-04-28
6f10d6c2fb780ad974e4650124548728,5167.0,2024-04-28
6f1121f8476ca375d1c473d1e91efda1,9786.0,2024-04-25
6f1305b16148f23666d19fcf977558a7,5868.0,2024-04-27
6f170af8e597224b6f4433f2e9e41fa5,6562.0,2024-04-29
6f18f48d6e028dc8fa5135985266b98f,7259.0,2024-04-24
6f1ad15e952e94c6a2aa473b3573c801,1555.0,2024-04-23
6f21ce1d9e0feb1253e5f395c78e5757,6684.0,2024-04-24
6f238f262ceb5bb2a81f6c26d9088032,3715.0,2024-04-28
6f2bbbc43154871be84f8f9117123d57,4120.0,2024-04-26
6f3409b8644f711a538e49b023f54544,5650.0,2024-04-24
6f3b8292ce368161adfc84261584b7ac,6312.0,2024-04-24
6f3f3fa5aa2482356e08a1cb248f9b08,3652.0,2024-04-28
6f48473f3a3665eccad0c5e9f75e42f3,9744.0,2024-04-26
6f49ceed042f52f97035fbc0aceb67f6,4546.0,2024-04-25
6f4a69ffa2b0cb5f07ab342962fd4da0,5583.0,2024-04-26
6f4af4a788a841f5a981ebc1a670ccf1,10664.0,2024-04-25
6f4b90f2d756ccf8d9798779eabd1f7e,3751.0,2024-04-27
6f4bd17bba570a6b38219d7fe616967f,2108.0,2024-04-25
6f4ed05c0ed41e4b94065a860363babd,6246.0,2024-04-23
6f5741209414e967b178188e769fe12c,2223.0,2024-04-29
6f58d31f38d0f2ee291542d74eb120dc,9947.0,2024-04-24
6f62d229f3306f8ed2773dba6d635dc2,6843.0,2024-04-28
6f65c519e26c10ee0411208e449f788a,5279.0,2024-04-28
6f6a829c8fb89f2cd637bcfe2c0d819a,5096.0,2024-04-27
6f6b5a34595399b211b43672f6576821,2522.0,2024-04-26
6f6c6f1cd590da0dfcb9681faa5df541,5085.0,2024-04-27
6f6d46ba252b7793ad209a2a14d66668,14653.0,2024-04-24
6f71070965e82ab20f840d48c843b228,7136.0,2024-04-26
6f7224f6df08ecb3c1b097b36789de6b,6504.0,2024-04-23
6f77f94f7962e082ec37c44ae096640a,1852.0,2024-04-27
6f7f5c5438ff41ceb9fc55ed02f48212,5892.0,2024-04-23
6f84eb3b8f59324a0be2a408644fa840,4539.0,2024-04-28
6f859c44139f157c010ad9eb86e34b43,3781.0,2024-04-23
6f8a18beb79202827f7ce3f46a5a542b,3329.0,2024-04-25
6f905a53b3c8cc4d463c76053845b243,8120.0,2024-04-23
6f92bda9a7c198ea732c6d4d5ac4b887,9938.0,2024-04-29
6f945e9450c76a2c94d69340d0e6f387,6986.0,2024-04-24
6f9475cc6a8a0ed6d98d7e82b3427c97,5268.0,2024-04-26
6f965cc88940593c2d2f38e9b680afe0,4367.0,2024-04-26
6f99fad18c0a25b032cfe6715e15063c,1911.0,2024-04-23
6f9d040cc75c82beb652dfbcb057e337,7693.0,2024-04-25
6f9fe8bd215f93700f9584333bf3123d,11054.0,2024-04-23
6fa20c0fdbcfb62db462f26806cb317b,4156.0,2024-04-29
6fa92332d225c4aaa9023b9de95c655f,2954.0,2024-04-26
6fb16aaf7209dd6df97136dd57911385,2399.0,2024-04-29
6fb3a871439a045473edff4b4d317936,4663.0,2024-04-29
6fb43afc5182a67e2bf2cb63c9aa407d,2542.0,2024-04-24
6fb482fbc4821411eeb38b82bb1ec24c,2931.0,2024-04-24
6fbcc4d866d45d5162215c8ca5039653,8945.0,2024-04-25
6fbd4d782232ba503eb82b430f1c7f70,6892.0,2024-04-27
6fbe8b067d1689abc3c402677dcf0c37,4215.0,2024-04-24
6fc0301512cdab216ce5e780fb17ce96,6650.0,2024-04-29
6fc2ca02436c3d92f0318161740fb7c6,3137.0,2024-04-26
6fc42413cd978fb63db8fe170e3fcd21,7584.0,2024-04-24
6fc4ddb6ffc0a676b5dfe17bb7e87ab1,7221.0,2024-04-26
6fc84a6bbc27b7e3a451a07938e5ab78,2673.0,2024-04-28
6fcd4fa4a9d75d5bbb980182d7522946,8872.0,2024-04-25
6fce869fafe176c2fe0f4c75f6124df5,3092.0,2024-04-27
6fcf755d559d031e41b48ffff6d2beb0,5071.0,2024-04-29
6fd2a61b1c5cdbb6139f2b37431357da,4993.0,2024-04-28
6fd35dd08f4e891e2b7bd30a0632f5cb,10357.0,2024-04-25
6fd6beede9663f38508546b6bf7c205b,8591.0,2024-04-23
6fd810196441a63b391fd563ae620a63,7712.0,2024-04-27
6fdee10ab6488ef82af558cf4ba7033f,5426.0,2024-04-29
6fdf374a8805c52605c6be78e65b3b9c,6230.0,2024-04-26
6fe1d941e3b10fe4da9db0cb9eb7a5db,5109.0,2024-04-28
6fe78508aa87ae5b3b36d74b3e24034f,2202.0,2024-04-27
6fe9400a88320cd1b3adcbe163475fea,4412.0,2024-04-24
6fea63d2e48955692eda777ec661127c,4254.0,2024-04-25
6fed76dd57b891d6d8bb17ff7c5cd98c,5248.0,2024-04-26
6fee6f3d02c1c3723b1047d111870929,4826.0,2024-04-24
6ff0f5c512659be077defd8b201b1bfa,8732.0,2024-04-25
6ff59eb7653cd7ebadb6a06efd607026,16046.0,2024-04-28
6ff66cad4ec0f8ecff90f880e9da5f94,4708.0,2024-04-28
6ff75f48a087a82242e980f304bd4457,4802.0,2024-04-24
6ff770adaff68d34c71b3f98af3893b5,2919.0,2024-04-27
6ff8094737ff1de886c4a891c0cbc80d,8113.0,2024-04-25
6ffb451bab3476cd068e1f14b9c5ba05,6997.0,2024-04-23
6fff23c5f8e358b20876259411afb15a,2389.0,2024-04-29
700018e5cee0e72688210c2e587586af,7244.0,2024-04-26
7000592af4c5804e529090f59df71662,4734.0,2024-04-26
7008e1586480b5de7d83c844b7c5d1f9,4730.0,2024-04-24
7009a344ce37fe0a959ffcb511501418,3664.0,2024-04-27
700c56a3a4e2d965f9b1087be772abad,7750.0,2024-04-26
700d4bba0743f4e358d8099faa727b09,2595.0,2024-04-27
700fa9813abc63a768bb95deeea1a23f,4910.0,2024-04-24
70133fced015fc73d19f219d06b79c2a,13306.0,2024-04-28
70167da4676308a045c1634d25c6ccd7,4051.0,2024-04-29
70192cf6440cedfc6f651187d190c1df,2925.0,2024-04-24
701b99e0cb4aa376e77d2e732a106dcd,7363.0,2024-04-24
701bd67bd10426ea79a857411263ee7d,5358.0,2024-04-26
701c265618eee49704eed5542a33ae40,1205.0,2024-04-27
701d0d002870c2e7ef3161b0eebe6f57,6815.0,2024-04-25
7020b13741d3a3821d8d5fe45226d323,7283.0,2024-04-24
70227ac6a4e5dcf0a7f145376019cefd,1654.0,2024-04-23
7026b5c94e7311405e1dcc90f1d25972,5052.0,2024-04-23
70324474937311337dba62fc3f010553,6228.0,2024-04-25
703b3a216e7d3558834311c926c5c21e,4973.0,2024-04-25
703b8ab047e2bb5f369b646a58ca56c4,8899.0,2024-04-27
703cc89dc874b149969f4682ef1e60a6,3314.0,2024-04-26
703d715c49515659fc388f836fa45d64,7887.0,2024-04-27
703da559ebf96a5fac15f6d2229a33f9,7969.0,2024-04-28
703e9b7bf4f1faf2857e61b6830d1284,8013.0,2024-04-24
703ecefa06df00875a738d8798ca57bd,3654.0,2024-04-23
7042f9d6e304964b4ca3ce764c9b9aeb,7632.0,2024-04-26
7044fd140276dccfb0c9b2a8c70ba73b,7651.0,2024-04-23
70466a54f0308223679b5e0a12f5d7ee,1364.0,2024-04-26
70479115f4dd90a33dbeb89f3d12feb7,3589.0,2024-04-27
704a83d5a9e4d6fc8fc16a250475e26b,6631.0,2024-04-28
704e7ac7e111ed3c6098d377ecdbad10,3366.0,2024-04-26
70532c9980fd39f51c00f013d8888a3f,4943.0,2024-04-23
705791df8559a0a30b98fcabb22a7668,5374.0,2024-04-27
7057b3431812c8d1d4c28d33e22630d9,5989.0,2024-04-25
7065e3251c98988f9865dc8e81f392cd,5768.0,2024-04-24
7065ffd78109fadd6975cb08052a7a0b,4562.0,2024-04-26
7068253badb62f83d6d6084b4b398f6c,1537.0,2024-04-29
706bc415808ea1fc7583044b242a1463,7483.0,2024-04-29
7071c364cc8c5f7010ded6d3fb0c15ad,3088.0,2024-04-27
7074e398cf62a55e81513c12cb896f8e,10036.0,2024-04-29
7076517893e82061349238192b8c3a1f,2681.0,2024-04-24
70794a54d10eff6ac5c75eb9deb3dd62,7662.0,2024-04-25
70797b8d26c53d7a699374de73600193,7338.0,2024-04-23
707b79ce4f4c60c334a6125249d37c11,5056.0,2024-04-29
707f17fe2a127debfc6e79a4a8de354c,4777.0,2024-04-24
707f4d6a32a3b6d44543c57ccb07796b,5704.0,2024-04-25
707f8d1944a58026fcfb6253db309ca5,5106.0,2024-04-29
7081a6c8a37ec201255447e99a5773b2,3466.0,2024-04-24
7089c26d97174fdc9d9317da02f1af36,4056.0,2024-04-24
708f64488032311fc23a2a9e1cae418c,8626.0,2024-04-23
7090f340bf42a1cea105fe3c10b3c9c5,5697.0,2024-04-28
7091cfef5c01691e43431df50fc9d47b,2529.0,2024-04-28
70966229fa67cacd7361a27a5260b9ef,2635.0,2024-04-23
709989226c231f2a7e6b4e9610a217f6,6970.0,2024-04-24
70a5a6267b518d22268c0891f422a59a,7804.0,2024-04-29
70a68a35cc8a18e812be20dd5e5068f5,10398.0,2024-04-27
70a6bf5bb50be566a4aa87f8ec9b6a65,4816.0,2024-04-26
70a8868c262c62bbc9fbe166e5033d38,4756.0,2024-04-26
70a9fd7fb63be2d787c314a4aede2cd8,5503.0,2024-04-27
70b095ba54c4d326b73642db86629ea0,6522.0,2024-04-24
70b123121c8b8635022b3b989295bb45,5642.0,2024-04-23
70b7def7a5a91ad759ee511af1acd5d3,6700.0,2024-04-27
70b99a5f8af1a6c41b872225063f7638,5608.0,2024-04-29
70ba454fb58ca7c0e88ac73504ca19a0,6022.0,2024-04-28
70bb4f22c4f3e5fc22e08029ddb1d4cc,6475.0,2024-04-25
70bbad580ba9e94057f6f40190372b5a,4196.0,2024-04-25
70ca56a7b4a718b9ba73075e713a446d,4149.0,2024-04-29
70cc264fd18b0ff040bb3fe10d0ad85e,6542.0,2024-04-27
70cea34aec38ca7c2d60b3e675506c53,7838.0,2024-04-28
70d8794a659eeaea3872f8e18121a0f5,7163.0,2024-04-27
70dedba4250eb786fc17e32bd3b7b110,5274.0,2024-04-28
70df7cbb9f9d7a6cc3b83b9f4de12a3e,3804.0,2024-04-25
70e0b2785cac84f16c5a32f4f9db25f5,1997.0,2024-04-27
70e18be838d180fb69da069877ccee8c,6087.0,2024-04-25
70e9494b903f0f1cf9f1f60c71573832,12999.0,2024-04-26
70eb7eb88ebfd562b4d94cc6ab8dc68e,13161.0,2024-04-23
70ecae92e278f175fe8b61a00a1dc31b,1013.0,2024-04-26
70ece5e96189a5a64935d5c15c6c7634,4909.0,2024-04-25
70f10d6c04abeb36a5e9eaf6a9e9e966,2489.0,2024-04-27
70f538a6fd76ac2e27f07e3e886b5354,3355.0,2024-04-23
70f63cbf72c915cbec77e1d03e0573f2,4687.0,2024-04-23
70f804332a1da4d25a55642696d8c972,5493.0,2024-04-23
70f8c431f7cd7e241f45a4a6f046b72f,13726.0,2024-04-29
70fb915d5e76e376f4b5a86339ae32d8,3036.0,2024-04-26
70fc3a7adf1d448062d0a4052a22562a,2761.0,2024-04-26
71044a810a5e9c969750bf505954d8a7,2036.0,2024-04-26
71085e6de5c6ea097500e2abc3af70d9,5056.0,2024-04-28
710a204dac6d089fcc4aceabed59529b,6322.0,2024-04-25
710db76e924fbb7df4ca6efe06d7560f,4547.0,2024-04-27
710e6efc932af331bb1d5d8b72676d01,2640.0,2024-04-26
711d11c21e9cb7148d47be65b416838a,5189.0,2024-04-28
711e4daa87c615b91453c912cbaf1995,1643.0,2024-04-23
7122600bd2e9ea5d580c5d57d7fc9ff3,5056.0,2024-04-27
7126be8ed11c99fa3b7d5f7d23ee3818,5171.0,2024-04-28
7126d2f6bda75d27004da067737fde79,6929.0,2024-04-25
712b43e73b0fdded4f55ab6e16453724,7607.0,2024-04-25
7131d20e8a4e3d14419e56d603368e4e,7224.0,2024-04-24
713d17a4f27826d82a5e5b1ff41e679f,7530.0,2024-04-24
71418530d8c83504d36de74be38c0f2b,3444.0,2024-04-28
714610b4b4930e4b5b0db0df447cb879,3373.0,2024-04-24
7149452aae14bfd8925dbd43e8c4f475,5070.0,2024-04-23
71508467dbbcc3ac4ffb706f5586c782,7493.0,2024-04-23
7154c3a43fb3c63f0c3a8132b4e1b836,6650.0,2024-04-23
715b12ba2a437943aa743dd0554123a4,1534.0,2024-04-28
715e4cf9fd732e59435c9a5dcb040a41,4073.0,2024-04-29
71632b37e69ee6acfd3e291c284ac068,2604.0,2024-04-25
7168fefd780c4f34ae1eeb7e2e7db9ef,7834.0,2024-04-28
716f8fbc9dfefd680997291edd6dc781,3639.0,2024-04-28
7174fccef2b6157880ea131484fe56cb,11517.0,2024-04-23
71791a9930278ec9fcd2a6953dcdf4cc,6558.0,2024-04-24
717cee55500912d051b681bf4d2ceca6,5225.0,2024-04-25
717dbcedb0f2cb80f4eea4643c5033d6,6068.0,2024-04-29
71920217b86e758b64aaf0a9970b4347,8830.0,2024-04-27
7192f174e916958670660b66ad8dcb20,12089.0,2024-04-27
71982ddbfe9c142f782b4348476b2513,1433.0,2024-04-28
719ab98f3565b8f858f41b4b400a1003,3318.0,2024-04-24
719eba8750747de6d03d08d9cba0621e,2780.0,2024-04-26
71a6be3903eb439a310550c5b7f5ba98,5565.0,2024-04-29
71acbad847d3d5424dc5f0da79359fd6,8187.0,2024-04-29
71aeae212b2afbe4108042d199cd637c,6283.0,2024-04-23
71b077a0fdfc8ffdd29e29e12daa92de,5958.0,2024-04-28
71b0c5a16cd20d86fbffd4ae73b7c832,3485.0,2024-04-27
71b2de069007857e11e194f128ab3307,17361.0,2024-04-25
71bdfefcb7296da091abf53d9de6333d,4680.0,2024-04-29
71c0e1f02b892606ddbbba5f3b0c21b2,3486.0,2024-04-25
71c58be0870dd60972f3f7b4553dba04,2499.0,2024-04-26
71c90761ae4dcaaa8ddb7cdf003ff48c,9653.0,2024-04-26
71ca289421ccdc8804fb779bb04e99fc,6867.0,2024-04-28
71ca3425993d9189da681add50e54885,4288.0,2024-04-29
71cd466e45b68c7c3fe81fa057531a16,7254.0,2024-04-23
71d2ac91aab1a7c5d8c14c2a1c23d0a8,5949.0,2024-04-28
71d76517ff083f9780b8ad5a8a1890ec,3185.0,2024-04-23
71e3c09af4efb6bfe752937e6168c065,7568.0,2024-04-23
71e3e085066e8b6184df9b047af35b39,14569.0,2024-04-26
71e8664367652030e94503e65a274f51,5436.0,2024-04-24
71ec0c071a55631d1c423f7afa7de190,7916.0,2024-04-28
71ee138026ad7dec63460db6b5bd1cb2,4268.0,2024-04-29
71ef9370373ab346d621fdf7ec8d09ec,2100.0,2024-04-29
71f00b6195c02786aa8443b14a7502bf,6316.0,2024-04-26
71f0de412b0c65e3d69e3b7038bb8a75,10597.0,2024-04-23
71f537d4c6551f611af4fecb37ed6871,4771.0,2024-04-27
71fb6d23398eb0ff012316f659acae0f,4214.0,2024-04-27
71ff5a1754102b290440ae96e6629efa,3831.0,2024-04-29
720061a6db2400c4298a379ddecb5d32,10935.0,2024-04-24
7203030e8a7b989f60163e64b8fb990e,7166.0,2024-04-29
7207bfbc7b7fb988b362c0c44ae0758f,4324.0,2024-04-28
7211bc16435f2d9e8d6073ce09cdefbd,6734.0,2024-04-24
7218fc1d6c0f56c0943fc364e2525594,3883.0,2024-04-24
721a3bed2c3686874c9a00ea4d564a25,2437.0,2024-04-27
721bd3adad8e598fd80a65dc95b20614,4104.0,2024-04-26
7223b4e6da57776fba7a23e8fe07a67a,1087.0,2024-04-27
7229b275ad880fa7881d1ac76b40b666,5081.0,2024-04-23
7234353b66cbb378a582b8fd401a7711,3864.0,2024-04-24
72364ff12bee5043bf031c49e332c80d,8411.0,2024-04-26
72370b42b6de1b3244b70154ec86b4ca,6610.0,2024-04-25
724150cf908a248543d927c0668951df,5670.0,2024-04-23
7241d45029b7494fe45cc6920eb715de,5540.0,2024-04-25
72431ee09fdf718261a562d35d2785ac,4519.0,2024-04-28
72524122743c3aa8c9da3d535c4d050c,1733.0,2024-04-23
72578cdb109ab4a76c5e71451f8bea3f,6705.0,2024-04-24
725867e997c885a4319d6680c8c99c9f,1118.0,2024-04-25
7261311774f8da7577b2b6a57e8b1df7,1650.0,2024-04-29
72630487f088777c8159201cbf35c812,5592.0,2024-04-23
72640c657b12a9845ab45be8aa651154,6643.0,2024-04-26
7269bf6093355adc5388c96899419160,9483.0,2024-04-28
726b63febd747d215fd4aba82f948f18,1769.0,2024-04-29
726be78132115da079ad53418091d716,9731.0,2024-04-27
726d09ba2e6610679cdc7b50f8f9bbf7,3114.0,2024-04-24
726e2246abd5730b974275c44c590cf9,6290.0,2024-04-26
72701d3920341198b95549e4657a227f,2589.0,2024-04-27
727024747f1638a1b9694fbb0aa70f98,7079.0,2024-04-26
72708303f728f9d23dfeeaadc60b70bc,2995.0,2024-04-29
7277f8d6a287e738c3ea3130ebc52ea4,5405.0,2024-04-28
7278a9adefd3080db5b5661fb96d2805,3746.0,2024-04-25
7279588c24747b0df94a6669c3bbcc1f,8774.0,2024-04-26
7279da6b0e34526d1f86c9230f6e6724,2014.0,2024-04-29
727f791b301561df921c6f0be770974b,3724.0,2024-04-26
727f96d4a7754d3e5fc57f2164572795,11519.0,2024-04-29
728464cff77912a6c37537fc59d75809,6355.0,2024-04-26
7286d8284fb14ea0c6eb298ff6b23118,3946.0,2024-04-23
7288e8e1a211679b342d3045e5826f92,10491.0,2024-04-29
728ec5fe7d7adadf63c6d289a011990b,1755.0,2024-04-26
729f4ef0741838ef6908a57afc983ae3,10076.0,2024-04-28
72a2bdddbd54b60b138c686234e0a755,1967.0,2024-04-28
72a4f4cda444913b0d262e8aed33660c,8496.0,2024-04-23
72a6edd29232c0972407387a9bfc8c80,4626.0,2024-04-23
72aba324d9f33ce0874f7e96a8615624,7176.0,2024-04-23
72b269b86d69ace471c953080fa6f230,7007.0,2024-04-26
72ba2e31dda6c63737f218a3c2793217,3195.0,2024-04-23
72c51aacdedb61a77f506d620707ca39,11763.0,2024-04-29
72c8eb218eec0776b84b811a872ff22e,7077.0,2024-04-29
72cb0a1d0347bb7abd7ff3610377e8b7,8198.0,2024-04-27
72cb711ff35d2839151dd4693d64abc5,1363.0,2024-04-25
72cde1408b8001056c4baf869690108c,3108.0,2024-04-28
72d24033a2f45efcf23576875ad312dc,1880.0,2024-04-27
72d97b09464b26c39ea6096aff966622,8889.0,2024-04-29
72db925d55226adced26673597053b11,12911.0,2024-04-28
72dbd21155c3ba61c1394f5e5a99fe92,4580.0,2024-04-26
72e012152c27c3bd7f5ce8ed5ddd39b6,6331.0,2024-04-24
72e19f7c67e42a5819c846b330310c36,3222.0,2024-04-24
72e1a6eb4cb2e171feae648a0effe912,16467.0,2024-04-27
72e2cb07107abf2ed0a8485adceca23c,4801.0,2024-04-29
72e68801c978955154bc0cf3762a535a,2367.0,2024-04-28
72e69af0d1f64c90b571843287b8ec72,9437.0,2024-04-28
72e8e85b128381de86292a8fce18ed33,3540.0,2024-04-29
72ecbea66b4c6e2bb7c9c8258629d080,3145.0,2024-04-29
72f913e209d0bb396f72319ce4813b07,4454.0,2024-04-28
72fb361e2774ccf15d56c7fa29e1fee2,2668.0,2024-04-29
730d4c8a82f5167527148cafc083a647,5938.0,2024-04-25
731327bb9e952842fe84dec85c59fc7b,3978.0,2024-04-24
731548734760b3022f3687cf6279de13,5189.0,2024-04-29
731ddb95ce34ad34fe52749922af5e85,4269.0,2024-04-24
732055228f2f207133111e663d600dfb,4059.0,2024-04-23
73256f785c353678a7e693aec76258a6,3662.0,2024-04-23
732e1509194553d3d0b22fe6dce3644e,3449.0,2024-04-28
7330b0dae341b9e1de80ca61a249e896,2408.0,2024-04-24
7335a8dabe1ac18cfef49c1cd5b78b4f,4424.0,2024-04-29
7338b0afe86d4ea6d665b819cae1108f,4980.0,2024-04-23
733f8fdbb96d34b556b7c3ade427f518,5650.0,2024-04-25
73407ead210ef08234d3002f2c853612,2448.0,2024-04-29
73413a2faa0d923235bb7798e930a823,4101.0,2024-04-23
73418d329d74520950e00d8e207ada5d,7134.0,2024-04-27
73420566a3a15c9fe0cf1cc280326125,4732.0,2024-04-24
73438775d7d9f709ef16065c771daf32,2355.0,2024-04-23
7348e44d8a6f626fec9faa2d1e60312d,7953.0,2024-04-25
7349522ebd88d3eebb47ce75e9302a32,1890.0,2024-04-27
734a3d5e745d69f002d9f2afda4c2e67,2398.0,2024-04-26
734a8bc16d590e5a45094c4c6148d70e,6502.0,2024-04-29
734c7405cc9abd9d821025974bf7aaee,6281.0,2024-04-23
73533252482a2828a21605c868274da8,11484.0,2024-04-26
7359bb157dee03574d75373cd537490c,6722.0,2024-04-28
735f5ef1d07f61d8b01c75d873ee2ea5,4010.0,2024-04-26
7362c5e2cec4c420bf5e3c4da00a93cd,7316.0,2024-04-25
7368abb2a548ae8bdaa5766c7d8b46e8,1853.0,2024-04-28
736cfafefd832d943750afb22407c6c0,2766.0,2024-04-23
736d1ad13a8fed9cf9ef1f44a5914089,5346.0,2024-04-28
73708988b23f1f7f030cc2921b2377d2,4692.0,2024-04-28
737743f5cb82ca5fef18c49a4b6a1ec1,4045.0,2024-04-28
7378ab0888dfcabcec583997bffa9f3e,2650.0,2024-04-27
737b7faebc7716a3f5adcf09946d3adc,7662.0,2024-04-26
737da1c7225d7ae69aee7e5202891fe0,4208.0,2024-04-28
7380fbda16b74118a19e660b978c9a2e,4920.0,2024-04-25
73834822d660092daf089823565a812e,3211.0,2024-04-23
738455f03518f1d5659c8a745bd859b8,3799.0,2024-04-24
7384a00f36f081fe18f8fd7c9a3305cd,6044.0,2024-04-26
73855517012b8a066fad1ce942c80d56,2984.0,2024-04-24
7389f86179930e37ddf2f2cb657fab19,4884.0,2024-04-27
7389fc66bca716003bb11cb860c89a52,3179.0,2024-04-28
738c464a913121a705da48e7b4d18a7a,3708.0,2024-04-23
73978571e675e8643510395a390d5438,7113.0,2024-04-26
73993c36a597c66b65a7157d761fea9f,3935.0,2024-04-23
73a23d4e4b3a36049148432277c80635,1460.0,2024-04-25
73a548322a08aec81aaf6fb83081cb23,10980.0,2024-04-24
73a979822138b867aab323d6501255f3,2227.0,2024-04-29
73aafdb2a8ce866c9ba4ed4f022a3d61,6487.0,2024-04-26
73b177f4f8d6906da61096984a04b432,7772.0,2024-04-29
73b439c845d185cea65ad8b9c627f475,1686.0,2024-04-27
73b4c0ee6922cfdf848b99a838e8f0e4,9392.0,2024-04-28
73b4ef1b8baa189ffb2f43d1725bafe3,3266.0,2024-04-28
73bafad74e9a37ad1a5d20e91f2ae963,4360.0,2024-04-25
73bff513630e56e01f6aa49e38544719,1971.0,2024-04-25
73c14f11f0287967b1e5dd98d573370d,4258.0,2024-04-28
73c7ac0299d327ab3cb73368ae141f26,8594.0,2024-04-24
73c7c8e8b208190f6e523d90573804c4,6760.0,2024-04-26
73c871b189d34d837bffff9cc1356608,6682.0,2024-04-24
73c9eb7ea15996511e91c27b96229b30,3827.0,2024-04-28
73d182aa3049ea917ee1e09357e9a8c8,6393.0,2024-04-28
73d6f62d1395d69d1bc3a5912f952239,6666.0,2024-04-28
73d73d1f12ff5a98ff464d534408a545,2740.0,2024-04-28
73de2a4c3d2bb55146bec26db4333da6,5032.0,2024-04-29
73e32694cd1b13bf51e97442c283c156,4423.0,2024-04-28
73e905fd2d1dc6a1efe65ab1efb7f9e1,3445.0,2024-04-26
73efe53c2f6bb264f503a8fa271db2d4,3702.0,2024-04-28
73f62943bfc5ff3d81d297c2a997d8b3,4887.0,2024-04-24
73f633d39cdb697fbb285f7b6134d682,3923.0,2024-04-23
73f8f7813dc1f3ce6a30ec36ee8f0771,8305.0,2024-04-26
73f929bf98d7ca2955dd89501a50b253,4244.0,2024-04-23
73fe66e2a4bb9aca1e25a0a0d026f778,5893.0,2024-04-26
7400a40f5b4b8b49db201848873a38a4,3533.0,2024-04-25
74021b8613e95ed0b492073d9098ed39,4094.0,2024-04-24
7406d23ad951ae3791d6adc478f70882,7700.0,2024-04-29
740d5a20d8c0252249b749d5e02de890,2642.0,2024-04-23
740f1086bc80f36cceabdf09cb830bf2,7419.0,2024-04-28
740fa11a3f62819fdddb5a1924f64357,1675.0,2024-04-28
7416199d846438071c8ef5ac82d07831,10274.0,2024-04-24
741e8be2f503c67ec5b5f08b71dd9c1a,3439.0,2024-04-24
7420c216498820a61297a96dd802e70c,7813.0,2024-04-29
7421dde07b8d51dbf34e5d761e948d43,7114.0,2024-04-24
7422a5ee41e45371569c9fe64aa40657,2808.0,2024-04-28
74240092ce74415f016fa3fd0cf3fa52,8654.0,2024-04-25
742527d1bcfacf9cf69610d4d24c71c2,5250.0,2024-04-24
742bbcd151489a4fc4d76708f974d37d,4903.0,2024-04-24
742e8a4348b37b47a48c6cf66dd344ad,4671.0,2024-04-26
742e9fadc56afddc5d7cc3beb0280761,2840.0,2024-04-26
742edde6f2c0b6507a97ceaedb27c25a,10872.0,2024-04-27
742f8595a9bf73ba20da393c52a4a02e,2349.0,2024-04-27
74306c7ee5e5387b2ead1b555c5df5e0,3677.0,2024-04-25
743830a806f79b25495c54d8c019321b,5720.0,2024-04-25
74395ac4124499fab0f0159af5cb74e6,4331.0,2024-04-27
7440562eb2c35a79cb61a18866c21d50,8218.0,2024-04-28
744318c9356eef127c24e06142d18715,10715.0,2024-04-27
744388e11b7e1802c69c6a8ff80801ea,6370.0,2024-04-25
7443b6ecb98b7cf51b4df790937c4e21,4482.0,2024-04-28
74483872882a7ff23fbd4b5be17404d5,3061.0,2024-04-26
744ca04a768acbaeee8b99afffb77820,3581.0,2024-04-23
744ea800af916c86006ccd3a50ea3495,4712.0,2024-04-27
744fef49ef2a4546872246d94fc0509f,1572.0,2024-04-29
745096e111e420716d766811fb85ef8b,7323.0,2024-04-26
74553c1c9dc2897467ea73e3734142a4,11573.0,2024-04-29
74565bc858b4fea096a444dbc17f1e14,8657.0,2024-04-25
74583762ca634a04e473515d1209aa65,3819.0,2024-04-28
746e91a016474b4715af3e0dd9a0f038,5115.0,2024-04-27
747e455b013afd018ed51db46d1f8dc7,9779.0,2024-04-28
7481d9710bd61fb5d8638c477fa31ed3,2958.0,2024-04-28
748205a2a132fc7dbcbb2fc5e4143f2c,7636.0,2024-04-25
7482977e06fb923c3da1ccfbabda1100,6166.0,2024-04-24
748d9e672dc07636c3f7cf6e74faf5d5,5588.0,2024-04-23
749429e917237e40c2ac8c162cd30ce7,7017.0,2024-04-25
749491c6186512fb37268867c548ce46,4072.0,2024-04-24
7497b58612f318d27b428e5cd40c5ee8,4094.0,2024-04-23
749d002ffaf4e2c3365e0196c5740ff6,4008.0,2024-04-26
749e791a0f6edb672ab55809061c9b4a,3526.0,2024-04-27
749fd582a62655fe9d87b8c054f1a49d,4505.0,2024-04-28
74a3b59c3906db5e3e7ff827d885f36e,3173.0,2024-04-29
74a44cc720a7a2d082f49b8295ce8bbe,6493.0,2024-04-28
74ac30629d7b572706d0969285f0740f,2476.0,2024-04-29
74aff6a4606b04bca55c098752e1d6c2,5244.0,2024-04-26
74b19c110a3bd360a52c5dd8979d5afd,3315.0,2024-04-27
74b84e716960d3a75224455ced38be74,6041.0,2024-04-25
74bafdaa268f08faeebbd78f5d0370cd,14958.0,2024-04-24
74bd77566333192275e3d1e67f934acf,4904.0,2024-04-24
74bdd95ce7c4efb1a857bf6b73c6fcea,6569.0,2024-04-25
74c32c28eeccbf46df596db8adccfdd0,6151.0,2024-04-24
74c4f753979f79c7838bdd73db3d8416,9190.0,2024-04-24
74c7d82d7590fb50176308f23b67ceb9,1776.0,2024-04-23
74c8b20adf60f22e44a1154c43a9d392,4755.0,2024-04-26
74ca03fbdc484ce880f9c41aae6704bc,2993.0,2024-04-24
74cf2f673c1e8721e20ff7c8e373fb93,5130.0,2024-04-29
74d478c134d0ca4f32b58ba6071bcc0c,3581.0,2024-04-28
74d5c52606a5ae24390fadd53aff6454,5252.0,2024-04-26
74d94660366805a4eab11efc720706c8,7896.0,2024-04-26
74ddcb133916125bfbf6077a41242c31,5447.0,2024-04-29
74dff6f607c88b6b5b0ad36fd2a3e21f,5496.0,2024-04-28
74e1efc2066e60328f82ad42094ef4ca,11072.0,2024-04-26
74e3ed24e1c4d50e752c8789e91f89cf,4588.0,2024-04-23
74e49ac968cb6f7e7df0ef448ee966fe,3514.0,2024-04-26
74e4a3e91eee4894026121af952676e8,3989.0,2024-04-26
74ea0809d1845eb4be8e4cfaf3122777,6095.0,2024-04-25
74ea48b5e9c6daa8cf85c7bab60736b9,6387.0,2024-04-29
74eaab5dd4a2e304f7c90e8b02fc4891,6803.0,2024-04-25
74ec3b6fc6a01be6e1588a4cdfce574b,3238.0,2024-04-26
74ed10ed43a351f03e4079a80d009b6a,6389.0,2024-04-27
74f67b661572b7d4129e5ed3a9624aa6,11018.0,2024-04-29
74fa1dff4c0fa2ddc14ed3507960b0cb,5066.0,2024-04-24
7502650c5d5cef27f3234f770808e4ec,5793.0,2024-04-23
7502e37082d534a3659624a794d97029,3811.0,2024-04-23
750fe994e5e7855a07eb43b53c271d61,6557.0,2024-04-25
751344ed9d12f1ccc5acbe2364ea667c,3263.0,2024-04-24
7517d563ec011923c887008a0e31916a,10597.0,2024-04-28
751bcc7e49d89f666d0bc3d58ff35f4d,9817.0,2024-04-23
751eb80a46354d2bf11a3e00c7d74666,8931.0,2024-04-27
751f1493818be3048e58a47f07d04a01,10845.0,2024-04-28
751f15fa13a20ae352d9d49a443ca5ab,10333.0,2024-04-25
75279be65683abfe6b834178cf2e7ce0,5557.0,2024-04-25
752b0573d8fb857272350a21f74ed093,6337.0,2024-04-28
752b747c32952f39e8bea44617cf334f,5801.0,2024-04-29
752d84d1066497ef6bb97e1bff90562c,2715.0,2024-04-28
7531cee465e7ed01d991709f45488bc8,6553.0,2024-04-29
7533531310dacae5dfd1e167c57b45da,2978.0,2024-04-24
7536767e9f3fe86bbadb7f58086fbc64,8842.0,2024-04-24
753a6b1316c8dd56691d5008f9f1df1d,5234.0,2024-04-29
753b8b2b15e993bd1f54768d4fd4ec04,5848.0,2024-04-25
754349ef414f82336c3eb10fd7f02a98,14849.0,2024-04-23
754acbe43728c7820b03303d9092de7f,3571.0,2024-04-25
754b92bfa7990af2be2d5a9796b6ff67,5245.0,2024-04-23
754dc80a017a47a8e4e1115135d5a9b5,4598.0,2024-04-29
754f8875b8e44652480ff77ad3f0ef60,3039.0,2024-04-27
75502a82629e2a2653fd23898aaf2746,4833.0,2024-04-26
7554c1bd8dde9bc1d4420ea203933a9a,3120.0,2024-04-25
7555f9eb58f621d465e129da8709261e,8052.0,2024-04-24
75585dc85349e8ef0efd653bddf534db,6740.0,2024-04-28
7559dee2d40707867cf9becdd78bfe28,8224.0,2024-04-24
755bbef7a5ec6594f6b265a1c751faf9,8370.0,2024-04-29
755c323e8a13f9bf2b67df4f241cc028,4257.0,2024-04-29
755d61c3c89943100a679dd98ddda0e4,7371.0,2024-04-26
756256a81f121e855cbbb457bafeae78,6651.0,2024-04-24
756780427ccd0baad79b9c07e683b0d7,16284.0,2024-04-23
7569ffe3779999efbe5167e17fb8db8f,5723.0,2024-04-23
756a2f0264a2b2ba77820c66ad40be25,8939.0,2024-04-26
756b05fa202864eca8777cbf0f931fe4,5140.0,2024-04-25
756cd4bac9b369d3b48bc7bfccb7b1b8,3981.0,2024-04-24
756e8e46fef8d191d8d7ec6ef08488b4,4919.0,2024-04-27
757c7a93be2ba6cbd9627db6e1dca2f9,3800.0,2024-04-25
757d2759bb0563f4af8f8f587b99ff30,6885.0,2024-04-27
757e16cfe5076cf715881f4e7505f8fd,3884.0,2024-04-27
757e81ed1a5bf8aae8442f5fa8b2bb0d,3919.0,2024-04-27
757fb6548de94e020c8363001c863764,7992.0,2024-04-29
758233715bec8b06056fea5e0cbb1e9e,9337.0,2024-04-29
758245e28d441044ae16e71b1ba3b658,5250.0,2024-04-28
75849656f28b9c97382cf7f8ed76f32b,7229.0,2024-04-24
7586b2818bd089199abd60a5f40e17c0,7233.0,2024-04-26
7592fc4c11fd7cff04e3603d057d07e5,3387.0,2024-04-28
7593fed342a34c6c8de812b127754791,8791.0,2024-04-23
7597f3654984b468189f6fb773f0aa3e,4191.0,2024-04-28
7599aea3df91f14c935241af73a3c723,7328.0,2024-04-27
759c47ed6a892e663023cc56b533de01,10785.0,2024-04-27
759eee79af6a0d5dcb8508cf92f35d9a,4049.0,2024-04-27
75a40638aec77c85b0da58a21765fd8b,5316.0,2024-04-25
75ad37d3766600497455f7c11b08ac09,2093.0,2024-04-28
75ae63d1c56be68929527e0a83481013,6130.0,2024-04-23
75ae8143b5117752fbf25fb8a38244c7,7517.0,2024-04-26
75aeff5faaabab8fec320a5d9ead2c1a,3504.0,2024-04-27
75afda78c476d69d9500bed5cdba083a,4297.0,2024-04-28
75b1e29398f0bdd579530d7357fcc77e,7765.0,2024-04-26
75b220130a2020b215ce6e30f8e6791f,4891.0,2024-04-28
75b7d58bf90b88793330837ecc1808b1,7657.0,2024-04-23
75b8772073a92aa1bfc398e011e3db8b,4184.0,2024-04-27
75c580c23ee2d93485b673a05d7641da,2695.0,2024-04-25
75c5d8ba074184d826868463eaed5bba,5024.0,2024-04-23
75ca8710c3f42df5aa5c906ae030cc75,7646.0,2024-04-26
75cb7babbc49fd980ee502eb19c5ce7e,3700.0,2024-04-24
75cdedeb763b954fe273ab7e8294ba79,4816.0,2024-04-26
75d17954d6fd115264a2ea01b505a9a7,9606.0,2024-04-28
75d430dea5cde9cf5c00c3c230870b43,4392.0,2024-04-24
75d493cef36d8085896b6e5a186d9a04,9469.0,2024-04-26
75d6455add0a5a3e66f23dd254a889b6,4518.0,2024-04-23
75da60963fc4f2ef2435fd586cbee53c,3451.0,2024-04-26
75dd364b110655f08df9f941c3fa1723,8956.0,2024-04-28
75df13ac85a8570a8ae39712ffec4ae4,4121.0,2024-04-26
75e0ba5f5980629d44605ecb7b01cfc0,3052.0,2024-04-29
75e352ef9f42fdeed1ebb88137aa494b,4163.0,2024-04-24
75e3cdbce26c8fbf2420c545594086d9,3590.0,2024-04-27
75ea526f1939d56750b21183e9c63338,8450.0,2024-04-29
75eca0ff7638896ee6e0325fe99303d4,5361.0,2024-04-25
75f000d74deab90706580df6647b0af9,7127.0,2024-04-27
75f51d704fa894e9f5334b74309068f9,7554.0,2024-04-27
75fa2261a9ab68012ae8b8c661096b0c,7478.0,2024-04-27
75fd691e93530f47fd661faa7a728404,1694.0,2024-04-27
7603507621daea503c5a6f5ed6815613,1712.0,2024-04-23
7603958e12834a5394fbe1779c1d9263,12091.0,2024-04-25
7604e52d5678929030cab0b06736b318,6472.0,2024-04-26
760bb3f3c4c6bf7047c4990cb45c8dfe,11883.0,2024-04-25
76120418fc21d6005d95e8b66f50b8fc,4550.0,2024-04-29
761cc97654d3fe60ed7d2cefa0c4aeab,8811.0,2024-04-28
761ffc6460027126e198d2721a796a2a,5153.0,2024-04-26
76213b063e70914a4ed7d7a2211fb49f,3784.0,2024-04-27
762311853dbba72904ed7b5106715f78,9309.0,2024-04-26
7623c111613a582cd05550af6473cd70,8737.0,2024-04-29
76262dfff8837523dd434589adc81cb8,18977.0,2024-04-23
76302cae13def4f05ec5f2328098491f,4513.0,2024-04-23
7632ce5dc236a293f57165a32245cd5c,5417.0,2024-04-29
7637f740396876d630ff232b40eb8ec5,2734.0,2024-04-29
7639ebdc7a32f0199660b071a1e1c36d,3942.0,2024-04-25
763aff00d2457187bd7afd4d5a6b52ae,1681.0,2024-04-29
76461b2cbeebf865e88c6033c7e3b324,8878.0,2024-04-25
764b6aa0a8ff3fd78ff4b93c37144e07,4175.0,2024-04-29
764c10b2a5c3724d8d0f525aeb08d869,5032.0,2024-04-29
764cccff531873b0ea1476192622abb6,9625.0,2024-04-23
7650ebec077025d9ecd9fe8174b841bb,1958.0,2024-04-29
765702c91dcaf40c8dc609a05c20967a,2778.0,2024-04-24
76574e75d484cf131fa969175747ca74,7725.0,2024-04-24
7657bb63902cbcfb8280cfe204ed1cfb,7671.0,2024-04-24
7657eaa1e7d02f302a8798736d91cfc4,8271.0,2024-04-24
765cf468535a9eeffc4bd654bdcc9ab8,528.0,2024-04-28
765ed6e5d70ef68b81633629dc567506,4203.0,2024-04-23
765f2ab3fa875391bfa959e4f4b1e87b,4838.0,2024-04-23
765f4df902dca11fc7a842fc318ee125,6014.0,2024-04-26
76603a376791129bb046fc9124ff1548,4440.0,2024-04-25
76661d9603e3c568b4d52679c5c490af,5857.0,2024-04-28
7666cbce73de94c8ced9a646d1f96895,7004.0,2024-04-26
7667c5c47ae3e4f0d5884a9f5f1bc0c1,3864.0,2024-04-29
7668fcb347571f7a933e89e3c57baf63,6738.0,2024-04-24
766a1767b6bd814689323d0cec47f14d,6493.0,2024-04-25
766a44fc67e2d9f7e40fce94c6257246,3554.0,2024-04-23
768085c6c83887322ef45893e7ae2c10,6160.0,2024-04-23
76827f6762bc4f3c8a1a3e55a38ef0d2,16592.0,2024-04-27
7686b953d50fcb31bfa86126976030e7,5795.0,2024-04-26
768e4f06e6d5363e2ff0fa58a199d8cb,3373.0,2024-04-28
7692a2db0b45e4be2c1d04af0bd68b98,10484.0,2024-04-27
7693742651ea6e40b3662457ab88cd83,5332.0,2024-04-28
76940246dd452df2d40b1e8057e7e222,7943.0,2024-04-26
76953d6bde00bc1082fe89117a531576,992.0,2024-04-28
769cf4c64f4af3b8d3f17f85c5a7f531,4309.0,2024-04-26
769da6d65075980f38583edf90f6f649,4735.0,2024-04-24
76a081030b1aea22756463cc0ef4f33b,4100.0,2024-04-25
76a74ea92f67b9ff9ae9b29eb7b2c842,6467.0,2024-04-26
76aaa0cc2bb26ffe6fcbf1e51793e7b2,3790.0,2024-04-29
76ae1a8a4bcd38385e627e0fa4607327,1442.0,2024-04-29
76af8926a89c38a5e082785d6e460361,6654.0,2024-04-24
76afa33933f1f84a134586a7456f4458,4695.0,2024-04-27
76b1580c2aba6d54bc5f9e05123e53d0,7050.0,2024-04-28
76b311177a895921acaf723751ba9bfa,3552.0,2024-04-29
76b42b125da3de81c132890a1634f8e0,6172.0,2024-04-26
76b5eeb54498da7aad4a520687154ae5,1443.0,2024-04-25
76b68f91f8f94acc90b5269717d85c2e,6850.0,2024-04-28
76b8cc94967ee273d8fb3638ca5a06e8,6741.0,2024-04-24
76bf52f6ca849d50ce32ea986e9239a4,6448.0,2024-04-23
76c07ac77fc82ac15912a6dcaac647a7,9296.0,2024-04-27
76c349caee3c499db559fdc09b24355c,3407.0,2024-04-27
76c64644e45b5098f67f74861790bb27,2074.0,2024-04-23
76c79c846f51b7aef8bc94bdbcee741f,7900.0,2024-04-24
76d2d656c9c8f4c22aee164d902a399f,6074.0,2024-04-28
76d92574c96712d3b889431c204e09b6,1361.0,2024-04-23
76dc20b94d11e13396e237ab55c8badc,2205.0,2024-04-28
76e670c698a819372d8e5440e5d20a0a,3808.0,2024-04-29
76f6d1522a63162d71d89c3c6977e5e8,5633.0,2024-04-28
77042500976e7fc67ee579194e0840cd,12496.0,2024-04-28
770f42055129964218cead255088c00a,5324.0,2024-04-26
770f67abfe87b4d82a5de463d82e83b5,12004.0,2024-04-24
7712c059d0adaf54f7bde92f443a554a,9112.0,2024-04-24
7715bcab7235b485d2d8b8338a95f32b,4180.0,2024-04-26
771a2823a33bd25744e546353a996f92,2552.0,2024-04-23
7726328c95ffaf3605005a1d4ac5d4ee,6774.0,2024-04-26
7729f8ec6aa31eb2282fbfd773479b12,8289.0,2024-04-28
7732415a8788b1149e29fc1067da5bbc,4580.0,2024-04-26
7734b136d4be8fbc365bcb62382580ce,11835.0,2024-04-25
7736db3a84e83753c7482c5c8367ff00,7173.0,2024-04-29
773da2ac7be62ca81a08a3a928f56685,5697.0,2024-04-24
773f85b14e0024b9583acb0de3fec171,6899.0,2024-04-24
7740c63ce224be7baaac70e81a48d512,3717.0,2024-04-24
7753be81c45f0c5aa10cc25790e2ae6c,3796.0,2024-04-25
7757312210624f5050b11440e4307fd2,5331.0,2024-04-26
775e3d4a51f28760338b1c79a45fed2b,2780.0,2024-04-28
7761bc35034475801c71a9a54a31619a,7106.0,2024-04-29
7762985a18915e8aa8712e37bcb8cf71,2345.0,2024-04-25
7765a1b058ca8f3d89870746d723cd4a,7039.0,2024-04-26
7767f202d7270590592acdbf2116c135,2151.0,2024-04-29
7768640a0edd70b76e291e3c4302284f,4741.0,2024-04-28
7769991c47cd6cbea9a338fc38d7ab01,2729.0,2024-04-24
7771a96768a608857c0aef7446d5ed8d,10148.0,2024-04-24
77738027c537fc74440094868daa0553,6630.0,2024-04-24
7776fed191745e360f37e74f58fda8d6,6863.0,2024-04-23
77783848f51b3da2df5598d4dcbcb34e,1452.0,2024-04-29
7779fb4296b48b93a458295ac62ef266,1600.0,2024-04-28
777e77e9ac61e6f120e1918c29224ffb,8823.0,2024-04-29
7784ffee04b3e82ecc612bdb426d6f70,3523.0,2024-04-26
77866646a540e79380dcbe35d1fbd065,10632.0,2024-04-25
77867c0f0428b5251c201ae610e808ce,5726.0,2024-04-29
778b5bacd77ae84d6d764dbc11657559,4802.0,2024-04-28
779041299d26d5506478468013c096d7,4964.0,2024-04-26
77911dd01187c3c2a657224ae47dfa38,3705.0,2024-04-28
7795b4e25280138244e4ca9322759001,6702.0,2024-04-25
7799dfc938ff176bd6248c0f9af39650,5108.0,2024-04-23
779bfd20cef32d989fb22246b19661c9,2200.0,2024-04-23
779d46c2f0c75e36e754da4e7b508c27,7698.0,2024-04-24
77a40ad7ca5331031cff29b99edb57cf,2551.0,2024-04-26
77ac3746c409854a4bb24553288474b8,2459.0,2024-04-28
77acd1bc7b7ba2fee4769990ff6cef63,2111.0,2024-04-28
77b25b798a1c74dace8395898b9ce7d1,4914.0,2024-04-24
77bbdd7c7d96c4fcfdc39d3f0a74c1cf,2556.0,2024-04-28
77cc35274f00a87a42e15cf2eadf4722,8712.0,2024-04-24
77cfa65fbc2ec0e018fe00e82c3cdfb4,3635.0,2024-04-29
77d55d9f4a368641136c4cab6ef26b5d,2560.0,2024-04-29
77d6fcb2ae1ce198204dd8d16cdf3abf,2523.0,2024-04-26
77f1f0089cbd7b2fe07c7762a1e1f9f2,5301.0,2024-04-26
77f1feb7c71a42768bd9c2e7f39c7d3b,5345.0,2024-04-27
77f329e29e4787577e95a05a0ff6bea2,2815.0,2024-04-25
77f714f6b2af5e2ec78622ff4aaa565d,13375.0,2024-04-24
77fb0cb5dfdc2b2b7bda0ba94f385e50,4172.0,2024-04-23
7801f040488c44f41b422b12cdc558f0,1467.0,2024-04-29
7806f430a6e986b2f1529d2c5b664917,5077.0,2024-04-27
780b97fc0833a04c07a8621dc325acce,9168.0,2024-04-28
781063e206a09d9af591ed975bd93e7f,6161.0,2024-04-23
7817b6bd57de991b4c5fd500e7927513,6612.0,2024-04-23
781a461672d2b5f56d94aa0a0ffd6ac4,2926.0,2024-04-26
781c4c4f3a4458408d7af5c8c59ba7a2,2968.0,2024-04-24
781f236dc8cfcab2a38382cf44d07314,11109.0,2024-04-29
7820fc23e4d4bbb00696f2d658af0745,3727.0,2024-04-25
7822df1a0f4935276c83985b9ec831e8,4268.0,2024-04-27
7825667012a4549007f032af6b998fb0,6941.0,2024-04-29
7826368e72e9d2291f0c3c84ef52353f,3888.0,2024-04-25
78290856d828dff4c3f28d6caeae8358,9156.0,2024-04-29
782a11de86cf0241b22ce9f09f7fd0a8,3472.0,2024-04-23
782b6195cfaef1e3d7248186828fa429,4305.0,2024-04-28
782be1c62bdde0aa8c84f94e78115c3a,3216.0,2024-04-25
782ca22e394b36cdddce463e6fb0a01d,6330.0,2024-04-28
782dba9da3e2a4860de7b04811176a4f,2974.0,2024-04-28
782e90ec011aca6490f4bd70b79e1837,6025.0,2024-04-29
78385522f7765cb936d7bce857489e2d,4339.0,2024-04-27
783be3f53229ad1df8e84171e9f8dbca,2698.0,2024-04-26
783c57f76f3ac088a9cfdf67bed17e17,3120.0,2024-04-27
783e412afc6305c8ee7b44b49fb533dd,5765.0,2024-04-29
7853b6ee33792dcb9f750164cff3b216,5811.0,2024-04-28
785e4859542c90640be51975d357b254,3238.0,2024-04-28
7863fb71816386791e38f409293841ba,3175.0,2024-04-24
7865b148476a057ab5199ccaee52a0f0,5199.0,2024-04-27
786988a9dde1af1459df691a57677829,16028.0,2024-04-26
786f0e84c8fba3b0e82a9dcb3203f29c,3147.0,2024-04-27
786f26ad4ded2498b82f599080e9d115,7362.0,2024-04-26
788080f94ef63d21eb67e01ff6892cf2,6348.0,2024-04-25
78818fa5e0353ab6089489d5013bf877,6167.0,2024-04-29
7881bf88c27c44b7c809a3f3717e041f,3913.0,2024-04-27
7886b0180f7ebe021688815ba4720310,6145.0,2024-04-25
78876e1fb2c631a64042f05da82f0585,3236.0,2024-04-29
7887dbb5edb8c38cc37627cb7b03987f,5004.0,2024-04-25
788878616a0e411af80de48060f8a753,6401.0,2024-04-25
788a142332a7e6241192f7782d11a7e5,6891.0,2024-04-27
788cca9e1eacf12d0b9aa71902000122,5050.0,2024-04-25
789069abcf1046358798b80c3cb87694,4277.0,2024-04-23
7893b998fdd49e8edb2932a8d2443194,8872.0,2024-04-23
789473e70a4cee7df389b29c08e51b62,11141.0,2024-04-23
789523d445165790a9d1584520396591,5732.0,2024-04-25
78958acf4a8c5f0d8a4865bc5a3c375e,4900.0,2024-04-29
7896d5481faf806d475576feab76ebd7,2979.0,2024-04-24
789b956fc6fecb7c7c1057be9798a425,1590.0,2024-04-25
789d621b6f967452fcbfc5d9530fb0b6,4060.0,2024-04-24
78a45ecdcbe8f1e8e033420d7a1c6c3e,9170.0,2024-04-25
78af1a6ff320cc2df9fd97a7ddd5d55e,6135.0,2024-04-25
78af590ab94ef05f6f8ad391f9376669,4027.0,2024-04-25
78affe1f3967e4243d22db6320f7e401,2491.0,2024-04-26
78b09ac9278813c066e062bd2c84db3b,9096.0,2024-04-23
78b17763300d0ca79d7d82254e88fb0a,6704.0,2024-04-28
78b6da163a2216cef2f98068e9454151,5717.0,2024-04-25
78bc67ed5b95dd5637ba1e2b56ee6d6d,5392.0,2024-04-28
78bcf54ad5e90f28d53afe1144d09e9a,3681.0,2024-04-24
78cab1867b0970acd1782b96ac42e6ca,5262.0,2024-04-26
78cdf66c40c247ddcf03f273dff22a55,5028.0,2024-04-29
78cffd657b5602b2ee4c2f2b12fc3d8b,9967.0,2024-04-26
78d1d46be2a37818acf115717280dd74,14337.0,2024-04-23
78d28562a531199980a69f2743aaaa73,6842.0,2024-04-29
78d8a0bc500702a3c7fbc99b2a2dd955,7237.0,2024-04-27
78de0b5c5283477b0e1b090d8156391c,3564.0,2024-04-27
78dece47a176253c57e657a90665a666,1797.0,2024-04-26
78e04c13988b8ef7dd16427c2e47c78f,4503.0,2024-04-24
78e9c08ba7bf0bb1295bd8e480119c0f,3316.0,2024-04-28
78ea2e31bd434305a9678d0a4f8c5cd6,3470.0,2024-04-24
78ec8fc0575f055bcff415a8f1eef782,2078.0,2024-04-23
78ec9381f0d2184ae44287621cf1ab53,7927.0,2024-04-25
78ef2d509c18dc3007e2e071fc9e7440,5157.0,2024-04-29
78f26012a3e3c91a3a8ca6e6d0f80977,7712.0,2024-04-23
78f2f96a18af7a0d95aef937d39e816c,9669.0,2024-04-25
78f57a3a47343bf2156a80a0fa4cad5d,3099.0,2024-04-24
79068525c9e28f38a8bad7be7cbf46b8,6879.0,2024-04-28
790cc7fcc43dfe83308e05c0f89a329f,14071.0,2024-04-26
791000cbefee3e81671e6b6a9bb452f0,1801.0,2024-04-28
79128b266505bf579bc214d9b505e4ec,6041.0,2024-04-26
7913e8c53a5e187753db2038a0bf1555,3734.0,2024-04-25
7913fe360f7f13ff9e4f74d95da908e1,4087.0,2024-04-26
7916c712d6315b031c2d490b0e1b3b6f,3435.0,2024-04-28
7918b7e7fe96902ba2059937b3ee9f4a,6509.0,2024-04-28
7920792039f4835ccac7f1b213a4eec1,5040.0,2024-04-26
7921fd4b87a0f95836bbd9e004b51ef0,6513.0,2024-04-27
79281aaef2b178b60cdd9daf0748201f,12104.0,2024-04-23
792ae7305838458d2a9980bc11356025,4597.0,2024-04-26
792c12886755092f56186d791d068827,4066.0,2024-04-28
792dcc0c3309c881155c652086c38469,6217.0,2024-04-26
793016dd7a64d0e5dd3eca470176ba22,5985.0,2024-04-24
7931e34cfb951e64cfefa5a4430326a0,7630.0,2024-04-24
79336d457b3ffeb85a67d9c91a53d4fd,2819.0,2024-04-29
793395d49d30dfd0cc2df319b107c1e4,3538.0,2024-04-28
79354104958a378ca087b225f4045a4e,5445.0,2024-04-24
79357ba857b9c158fb52c264873f5d20,3196.0,2024-04-26
7936d2f270a8150c7a0566410fa04db5,5603.0,2024-04-26
793ac2ac1292c353d79e40d9594f475e,5629.0,2024-04-23
793ba480703d7dc8d41a55990a8054b2,1745.0,2024-04-26
793bf3fbdffa17a3eae227ac50eb66bc,15707.0,2024-04-25
793e722df2b7a8a3650475ef98de9efb,4891.0,2024-04-27
794280bae69fa3853e69dcd906ddb1b5,4083.0,2024-04-23
7942b8903ace0ed4978faf21569be208,8491.0,2024-04-25
79479689daf1cd0400d9caf1a18d9801,8196.0,2024-04-23
794c0644acadca15a6b3c5fdc30fffb2,5461.0,2024-04-26
794cb566a496cb1125facff244464aef,17766.0,2024-04-27
794cf4af43a1530fd8936ea2156388c1,6973.0,2024-04-23
794ff36ae46491daf271cc157185ac77,3227.0,2024-04-26
79553fa4b81db25d999115a62a5d70b1,8325.0,2024-04-29
79571f02697ac7473b66bdc49e0603b1,4181.0,2024-04-27
7957f90c5ac308a14ae1fd49abe02b10,5943.0,2024-04-27
795e33cbe6f2c8bd62dbf5d75c113a95,11320.0,2024-04-28
796198989395fda8f179666123400b60,12133.0,2024-04-27
7964393dbcf15a50c8ded91903a4b238,11698.0,2024-04-24
7965c91a84850b69b7826db96335104c,4064.0,2024-04-28
79684cfd291a6b6109b8a5321520c88f,10267.0,2024-04-23
7969278813f2c32373316a9f316fc455,2339.0,2024-04-28
796b3f2f55ed4f3d011383d7bcb86706,7544.0,2024-04-24
796e9611aa56bf935cbf6c5ed26fbcd0,6710.0,2024-04-24
7970a2e1f2dbf9fdf6a6481d92ba333c,2738.0,2024-04-27
797570cdcdbe32baa3ea8344fed297a6,9033.0,2024-04-29
79796e6336a81838d686220c4899ac62,2120.0,2024-04-26
797cce3535c2629fd000a0e47e0c3846,3228.0,2024-04-25
797daa1a0ed75ec92dd1000194e8d95f,4770.0,2024-04-26
797e017413af63cbc210448ca2342bc5,3213.0,2024-04-24
798151db7dc61ef2f1751fcd60ea5e31,5031.0,2024-04-29
79820b97ce7bfdbe9ba11fa3f520199d,4846.0,2024-04-23
79835bdf797d99f2cadc69987882cc8c,3676.0,2024-04-23
79835ebc5e8a94c7ab448cc10d9c5f91,3657.0,2024-04-24
798acc2540364e82d8da28947ccfb4ae,10139.0,2024-04-23
798cc273a9cc25a76a10e0155a8c96be,9095.0,2024-04-27
798cc3d829f001fd2cbcfbdda13d3326,8980.0,2024-04-29
798e1d92b42537ee3a538381bb190d43,5755.0,2024-04-26
79927509762bb380f95ede2fcd434863,4440.0,2024-04-25
7994f80d22a1dec332dd27379be95ab9,8010.0,2024-04-24
79965bb7ba810b16ef30f60d209355a1,10992.0,2024-04-27
799d6e9ae645d80c45f596e97c2829dd,5749.0,2024-04-27
799eee7621df7ff066cc4d3f5c93dc37,6271.0,2024-04-23
79a15c982fcabcb0584e4ffd1417a0d8,1281.0,2024-04-29
79a26315a8de46a9689e02d4af958122,4245.0,2024-04-26
79a59954b874855b52cc8ffe3c084caa,5847.0,2024-04-27
79a67cdbf78ecfe39c9ada6ef1567cd9,4571.0,2024-04-27
79aa3cbb7b6b9e54b2361e8b430c7f18,1486.0,2024-04-28
79b308f51abfc1ca8d9b8766fd05e2db,4438.0,2024-04-28
79b3a90096bb288ab78d20577c58aff1,7204.0,2024-04-28
79b9307586cf561c0fccc67d50cb408f,6811.0,2024-04-29
79bd74151b675faec0d808ea16d46814,7747.0,2024-04-28
79c21341c82dd5d8f6ea7d7e3027b848,7657.0,2024-04-26
79c56cb026a21b5e8d6ea81fbb815bd4,6110.0,2024-04-24
79c5ff96ddf698759b156a7016b3ebaa,15017.0,2024-04-29
79c8578f467541c7943b94118b186c22,3524.0,2024-04-26
79caa34376acbc2b00c0466360667971,3012.0,2024-04-24
79daf56a2bf154fcd7daf01d711f0c4c,4515.0,2024-04-24
79dcdf92c6b0bc3d60fc7bfed870362f,6441.0,2024-04-28
79e3ef38d8994f43a44acdfd47c4b45d,4214.0,2024-04-28
79e64cb1427ce3140a54d19b2907c7a9,7364.0,2024-04-25
79e8cb24b47e6bad229c635203664f91,7260.0,2024-04-23
79eb53ca2dfd358762e4c2d1c54575d0,5979.0,2024-04-23
79edab17bdc4ad95c63ec8fe5685b6c2,4683.0,2024-04-25
79f086b2006ec21a2aadecc313f9cf32,4387.0,2024-04-24
79f6b13c08ff78c13079bc52784966d4,5826.0,2024-04-25
79f81b032ef210031b346ffa290f80eb,4278.0,2024-04-28
79f9c8c047199e57724742b844755143,2145.0,2024-04-28
79fc9a96d34ac0111a34b08f8c2abbda,5670.0,2024-04-24
79fe066a6fb88100cf63c96f055d3b20,8832.0,2024-04-26
7a00761ab161d4aa902a4e08a5d78483,7393.0,2024-04-24
7a018054f1d3f1249b8a7b3b04953fac,2670.0,2024-04-27
7a056557d452341d7fe4216b4ad64d3d,2820.0,2024-04-25
7a062301f8ca970cde498b94d273eb66,3803.0,2024-04-28
7a0748d4e96b71e358f4b0e746b4c2ae,5655.0,2024-04-28
7a0dec1ac34c299a5555f97fd017f1ed,7102.0,2024-04-29
7a0e3fb6a0df72b8f5ddb7ca028f020a,4884.0,2024-04-25
7a11bd23abe2dab0f945843145b8c325,2034.0,2024-04-28
7a1b8dac1e50e4be49b0bacedbcf1557,4332.0,2024-04-26
7a218735087a49ff5d7107e1e5d2af5b,8181.0,2024-04-29
7a2d799d091a630794557ea8b973a067,5008.0,2024-04-23
7a2f94cf0f76434b9865c51cc7c26897,8854.0,2024-04-25
7a326dc7dd6e89eb4a082c936ecc2ebb,5755.0,2024-04-26
7a3461af36a7365108e4c13a87dd3e84,10153.0,2024-04-24
7a3c1ce43b7995f38c4e207cdabfc481,3898.0,2024-04-29
7a444ce1c93433ccf33a25afafd2aef6,2315.0,2024-04-27
7a47b831ea5a2114190d00a82ec83df6,3850.0,2024-04-29
7a4b203b72300a98df819dd0dc695187,7406.0,2024-04-29
7a4f60a8aaff921aa33f9fe09868f588,2843.0,2024-04-23
7a55695d423c54ef953a07c0d303dd69,3165.0,2024-04-29
7a55822a4a78256d41619241a07ff5a0,11790.0,2024-04-26
7a5659a8ff99ea67dc8d5a616c147914,3294.0,2024-04-25
7a57c5cffed423fd16f664df6727d9fe,3795.0,2024-04-23
7a5885b04468a15c1245a3b83e31d41d,5697.0,2024-04-29
7a597ec1ef4bb0c9c6f680445055d7cb,7538.0,2024-04-29
7a5a7407244a1d57c57480518326f9e5,3595.0,2024-04-29
7a63a1f9b2c5e0c61c0f3085eb804b47,7129.0,2024-04-23
7a65b73259e02c26ae650838cde78011,2989.0,2024-04-28
7a6aa47db946a5ac7e5c70e1a5d4bf36,1641.0,2024-04-29
7a6ab8d45c6537a1361caca37902c29d,3609.0,2024-04-24
7a6b62cc34935db2e12311f63106dcde,6252.0,2024-04-26
7a6c98c8598e06000ab7e25e7ab27ca8,3842.0,2024-04-24
7a701b7929ff6c2bce81417a6be86d48,1773.0,2024-04-25
7a7676466d943819c9e9d3189a3e76b8,8815.0,2024-04-29
7a78c72b98ea86e19cff0d18dfad464e,6316.0,2024-04-25
7a79b1b3bdb9309c267c09e63879f7a5,3825.0,2024-04-24
7a7a488837519fb25f66d9890e8b62a0,7072.0,2024-04-26
7a81ad997e285adbb31b6ce0cb08cad4,6859.0,2024-04-27
7a861a6970a501d0766cffd92370dc83,2942.0,2024-04-25
7a86e91e4a2d995086ca515ddad0fa67,5939.0,2024-04-25
7a8b8d6a8248ae616da83e1d38902f61,2403.0,2024-04-24
7a8d1cb07fb720d423e2eda8fac9f9b2,6802.0,2024-04-29
7a8e997aeb924bbfd618431e32a6c80f,6235.0,2024-04-23
7a8f76bd3ea67b6a3ccce9c0921bfe2a,5236.0,2024-04-29
7a929f8adb220cea19a3c91a59aa288b,2279.0,2024-04-25
7a9332977ceb85ee0362373b5592954f,9144.0,2024-04-26
7a99ba6815407dbc8928a29d470d221f,4192.0,2024-04-24
7a99efd69855c64182719e45f23ac273,2539.0,2024-04-26
7a9ec9199bb616bfd496c213145d894a,2875.0,2024-04-27
7a9fa41d26392473768a22b4a694ee56,3239.0,2024-04-24
7aa5bb1f2717340e100bd22ffc4db6fb,3693.0,2024-04-27
7aa62981e516f3944db4241af5a069fc,4566.0,2024-04-28
7aa6df2d06685ce8e2b67a0495942ab6,8187.0,2024-04-26
7aa8a54c26992cf779981b696de8f484,4004.0,2024-04-24
7aaf55685d3920f74155a634e05086a5,7667.0,2024-04-24
7ab57caa438e897a366ca5af48f86329,6097.0,2024-04-25
7ab699006f6ad4050fb96e3f89ce62a5,6911.0,2024-04-26
7ab70c2e348d02e075dd3458b4e2785d,8457.0,2024-04-27
7abeb80f498e18a60cd921a60ffa07c0,9815.0,2024-04-29
7aca4306ed7f2289657dc993f6a6e53b,7536.0,2024-04-29
7aca86def9b8446fa784392abdc9b40c,4390.0,2024-04-28
7acc1bc887f396d2f3a67806728e52f0,7801.0,2024-04-23
7ad112116f89fa3ebd83ca29f472c7de,6091.0,2024-04-29
7adfdadb69facbe7891a40ec29bc1d2d,5413.0,2024-04-23
7ae1a7b916823510b8f089c3ce3b33ca,3256.0,2024-04-29
7ae88c77329fa45c1e630d5aedce8d22,13542.0,2024-04-26
7ae9221a2386b833e9bff57fcaeacb52,3766.0,2024-04-29
7aec84ff7de513588041a6db4b9b84f0,13769.0,2024-04-23
7aef07fa19fd4bc312301ce29ab406a2,2793.0,2024-04-26
7af468af98a7bc36e0f719e3876bd999,4615.0,2024-04-27
7af5554f7e651765bcc90ce44ed4fade,2525.0,2024-04-23
7af9251c521ee9d560628e66322823c2,2184.0,2024-04-27
7afa8d7138d05c2c5c9b50d6390d27f5,4993.0,2024-04-23
7afaa8fe03eac514292d0990e7f89dca,3223.0,2024-04-27
7afad2d0143d0bc1dc6000371f30b4bc,1762.0,2024-04-26
7afbbe6e1a14c35acfd2e61400cf7677,3336.0,2024-04-24
7b0f588e3124c3eed0501a5377715795,3069.0,2024-04-23
7b12fc0510d18128406ba74b0d41fa41,7793.0,2024-04-27
7b1593717bcff6d1eadc71740ff8eb99,8727.0,2024-04-25
7b18afa122f26c21fcdaaa56a0e5d171,5494.0,2024-04-27
7b1b74a929f56cf339b50ebb82253b12,6214.0,2024-04-28
7b1f8cb4f5f3f0e06ac2e115fe7e21f9,4531.0,2024-04-29
7b22ca09ece65f9bbf1e663563ca0a44,9502.0,2024-04-28
7b255570a7a2d8ef64221fdbf756b813,1300.0,2024-04-29
7b2c7f3eae568a0e87e5fd5cfc5074fc,3859.0,2024-04-25
7b32c118d226edba3f48850c20f1f405,6781.0,2024-04-26
7b34afd0ee47549a2dac0d45b85a3663,12233.0,2024-04-28
7b36a356c8c975c7bdc758700667bf42,8642.0,2024-04-25
7b37bddeda8e5873756eb7285c012a66,4911.0,2024-04-26
7b3adb224c61df024abe779d330c4655,4697.0,2024-04-25
7b3c280878956f5d8c9071ca7975d6c4,4538.0,2024-04-26
7b3ec4154d892bfcd8b5b5c7f8e5aacc,4446.0,2024-04-24
7b3ef4a70ec693d0597295e5ceacdce3,2751.0,2024-04-27
7b3fae002efb6f0908d97beff921050e,4086.0,2024-04-29
7b40d4fdfd6e9779cc7c53a1ce7877e8,3316.0,2024-04-27
7b4cac9334dfe9bcf6c6906dc7b0ef65,5742.0,2024-04-29
7b4f3cdd95716c4734d88d2fbb1da1f1,3869.0,2024-04-27
7b53a5d23aecad2ad79a5b4c419679f1,9829.0,2024-04-29
7b5786327c7d7bb9e02dd31000c616da,8080.0,2024-04-27
7b5848c6ab79d223bc618a18f5722519,3047.0,2024-04-26
7b608f27e4f9a4d388590b253a336a7b,1782.0,2024-04-25
7b69aa43a550b524b0436a2c3bdc1c40,6319.0,2024-04-27
7b6d6c916a2c48ce2e08fe0224b98cd6,4850.0,2024-04-24
7b7cef3e45dd8eec6c5822d7f6cda0c9,3280.0,2024-04-27
7b7ef464462b91e0561f2ddb21b94b71,1806.0,2024-04-29
7b8354eaff14936607311b053de314c3,4523.0,2024-04-29
7b8de6bd409e1e3b2c4df8aa295f09bf,4982.0,2024-04-26
7b9a4d4f3923f88b9c190774efec14c9,5056.0,2024-04-28
7ba309a41724e39271db09dde03144a1,7943.0,2024-04-24
7ba4ee473c8827aedd41f34141dd5596,3749.0,2024-04-28
7ba7f082497c26ee1383b0d777606f56,7324.0,2024-04-23
7baabade912c9cdb012128405c48c281,3650.0,2024-04-27
7bac6be456b4ac71a9620a87a59d6efb,7568.0,2024-04-27
7baf270e457c4364c60cc86a9dc38b51,5250.0,2024-04-28
7bb99e32c9b8097b5cdc934e5b827916,6839.0,2024-04-29
7bbb2e737b859eb1344c7dcd5f635b3c,1385.0,2024-04-23
7bbcfaf3ff221baac468ef2e12f688f1,8641.0,2024-04-25
7bbefb5d54ffb84e9ee093720feeb876,4014.0,2024-04-23
7bc06cd594987f352d85196a3aba27c2,4915.0,2024-04-27
7bc1d5d79d87b18594327d61304903a4,1710.0,2024-04-23
7bcf4c1afbb2872aec95eb4a0b9779a8,1720.0,2024-04-27
7bd498a8bb75836d89ec066e95836f92,8363.0,2024-04-23
7bd67d98fe0347fc7d22c368a92c8564,6811.0,2024-04-26
7be42ae7be5e0d751be6b58e43030b7c,4757.0,2024-04-27
7be654ae5e6c1f45cea689cc5530d64e,3056.0,2024-04-24
7be9ef0216fafd1c249483d57afd767a,2512.0,2024-04-27
7beaa653bacf2c9727acfe8df0fc74fb,1840.0,2024-04-25
7beaed974c89a33e7e9fdbbed4239213,9857.0,2024-04-28
7bec8b31d91427bf198214fd105babd7,7286.0,2024-04-23
7bf2f5d18cf221939b7887d6829b0d8b,5331.0,2024-04-29
7bf85bfffe12286df24c93dc060edc70,7251.0,2024-04-24
7bfa2e6a245668c8f1ec42dbd5b349cb,8978.0,2024-04-28
7bfec648b3fa66081cdd11fdced2bc1d,5503.0,2024-04-28
7c00cdad83bfe6b7465a6e2c525f15f5,3689.0,2024-04-26
7c014e4f67bd5f22c44fbf19a38026ce,6898.0,2024-04-23
7c01c47adde5f523919233e5bf20c1ba,4183.0,2024-04-27
7c028c75ccad474d96356568d21003cd,2562.0,2024-04-23
7c04dc93a95f58919549a09fee218abe,3209.0,2024-04-23
7c0da914506cddf7eadc083274a022c0,2642.0,2024-04-24
7c1186ba37536fb017644560e79b4c0b,3056.0,2024-04-29
7c14b99a7e03eaf3031bed98f9a39e37,4429.0,2024-04-28
7c1b8305f309fe82b81b121fb67e4537,1997.0,2024-04-24
7c2adaf365e6386890ccd63532fa4e61,4606.0,2024-04-28
7c34db86bb9272cf0672e35bb9ded938,5822.0,2024-04-26
7c3b91d3f328ff142274be9e50fb69ee,4785.0,2024-04-24
7c3eb9761fbebfd5b3d6dd74df161fb4,10934.0,2024-04-24
7c3f5e4396e2b9af46f5fd8ef2a1872f,3074.0,2024-04-28
7c407a700785ef91fe383bcfce24d7de,1729.0,2024-04-26
7c40d8f7f2cd5742e046fca0f93894b1,5453.0,2024-04-24
7c42f67fecf067b1f7cd75abc02f9217,3387.0,2024-04-28
7c45d2c8f186a1952b400dbdede510aa,3638.0,2024-04-24
7c4e47fa0f8a22c8c4e95735a527507e,6984.0,2024-04-29
7c4fc214089607e70c94e494e735711b,11523.0,2024-04-26
7c575749c1faa14936f089e168edcbc8,4018.0,2024-04-29
7c6437238c22e0614e4148d4e905f87f,8194.0,2024-04-25
7c646ef1ba7ad653c140a810f6ba02ea,2714.0,2024-04-27
7c69141455026039a6903c15d5d82cbb,4480.0,2024-04-29
7c6ae0fdf7034ea0df0b08166dbcc0de,9527.0,2024-04-26
7c6db2113d30e83436032885ff2355b1,4691.0,2024-04-23
7c6fa507074ea13d3ec33f62ff7039bc,1301.0,2024-04-28
7c6ff9e11acb81dfa4c1a845c839284a,3767.0,2024-04-27
7c726cfdb94b0c194521fb20919829eb,5667.0,2024-04-28
7c7c088ffe4655185510f9cbc8e3cb35,5318.0,2024-04-27
7c7e5cf172eae8f315fac8021e0d5acf,3579.0,2024-04-23
7c812924e802c30918592ad4456bc00e,4054.0,2024-04-26
7c87f3b68ebbe9215936d13cc19763da,7131.0,2024-04-24
7c8e0d4484d9edbed6d9e9390b33aac3,2677.0,2024-04-28
7c90a694f8e89e6df5cb361ac0447d2b,9023.0,2024-04-27
7c9265b5a645a62ea4f69b66583c43ee,4920.0,2024-04-23
7c9e3501c1e590ab3163d2bc716ae34e,3971.0,2024-04-24
7ca4dd46d461f74cb42dade2366176cd,3348.0,2024-04-28
7ca50ac68d66b6c6a6370d9aafab49c3,5576.0,2024-04-26
7ca9bd6dac6c6981bed2a980e306b437,4311.0,2024-04-26
7cad27c90432e34fcd15f5d36d88d067,3561.0,2024-04-26
7cae5fbc99d988248c9bbcff7ba1c8f5,6515.0,2024-04-29
7caf00208ad2ed0da9885fe3b4566e81,10155.0,2024-04-29
7cb93fbe1d12f68eeb2f69e009c06387,5325.0,2024-04-29
7cbac8fad07ba61004dbcfda2301c1d8,8084.0,2024-04-23
7cc591f61ffb843905d836d52aa5801c,8263.0,2024-04-24
7ccdfc7aeb9595fab3cfa27fa32944e8,5222.0,2024-04-28
7cd3989ce46620a8de61e83e9bf721a2,3970.0,2024-04-25
7cd82da2288bd0e17faa690be8f0dc36,3170.0,2024-04-27
7cdb723c4555f57e04ecd450cd5afe2b,2643.0,2024-04-23
7cdb9c4b7c26b0173817ec35bb0b3aa3,6871.0,2024-04-24
7ce18c0b9f6144ba50639e06f90954a7,3049.0,2024-04-25
7ce4e81256d506f3cb5cf40f9a768f7e,2727.0,2024-04-23
7ce71308748ebe5533e7f4b442f71e3e,7483.0,2024-04-25
7ce79c7d6e070cac60d9a7640b6c1c68,1399.0,2024-04-24
7ce837b89bff0f631e65e61b61861af3,5551.0,2024-04-26
7ce9113384d56cc717671fd2791348f6,2893.0,2024-04-25
7cecc694b0e3981c42000fe1afea1462,7264.0,2024-04-25
7ceeb77d9103fa5fc89ded65745f28cd,4261.0,2024-04-26
7cf1f42f088878339f167602f2c3d6c8,2835.0,2024-04-23
7cf95e1ff9c287f0f5941e02731c3519,8201.0,2024-04-23
7cfa87f1006f88054a8c4f84e7077218,2455.0,2024-04-25
7cfbc500047b01fb7510447b9d2ffa81,8917.0,2024-04-29
7cfbd0ee268f5e4b1f3a39ce8a8d5c82,4390.0,2024-04-29
7cfc28e8c870aff040cd1238f367c017,7676.0,2024-04-27
7cfc3fc60c63d0d02d3bedc4feb953cf,4709.0,2024-04-29
7cfe7b021a364515f4b9f6bd61c5ca31,7403.0,2024-04-26
7d00cdeb0196f94a0ce4e0ef890860b3,4477.0,2024-04-27
7d01658bbc779d156660c0c47de5bfd0,7618.0,2024-04-26
7d0c8e5e4366ef5c0a231e196d1ac25d,6987.0,2024-04-23
7d0e6ce7a0afe33af8aee273e5d5f140,5961.0,2024-04-28
7d0ffcfabe4c7e0af51ff93716874310,4951.0,2024-04-23
7d13929cead006134e0498be3637428e,1910.0,2024-04-24
7d1876b0647f1cbec8ce3772d2befb6b,6210.0,2024-04-28
7d1ce28b7309df2b3ed88b6bd8395434,6711.0,2024-04-26
7d217c51bf8828969b93e616e5a3508d,5052.0,2024-04-25
7d243ae5557e418bcfbf5184aabd2cde,5664.0,2024-04-27
7d27733052489a2fc8babf84c07acaa1,4932.0,2024-04-23
7d29b18c06741af720b3f721de9ae94b,4609.0,2024-04-27
7d2e94bae1a6b88c84d8628555ba7397,8481.0,2024-04-25
7d33facba7807b4605d2653574057738,5161.0,2024-04-23
7d35a49b9cf7727c153639ef9659998e,3969.0,2024-04-23
7d389b6e3129fd7c1d6ce2ec676c6c26,6878.0,2024-04-25
7d401389ec2dfcb97e321163f8ac1bde,12773.0,2024-04-29
7d486f6a746b7537687a4f00ef1c790e,3299.0,2024-04-29
7d4ba38512ecf6f27d88c48a895d36ca,8407.0,2024-04-29
7d5896b86a65c27288ef3d519f528c6b,4222.0,2024-04-25
7d5f4e070df967c7ca2c65e808b198aa,4190.0,2024-04-27
7d66fdff86d54b44e9e06c07b418549f,3948.0,2024-04-26
7d6900e443c26055a089fdb1bb3085c0,6952.0,2024-04-27
7d69baa852a957251a298b79a5bd2cea,7280.0,2024-04-23
7d6a6a413867110ad06b9f23610acd4f,4243.0,2024-04-26
7d6b87e4230293c3ed0116cf65d27cb1,1564.0,2024-04-29
7d6f3085faea76d11600b4ddac39f846,9207.0,2024-04-28
7d702168f5250e7f51ce408c4e50721e,3743.0,2024-04-28
7d709812557d52df14a98f55d68fe00c,5852.0,2024-04-23
7d709ea47dbe7c008119d6809c3646fc,3229.0,2024-04-29
7d716eb7c710db6357eeb73a0134b155,2588.0,2024-04-26
7d731d4204411f99b5b7493c8ec26d8a,12368.0,2024-04-25
7d743c26dc0fbbacb1fa351c4c34ddff,2312.0,2024-04-29
7d74a141f8c5434f50e812235ce96060,4744.0,2024-04-29
7d75fb7bc28d282e601e3c2649c233b7,1565.0,2024-04-24
7d7924919de15cc1f1c65ab8396ee3ab,3872.0,2024-04-26
7d7bd7c126f7bbdf179b7fdc01e1e771,5435.0,2024-04-26
7d7ce4c7376d4a4b722119dbf8e229a6,4523.0,2024-04-27
7d80c84a1970177df315c8876671a6f5,4621.0,2024-04-24
7d894a7bfa24f3bebe4f8dd7084cf8de,5494.0,2024-04-27
7d896699a089184d6124d3cf6f7209bc,3581.0,2024-04-26
7d90946bf851fcc6f837b9b843f53596,4286.0,2024-04-27
7d94ae64581a1b4a1a0a69175d436667,6613.0,2024-04-26
7d969352ff9970d0b19e6d69d8628ca4,13935.0,2024-04-28
7d97c45a6dba180eb64aa169e6b12189,1127.0,2024-04-29
7d9a6e492dc70f39052c9eafff2504ea,5018.0,2024-04-25
7da2e227122edec1c2de2867d1dcd333,2677.0,2024-04-28
7da78bc4d41bf1215604751bb45123e1,7233.0,2024-04-24
7daa2a80e98a8a37c8505017c26278e0,5032.0,2024-04-27
7daf6c2894f6835e9afd6073e62b7cac,6193.0,2024-04-26
7db4a2384f5e8189b9c88a9c3194f5ef,6101.0,2024-04-24
7dba116e4675438b5cb47ca196a3e012,7902.0,2024-04-28
7dbec13543d2e8638ca4ae9aa894f254,2790.0,2024-04-24
7dbfe8084030a0690ae37c3b184b3258,1512.0,2024-04-24
7dc10fce87076fa41f94a0e69427148a,9239.0,2024-04-29
7dc5bfa5b9d93c92e6b7c179220a9f42,3292.0,2024-04-26
7dc73636dfdea5ad4ed7da6e57b96196,4877.0,2024-04-23
7dc87e40f3c0e591e3481f3df5ce8ae7,6638.0,2024-04-26
7dc9f0e95c4fe1128c6a464e0595a019,7263.0,2024-04-26
7dca1c778612ddfc584fd1e6d4ea2b5e,4277.0,2024-04-24
7dcfa90ac74b540f7dc2c15769dc7bed,7517.0,2024-04-28
7dd0e4314b0aefd9e886a27d3dba105a,8483.0,2024-04-27
7dd676113c05131e561d026b888c07cc,3032.0,2024-04-27
7ddd987568bbdee06cd2b2f693e61e78,6998.0,2024-04-27
7ddf08110ba703fafb76e0ee2028148a,9762.0,2024-04-24
7ddfffe8a1b85f07a31d314123c1f01c,2803.0,2024-04-24
7de02ba582b4a9a7ffb6c1e1dd0a5f52,8884.0,2024-04-23
7de09f7e46bcde8c2f6af697e5fe048a,11872.0,2024-04-24
7de6a7454e650f26880f7595e319cb01,2086.0,2024-04-25
7de7367767dc6a443ce0e34ed78d7e0b,4691.0,2024-04-29
7deaabbdd8c84048c171c8c892461633,5944.0,2024-04-24
7deb46cd110486fdb13c1798a85c1ddb,9246.0,2024-04-26
7deed545269405e98dd76dfcc66fda15,9735.0,2024-04-27
7df0afedf7b0891d80f54d110de6a51b,2471.0,2024-04-26
7df24ef104173c7697076c98b5ec0213,2029.0,2024-04-24
7df626a180a7fd63e7fa267df72e219d,4677.0,2024-04-28
7df74a176165efb73c8d662469482bc1,1650.0,2024-04-25
7df8f2351fb6b80ccaaa691e5c3c8404,1958.0,2024-04-25
7df98804e692759af000ede8b0bbad1e,6571.0,2024-04-26
7dffc465d1096fa42dca1a3ef70b6e23,2698.0,2024-04-28
7e024a68692c87a043588b63eb6089aa,3131.0,2024-04-28
7e0b461ec480eaf7cbc346940e160362,3363.0,2024-04-26
7e12b97ff8a23449a126a5cb1a861119,3566.0,2024-04-23
7e14c6a4281c468cc4a10cd58c7d0659,1854.0,2024-04-27
7e1540f38bba725a92f1773d561a8daa,7572.0,2024-04-29
7e1a0389c891a8c5aa622e246da91a4a,6924.0,2024-04-24
7e1aa8524ab56fa912f8298c49812c05,4490.0,2024-04-26
7e1e6eaee91b2ca0b805ad8bea4d8582,5175.0,2024-04-28
7e254eba8ded30d79431b81c71071617,7531.0,2024-04-27
7e266cc1e5e9046867ee24f603e05bc9,8191.0,2024-04-23
7e2b5bb3515d9843ba8fd1d38a5ea86c,4716.0,2024-04-23
7e2d95bd57caaaa91026b46425a0319e,3748.0,2024-04-23
7e34102c53afe709205d9e734c43e871,6909.0,2024-04-26
7e35567236e9af1024619c572da56c7d,3657.0,2024-04-26
7e38468c5e280f820ae76af860da0f0c,5909.0,2024-04-25
7e39163b2391ab8a3166ad777a246694,3779.0,2024-04-29
7e3ce737c2c63e12c3fa0a34c4dbcda8,11681.0,2024-04-24
7e3fc0d2465fcd7dcf81b7a9bce01767,7990.0,2024-04-23
7e51a3629bd2486a2fcbae60e9da28d4,6141.0,2024-04-23
7e540c8a57ade39755d48003fb1447a6,6528.0,2024-04-24
7e5cbab5a25be1f4a41b68eab7a2ba99,7197.0,2024-04-23
7e64666d6dc21779f9f1d5709bad6ad8,2002.0,2024-04-23
7e65507d49456893616bf7da7d37b573,6760.0,2024-04-25
7e6a5cc806222b6fd4d4b5b11598da25,5563.0,2024-04-29
7e6abb0f81a6dda8ba0a24efb019f892,607.0,2024-04-24
7e6d81ab3fb046da590a6c7f55d4505c,1945.0,2024-04-23
7e6e52b6e0c2c8e0e2debd37d11f66fa,6023.0,2024-04-28
7e6f751e317c3c400228520b9ecfad4c,1625.0,2024-04-29
7e75ee599b1f4b1ce953789be5701e11,9486.0,2024-04-25
7e7b4314225580527ab38d8a36d869bb,3912.0,2024-04-27
7e8309a8c15421f9da25488466fc1d9e,1930.0,2024-04-28
7e85eeb92016380b38026d8c808329b7,6554.0,2024-04-23
7e8bfc2a656c7ea7c59909921b013727,6664.0,2024-04-29
7e8c3b53697d74019350aa8838b212e7,12437.0,2024-04-29
7e97b96e58f5d199ef399bb29178f817,5991.0,2024-04-24
7e9c1d02ba6acd4116a80f1ae440a755,4668.0,2024-04-27
7e9d2d08a1d6cd904438ea527df08b80,5346.0,2024-04-28
7ea3282b6f4e304a9f2a0a1f1d65a855,9445.0,2024-04-29
7ea8f9024c69209ed1b3fac053f6b3d8,6240.0,2024-04-27
7eadcf301659a708fd7c5725d726a6d7,2580.0,2024-04-23
7eae54dcd7f5808d982174b1a7533e63,5309.0,2024-04-29
7eb5122bc7fac99dab9658625caccd1e,4349.0,2024-04-24
7eb7e34fb9a950ec56366f0e1155283a,8465.0,2024-04-24
7ebcb2515752ecf70520b05c7cfa37ec,5694.0,2024-04-27
7ec164946c803cfbae8535462bef211f,5844.0,2024-04-25
7ecaf681ff0eebb0f8413bd944f4c88c,10575.0,2024-04-28
7ecc7e5f6f1b4182f63a92641abc2bb7,8823.0,2024-04-27
7ed093b2490ef863b9c10711cb53b34f,15578.0,2024-04-24
7edcb9983cd688d412caeec0a88d0724,2459.0,2024-04-29
7ede0ca1c9a423deeb19b005f821a7c7,10362.0,2024-04-25
7ee270f7dfa8b154641fe8bd7ee78d2e,5239.0,2024-04-28
7ee4d443b71016c271ddab72cfdac784,4992.0,2024-04-28
7eeb78f29ad67cf6c191350f0174dc83,2346.0,2024-04-29
7eef798b9627fdb2ab2ebcfde47ab61d,4429.0,2024-04-27
7ef004dbaebd81425c4eb0097e29ef54,14806.0,2024-04-24
7ef1cd97d052236b373839e291b88b33,4345.0,2024-04-25
7ef558a13370ed0550c753e39f723ecf,9544.0,2024-04-23
7f040a685f0419fef2976420d52845bd,3958.0,2024-04-27
7f0aad06ba5ce7d6bad604c88725beec,7668.0,2024-04-24
7f0c4ccc7aba2ab8c52c179fa7a24b17,5048.0,2024-04-24
7f0e7e9bde5082105fd2cef7a21d1f96,9164.0,2024-04-23
7f11c622196699ff6483c3d93751fa5f,8748.0,2024-04-24
7f1ac32e2bd439a73128ecb3aa7719af,3179.0,2024-04-28
7f1c3ee0c064c2398c954f72f5fa6a22,6875.0,2024-04-26
7f1d6d8a197d5572d0e789aa2266cc08,11318.0,2024-04-28
7f269fd70b218a76c0f6871942c6dc03,3554.0,2024-04-24
7f2fab2db9aca480611484d4e89a65ea,4553.0,2024-04-25
7f3853408eb081068a6f4ded164359d3,10523.0,2024-04-26
7f3be07681bd887bd56998b7b7868088,4923.0,2024-04-23
7f3c2225cae2b034555750619ccfff25,3643.0,2024-04-26
7f43a386c769a352932ce665216529b9,5248.0,2024-04-25
7f4cd52f80e97f99b93d6d0fd465e953,7556.0,2024-04-24
7f51f9fa460aea77fef07021d2ee7783,5792.0,2024-04-26
7f521cffa25beabdc7555f48d4446575,4136.0,2024-04-27
7f5b5606b8c0d4df24a387feff654090,1837.0,2024-04-24
7f5f99caeec306733c802a223897fa46,4210.0,2024-04-28
7f5fec0e14f3a72f5d4ab4af0569ba76,16639.0,2024-04-27
7f63381a9f4182e4789c9a9945a7f947,4498.0,2024-04-24
7f68e60c17d87ab2d5020217f256b0d6,7321.0,2024-04-26
7f6a81702cf5ba7729a5fd2d6c16ecf5,3560.0,2024-04-27
7f6bb503c9117a935886dd42331073c8,9391.0,2024-04-24
7f73dd00825a901a7c2fc017b3dfda65,7800.0,2024-04-28
7f758314115b3d44b6b2822c235db338,6844.0,2024-04-29
7f78505e904906c0cba40383e4030c90,3801.0,2024-04-29
7f78cd2831088805ef1d017ed5b62d84,2560.0,2024-04-25
7f79d155f8f013a6fa3e1669e2f90680,10167.0,2024-04-23
7f7ab4f4d1a951786920c7ade973db69,2054.0,2024-04-27
7f7ff5930e5cecced60ef52c60d8b67f,3814.0,2024-04-27
7f80898d181ca28386e91018b64e4ae2,4500.0,2024-04-26
7f811b88ba47e9cffe1f079414e071f3,3453.0,2024-04-27
7f813419df17c63ff401de2a4f45ddf2,4724.0,2024-04-27
7f859072b07d6d31e18fcd67d50ff020,4079.0,2024-04-25
7f86b63b475256016928fac0b89e668c,4362.0,2024-04-26
7f8a756cf0649115a7c264a75376e434,4134.0,2024-04-25
7f9164dd3ec8a9d174357c1561981274,6865.0,2024-04-26
7f982e3ea75f7ca4c9e1219b26b6d288,4770.0,2024-04-27
7f98c8c068414253e49cc2b719e3203f,3697.0,2024-04-26
7f9f97a2486410c88504e307a738f88f,10561.0,2024-04-26
7fa0b116ef773939f9d92b532b7ac0d6,1660.0,2024-04-23
7fa9d2a9b93e4a67e95b07effdc085d0,7707.0,2024-04-28
7fac9b12ef70520da2374784e67c403a,2805.0,2024-04-26
7fb992ef883042c9690cdc0999bc13b3,5673.0,2024-04-23
7fc06dbafb5a57af1638b8c16f925a57,3298.0,2024-04-23
7fc17075a712054098acc8cca327a539,5982.0,2024-04-27
7fc85851d10ff10148aa2dca2528106a,3548.0,2024-04-24
7fcb007fcbecdf8c58d763c5a0316d3a,7962.0,2024-04-29
7fcb27b608ab7a2bc57f542d6699adca,5530.0,2024-04-24
7fcd90fbb9f5fe2526a9c2dab77306cd,5672.0,2024-04-29
7fd532e97a4ae221f5f106887a78d4e0,5656.0,2024-04-25
7fdc2770a3f1e279978f6aa0a05119d8,4617.0,2024-04-26
7fdfd77df422ccea4a652b3328afa01a,14405.0,2024-04-26
7fe36bfc568448e4c6704fa6b9e67396,7401.0,2024-04-29
7fe67e227e1732ce180a0a1deab60013,2864.0,2024-04-28
7fe78cfa18afe4c049e3b171c2609983,6040.0,2024-04-27
7fe8be09d52b6ed96bfbba80b5bd9d90,5715.0,2024-04-28
7fe92c4d19989d236c20dac9a327c74b,3684.0,2024-04-25
7feae3491adbe99dbb1b23511d200861,3884.0,2024-04-24
7fec908202c82e41c427916e2b99c593,9900.0,2024-04-29
7ff0956f05f61a06301bec805bc1fde2,5018.0,2024-04-25
7ff658140c1550f9ff73e17e6927b10b,3846.0,2024-04-23
7ff947885a8256bbb5d1bbd97a418d97,9005.0,2024-04-28
7ffc394726a8c80ed79238e281f43d0b,5606.0,2024-04-27
7ffce2f1115f41b7d19f8a632f20ed20,7706.0,2024-04-28
7ffd2ab8ef4024ccefba7f5817dc5d1f,4624.0,2024-04-29
7fff8fd3530a7625e8cf5668ad181abf,4914.0,2024-04-25
800006d7b12316dd38f68fb9f9dbb30b,8487.0,2024-04-23
8001a4d7ece0d0e77dcc7d78e0f65f5e,8550.0,2024-04-27
80020ee6cfbcadc627e30633259628e4,5906.0,2024-04-23
800561b3bee0d4053ce8d4e2f87d5272,9237.0,2024-04-23
800c65d299ab2a10231b5affce2b86f5,1269.0,2024-04-29
800d1d129646e28ecb8842a47d94c433,2309.0,2024-04-24
800e1d94cc0bec92735370c42484a4e3,7445.0,2024-04-26
800f1c90a57ded066d40714eef921eec,9294.0,2024-04-25
80107bf7f8b93cb43a45f472207f5e0e,2785.0,2024-04-27
8014661aef16d71a6d79ae8d3f236760,1803.0,2024-04-23
801fe98d13e2c29dca4f81f9f60c1377,4948.0,2024-04-25
80222ad08b590b84f90d25d64a4462a0,5454.0,2024-04-28
8024217b197b77757232ed121735c710,8224.0,2024-04-23
802cb27b2e770c76285d04f8a5e52b31,4533.0,2024-04-29
802e0f95d79a4ad8a26be7a98dadf2ff,10884.0,2024-04-27
80379e3bd6831fd795758834d506b892,3171.0,2024-04-29
80389702e8a71e0fae5e23f85a339b1f,9797.0,2024-04-27
803ee0712b790e5dbf5959a5396c2b10,5334.0,2024-04-29
80408472ca7a17508c911f50e630381a,3607.0,2024-04-25
8043201aac97b94cb7dfa94ad25c332d,3092.0,2024-04-26
804deddecaac398367084e93acac41aa,3655.0,2024-04-27
805334523dcccddf65fb81e4f2bed8f7,4396.0,2024-04-23
8053e0a8b769082b5dc12a0b7b8dfb5b,9061.0,2024-04-24
80571da2f49b102e3d306704ba73f3fd,5191.0,2024-04-27
80578279882bccad4c41d276d783aa1c,7989.0,2024-04-28
806bb23b2d386af6687c8bed9736f195,16286.0,2024-04-24
806ea1f156e0bebd23166c8e7950c2b5,5535.0,2024-04-28
806f3838047f8b8f177d058f81e090aa,7500.0,2024-04-29
806f731b1f817d945156ef4cd14d7fbc,8993.0,2024-04-28
80713ebc8526ad0ea2a19f22e639d52e,3647.0,2024-04-24
8076fbe3e4507476d1da6444152a70f0,4066.0,2024-04-27
807ce8fba46ff7ec67fdc962ac15b79d,6768.0,2024-04-23
807ddbef99c602824f7bf3ddb9d38137,1763.0,2024-04-28
807e1f7d4320d20febf61f78f892336f,8007.0,2024-04-29
80807dd4d79bfc71e15fa14126683b4e,6328.0,2024-04-25
80809937de8243d3bcec77982c4e0efb,8075.0,2024-04-26
808807ffad165acba87e87b6c999b984,6090.0,2024-04-29
808df44c7580f22cdf97f7332f3d5f36,1637.0,2024-04-26
808f9ef10d2b9337c5ab46620fda5cc3,3611.0,2024-04-23
809157d5bd7926dfb05e69f1b02b1e3a,3743.0,2024-04-29
809a508e08c1e94927765f1b4c373f77,4195.0,2024-04-24
809bc8c10f19ecff3359541c1c796a8d,4061.0,2024-04-24
809c1fc3f9a3fc51bf6f9637737181c7,3037.0,2024-04-23
809f89fdfa9eb30626a481492e178720,2424.0,2024-04-26
80a513bb2f79c07f4ab50f2e13af2c73,3243.0,2024-04-23
80a660c4414c8aa79bd8e5769c0d84df,4321.0,2024-04-25
80a71ec0247edb57cddf52d02573e7a9,2407.0,2024-04-29
80ad3c9406459e6b79cda8d4583815f9,7379.0,2024-04-26
80b0e4545883c622cee8799beec9baa0,6127.0,2024-04-26
80b17f4bffd3d586818537792e40a761,3088.0,2024-04-24
80b4d79eb4d97a8a50ccbbe75e94840b,8131.0,2024-04-24
80b80516e5a1e87fa9ec3df9ba28d24b,4812.0,2024-04-25
80ba64d532811bc32ce4803755830125,4642.0,2024-04-29
80badb05c3c3876cf58a18eff26d973b,7801.0,2024-04-27
80bc1a2eb39d659bcee6e6ac44c31125,5556.0,2024-04-28
80bdc5f587d8763a2683ed4b63dd96da,3658.0,2024-04-23
80c3f145f1c34fdf3dd5851c3eeaedcf,2098.0,2024-04-25
80c7860a185936c8d4d8da57b4bfb2cd,3041.0,2024-04-29
80cd35958cf3265edb2f22bf02a962cd,5066.0,2024-04-23
80cd83535edaf998d714ef00121919d1,11043.0,2024-04-25
80cf7bef7356325043717582abfd3e8c,4775.0,2024-04-28
80cff22afeb04e81ddb1560a1a638eff,7663.0,2024-04-25
80d0d6af6203a5a9d69e38e72c1b6b3f,3942.0,2024-04-27
80d381d213998375ad7d70413431dde6,4850.0,2024-04-28
80d425e7ecb9092c57711a7975d9a865,10479.0,2024-04-24
80d599241867bdb0f9667b461d2f2321,5365.0,2024-04-23
80d6edf8096e4a3d090f277fc6946414,7711.0,2024-04-28
80db59259d300836448e5635b773d978,6888.0,2024-04-27
80dc08ff19366b43d97704104bfb13f4,5024.0,2024-04-25
80dca31d2ccb7028bd131ea143f5925c,2491.0,2024-04-28
80dce09cda6abcaa4c9faff06041b9c3,2626.0,2024-04-23
80dfc70d944a492a253038b83a2a4dc2,2226.0,2024-04-26
80e14299f2ac65d3ca11a1919822e4c0,1003.0,2024-04-25
80e715234757318ae8d400bcd99c738c,2094.0,2024-04-25
80e74a2aa7dba04d10db426f503f1ba8,3862.0,2024-04-24
80ea56bf44e0dd47f2b5a8340c7fb490,6214.0,2024-04-26
80fa720836dbb0edc4bff16c2c58f137,4236.0,2024-04-25
810010c2347d19c38917984696e04e30,5737.0,2024-04-24
8100465b0167c947907ac254c6458a54,3377.0,2024-04-23
81067b46797d3583f291dcb7d0497f0b,4165.0,2024-04-28
8107dde55f38c327f34249666bf5aeef,4150.0,2024-04-27
810ee66d1aa79435f42134024dc7068d,3732.0,2024-04-26
8110d680a61ab170e2b5dba910dd5d92,5428.0,2024-04-23
81121f13e34fd0d02cec1d5d10266bc1,10362.0,2024-04-29
81130fd405b36dd35e738db9902d6240,9264.0,2024-04-23
81148461f52c752cb771c6934fb0cb58,3854.0,2024-04-27
81158fa3dd5cf569160dc8c6f89fa449,7456.0,2024-04-29
8116eab06227dd1d3117077ea9d03b5d,5002.0,2024-04-29
811bac4e99657a6877f5bf592661ffcc,9600.0,2024-04-27
811c38b3b896090dd7f270f2438bf46a,7376.0,2024-04-28
811dd4c0c79a57a9ee84518df86535e4,3568.0,2024-04-26
812100fd2c4a8b81196ff2ace8acd4b6,10932.0,2024-04-29
8124172587e90884edaf81cc1fd92ecd,4018.0,2024-04-26
8124fd547efb1576b32e3026835eca13,8690.0,2024-04-26
8129403276a88bd619b2b4118dcd7a48,5338.0,2024-04-29
812ec6bc6a3403a96f71787ea6f83ff2,5328.0,2024-04-24
8130c5bb048ff337fb96a421db9678a1,4939.0,2024-04-25
813111c2065ce10fe579f5bfe157e435,4200.0,2024-04-27
8132d670f451dafcb97be7cae3297e46,7389.0,2024-04-26
81356f276f01b313e2b5308c664695b6,4769.0,2024-04-27
81429a45821fadee6846ef8deee6d31e,6558.0,2024-04-25
8146dd478f0fde79ccc78d463ce8870b,2671.0,2024-04-27
8147202aeca525f853a0250d4a9d9e48,6175.0,2024-04-25
814b0861a9b1f914da56d824f6a30708,3797.0,2024-04-27
814b6aad0588c6268c2b4a9ec701d96b,2449.0,2024-04-26
814e9ecd8d12c1f387d7710a0b977587,5977.0,2024-04-28
81511e17f6b940ff7936f54f73a2217b,3080.0,2024-04-25
8152ad35b9b01069641bd790e4cf52bd,5004.0,2024-04-26
8154a70d94f13a1862982da1e896242f,3650.0,2024-04-27
815c6389080d78d4c4d7a359742b7957,3017.0,2024-04-26
815f13c4eb50e7d00c77d37ab91ab4ac,1412.0,2024-04-26
8161e23731916481dd6f6af106070bc4,8120.0,2024-04-24
8164032fdbc1160766420b06a23e2fa5,7326.0,2024-04-26
816c0d1d3ddcc384be5b764af137df0a,4841.0,2024-04-29
816d4b95676d3d0fcd733f02eb95c633,1739.0,2024-04-25
81783f8bf1712b554891b3a4c164d0fd,2064.0,2024-04-29
81787b8303e357bdb0c5ec966b16e527,3834.0,2024-04-24
817a131168a75b53a6fb4b4d0bb6e8e3,3982.0,2024-04-25
817e3956ef881130be3a22a9188e3be4,3565.0,2024-04-29
81801f181255be638c5c943e6a470cbe,3525.0,2024-04-29
818bef29fcbb3e8506bb32750b577b3c,6765.0,2024-04-26
818c3ed42bac360c166584df1cef3036,9930.0,2024-04-26
819162468adbd79006d968d392b5c867,2689.0,2024-04-28
8195b59f8a46cfed820d35ef7488e58a,2038.0,2024-04-29
8197d8430fc09a414fa0fab3d5f7dedb,2634.0,2024-04-28
8198214326e0028bfad9edf55f340a52,6408.0,2024-04-23
819ae05b949aec2d02c517762c9b1746,3601.0,2024-04-29
819bcd43b6c8f5a3714c593dae0deeb1,7379.0,2024-04-25
81a225584c82583bd915a906a7a4fb04,2200.0,2024-04-25
81a685fe70a7c479a542065972832107,11691.0,2024-04-25
81aefa2bbb223fbac123c42fec6874bb,2412.0,2024-04-26
81b23ae0dfd66d42bd90737670622691,7069.0,2024-04-28
81b4064d4d1b092253544565a77af212,2313.0,2024-04-28
81b7f4de0e0ef6c2397fe01195d6da04,2563.0,2024-04-23
81bcb55f5b37b84f2682cd2c5796f5e9,1609.0,2024-04-27
81bda5d341acbb335b0392421390f2a3,13563.0,2024-04-26
81c2aa84f767baba700bc215a76f7df6,2329.0,2024-04-25
81c89a0e714f51f1fff0de70cb558dc0,4865.0,2024-04-25
81cb91cfb5fbc2a1027732dd160813c0,3556.0,2024-04-27
81cbeda35da36735275a485aae27f7dd,2178.0,2024-04-27
81cc3b61d29a8345bcb53289184b05bf,6770.0,2024-04-28
81cce1a6ee34921a069d2b47991c39de,1553.0,2024-04-26
81d2664892017b8595160025db5947eb,3888.0,2024-04-23
81d48e10371328b8c340983d1bd12254,2773.0,2024-04-27
81d88dfa28d241765ff0c87e7eb1c1b3,5121.0,2024-04-27
81dd0b707585e30db557c2e54328ae3b,5193.0,2024-04-26
81de2eb2a15182ba4fe1567e209869e4,2548.0,2024-04-25
81e612dd4574d0a48cb2d0e51de2e655,5344.0,2024-04-26
81e67e8fbace800e6f5db7965fc9e0b7,5799.0,2024-04-26
81e6bf5d80791d751b8ed9e209e0498d,3905.0,2024-04-28
81e704a3e712f2b1606a9ca7622b6365,2142.0,2024-04-26
81e84d2843617f2cca3b2a3c63878bb8,839.0,2024-04-26
81e898a0c207f80e817ae3b1e3322732,1442.0,2024-04-24
81ebc65b17bbb5fe7b4875253f9cc85c,4659.0,2024-04-23
81edddab27ca833e2fc479a660d94aac,1939.0,2024-04-25
81ef978bfac1699073e608377aa8f98a,4905.0,2024-04-28
81f0f49b9d3b7c5bc4a24e25ccbd39e8,6382.0,2024-04-27
81f2ec4a9a5a9824763bf236507da7cc,1843.0,2024-04-23
81f9b3e07cab88ed015517f3ee4a0151,6080.0,2024-04-29
81fa7982784d527cd9141a5173f606ac,3828.0,2024-04-26
81fb67df1cd36063ad83c207a5910223,10707.0,2024-04-28
81fbb6399e64cb248530fadcf23288ce,11155.0,2024-04-25
81fc8758236aed73108bfcc2a656d070,6454.0,2024-04-28
81fdba8ea0f5b4ab456898d8a0273959,3691.0,2024-04-23
81fe517b8b7c0f7e52cda5b39b0eb77d,7493.0,2024-04-28
82000817aace62510359aebc866ab785,9069.0,2024-04-25
820087373b70783847f6baed0e3b6863,5020.0,2024-04-25
8203852ac5288c4fa77b610f80ee39a2,7357.0,2024-04-25
820485fc209dc9775093374cc7d609a7,4844.0,2024-04-23
820b97d6d71c2c352c194bb0fe68ee2c,9515.0,2024-04-27
820d45456f383b454e733185f88b56b4,9954.0,2024-04-29
82104afb328e1e0dd13b131991ed92a3,3552.0,2024-04-29
8219f6f33108e2186041720191aa4e29,3207.0,2024-04-29
8219f8318b038c1850f56b47d8f22878,16065.0,2024-04-24
821ba6c20114da2a3e0ddc893c6a2a4f,3762.0,2024-04-29
8220d7670b50b9b486ebef0b860c92b7,7756.0,2024-04-26
82223ad8921f9fb41103099d839db8c4,7357.0,2024-04-29
82251a62317ac52861233b5ea96545e4,7024.0,2024-04-27
8226116d517d8b3e7238855e74d75a6e,5877.0,2024-04-27
8226768221baa9eb11d20f50a1cfbee5,5902.0,2024-04-25
822b1d3f35955893b9d180cecdb39bd2,10482.0,2024-04-28
822e25cdcae25148d9fc18c432012fbb,5973.0,2024-04-28
822ef53d5d440fe2c95207dc66c71d5d,5065.0,2024-04-23
82305bf27c886aae7b21040cd2252920,5567.0,2024-04-26
823ab56789544c4f29a29bc026d6e8a4,1390.0,2024-04-23
823d06b4b9f380e027c26b582bb51647,8116.0,2024-04-28
823eecb96e9f6b1a981e0671bc2c4f2a,2946.0,2024-04-28
823fcd11e919f4e68271322cbce587bb,6960.0,2024-04-29
82405d7a4c148593407a3296c406e886,8198.0,2024-04-25
8243d632bd093e53a42e44cd85a52e13,3825.0,2024-04-25
8246311f635d3de28ded312431c8e0ba,7646.0,2024-04-24
8248042c9b79c89ade2c0cec33b81711,3581.0,2024-04-29
8249c92bdad65ac74de6933ab0cc91f5,3256.0,2024-04-24
8252a51d17335e47f03bee4e6c1a2951,8477.0,2024-04-27
8254baee48be1f756fd79a93e35ecb7f,4953.0,2024-04-27
8254d6e50bf78ff2a7bc7c1817e94224,8669.0,2024-04-28
82586c78fe09aee9aa2371389f0c93d9,4347.0,2024-04-28
825d36ba13150f3e5135fa3c1491c18a,3295.0,2024-04-24
826102745f53412e2ad85e73ef6220bc,3368.0,2024-04-24
826e8e535df88afd77603493c1a58586,5895.0,2024-04-23
826fb0463ee38bbd85feb63a0e333690,5922.0,2024-04-23
82755b3b8abcbd6631e5e2fc58328d52,2754.0,2024-04-26
8284bf56e2bda255ced66225b0825218,4907.0,2024-04-27
828fb904a108168797bdd842da58c1f5,9844.0,2024-04-28
8292696abf8dd736f957b162f8f5b3ba,3747.0,2024-04-23
82940d211402b0937c5b5262a1ce0efa,11685.0,2024-04-25
829668e8191a9e41d272132ce9852c13,4664.0,2024-04-24
82973254ef4fa44167aa7c0e7dea1c74,4327.0,2024-04-28
82989ef62bcafcb213aa8087183faebf,4245.0,2024-04-23
829d4c91bf16f1e1bec644f3c9adacb7,6905.0,2024-04-29
82a600ed09182c30e493df254925bb1d,3971.0,2024-04-25
82a60876519258441cb8e28dba43de12,8374.0,2024-04-26
82a784bdad05d73ff8f2a9f43081f0a3,6328.0,2024-04-24
82a7bc2d025d7de4ae9c5ed917917952,5323.0,2024-04-25
82a84db79ba92be79078db118522b66e,6262.0,2024-04-26
82afd441241f0083aeeb1605501a557e,8764.0,2024-04-27
82b1eafaf8924a6c364f4e2211f7091c,5631.0,2024-04-25
82b3e6f51af1bd7c092e0e749d8395a9,3511.0,2024-04-24
82b679b7e018df050e2dc29cc93305e6,8200.0,2024-04-23
82b84a061d60199a677621987960cb71,3905.0,2024-04-25
82bb4f5d1a8cdffb8bd58dae945d45e9,4582.0,2024-04-25
82c67287f394fbea802455a02a76b7a4,4218.0,2024-04-28
82c77e90c283c4400cf692abdc763ef9,5141.0,2024-04-23
82c8b83d7edf226859c71a36405feb3e,4130.0,2024-04-23
82d205614f3318410f5b4250bd90ccb3,9148.0,2024-04-28
82d264742641807a28c574330baf56de,4152.0,2024-04-25
82d93b40b498e1e0b655f922ce91295a,4709.0,2024-04-25
82d9cfd5d02b97148a54b7a0de0dde1d,2139.0,2024-04-28
82dce9acdeb85c6552b340157316df46,4780.0,2024-04-24
82e1bef9bbf7c602bbd09795de74679c,3042.0,2024-04-28
82e2b1dde96ab9f600e136bb4ec7fee5,3938.0,2024-04-26
82e50d1d0bbe73ffd4167c4191ad3f5e,13045.0,2024-04-24
82e57294635b78aa9b44aae8a5ee6d73,2555.0,2024-04-27
82e5f7a32f15dabac02e0795a6a21303,6298.0,2024-04-26
82ec6a794dcdf8ef0bb66ae70d93720a,2661.0,2024-04-29
82f041ce944eb7cfa14c3b4bc3bda42a,6792.0,2024-04-27
82f2439bc22268939f197fa3cecdf613,5850.0,2024-04-29
82f36ca537999eeb7806a846646496c3,6448.0,2024-04-29
82f41efd3f062468980cd10837c83d6a,6376.0,2024-04-25
82f7233ef67e6343dae1ba749e49611f,5011.0,2024-04-26
82f73e1f2420cd4e4c1aa7f3de091f9d,7264.0,2024-04-24
82f768fc751899674104f8e8e512782b,5442.0,2024-04-25
82fb4d09dead576b293dd2d6e8aafb7e,4239.0,2024-04-24
82feadbd167077e6587d5b3c50ac962e,5946.0,2024-04-25
83034edf763c2611eab93254bac9d960,4312.0,2024-04-26
83058fdea7ce2ec016d3bd8940988aaa,8763.0,2024-04-26
830b6eb61dbb9d45b2d9ff1c5915a052,5444.0,2024-04-24
830c4c575477b44fb8aeb429baffd01c,5897.0,2024-04-26
8312057f56377b09c229b905029c3d19,2832.0,2024-04-28
83163789560732de7d798f39339c0589,2908.0,2024-04-27
831727570b11086405e7d521c1a2d7d2,4999.0,2024-04-29
8317d5f52ee7990860c12bbd2e49940d,3996.0,2024-04-28
831d957f6738f13d285da058ee5b9690,2367.0,2024-04-28
83211f647d5002526213f617d9898afd,2404.0,2024-04-24
8324ad1ed137c7b67c57d531cffcf7e3,5573.0,2024-04-29
832a22ac55b7f7753160a693c357ce19,4056.0,2024-04-28
832c2d06509b38228a3108476f1cddb0,5066.0,2024-04-25
832d534b1ac7cbc27bc6e55eb8554e19,5208.0,2024-04-23
833220c0cacfc7f7d315edfaf3230f2d,3492.0,2024-04-23
833375a1986efd836ca3fc6b7544d28b,3224.0,2024-04-28
833607ca32139819a8810df66992c99d,2868.0,2024-04-29
83362403010a2f27a057953ade2fdf67,2266.0,2024-04-25
833718632cbf5af336146fb8d8005023,9003.0,2024-04-25
833839667424139512ec950d329793bc,5993.0,2024-04-23
8339c235b7ccf9e1bbc2eb302bccd830,7757.0,2024-04-24
833edb5c0e7c5a07937e294c1b52a8dd,10536.0,2024-04-27
8345896ef2ab73fd2b4500e5f0d333b8,4078.0,2024-04-26
834badfb735ede0e30eff285a59ca5be,11065.0,2024-04-27
83502cbb04406a8b29bcacb250fd4007,7591.0,2024-04-25
8350b4fa556f21aa7d778f3107940876,6621.0,2024-04-25
83511938295e6aa7bf666c5225fb544c,4289.0,2024-04-29
835555ccf03909c8f7ecd02e52ef06bc,6283.0,2024-04-26
8357ad1da2a7760a32d2f944ac21913f,2210.0,2024-04-25
835c40d44a516df603f77a56e6cf1c06,7565.0,2024-04-26
835eef986954b8833b22ae8bf4772f73,3153.0,2024-04-24
83667293ae6ccb31f8cb47fb0a94b3f3,10018.0,2024-04-26
8371080ac5daa4af5d74e2e5f18664d9,3900.0,2024-04-29
8371235ad12cb00f7e2ebe2aa1e9c224,3745.0,2024-04-28
8377409b8bbe798317cb7748a503760d,6417.0,2024-04-24
837a196542115521a62951103a040f9b,4464.0,2024-04-25
837ce9e0c1726ced9d0a7d03f33662de,5757.0,2024-04-27
8384e0b4eecec0d8008b77c878cc8933,7482.0,2024-04-25
83851399b493bdd800b990d2e576bb77,3794.0,2024-04-29
8385b5cbea816b8d41a04bf75f2b28e1,7830.0,2024-04-27
83866523c457826250f00206ae6a9f8f,5554.0,2024-04-26
838ede583ddb9455871c71815b36d9c7,3847.0,2024-04-29
838eeae8104e1608cbf5606835dcc269,3793.0,2024-04-24
8398f938b1a1708a2f30d302419b8408,8693.0,2024-04-28
839b7522fc3f390bbe6dfa82baabd71e,8206.0,2024-04-29
839e62f9e5e9d996ae9ae71961f44927,4438.0,2024-04-26
839e65ff5eaf4cf8e28934f5514ba1d1,2718.0,2024-04-27
83a2f791a183a486f2e3a85eb480f426,5553.0,2024-04-24
83a51b16dd053e22669a4ddd04015830,3152.0,2024-04-23
83a9f81b4b544081df1d89ee5a627f32,3630.0,2024-04-28
83b101107e1ee15a47d3b4c294522724,13262.0,2024-04-28
83b44265b683f60ca86a8f1047318de7,5608.0,2024-04-24
83ba6881e15562e6b823a01ca660729e,4269.0,2024-04-26
83bdb82236811f37d884434614499e50,5051.0,2024-04-24
83be5fa5af8d571dd2c46bcd78f9befe,2527.0,2024-04-24
83beff202559bad6f88c6b4c41954468,5595.0,2024-04-25
83bfad60c7ba721c2faa5305ed96c195,6223.0,2024-04-27
83c3791efcfa4fb82be5581c36047b01,7290.0,2024-04-23
83c427c9951d3506a45a99dc5cb6d057,3075.0,2024-04-29
83c549b6664328cb1abef2714fbc1575,5185.0,2024-04-23
83c70bb954979de719b26e46f7f5c11a,8565.0,2024-04-27
83cd2f993131bc1a6b9f66fdfd8a25b8,2792.0,2024-04-28
83d039f76ff921b8fb4ce7b12d678a92,5598.0,2024-04-24
83d3bc023e4a444c67ceb2375dfb87eb,13162.0,2024-04-25
83d419a8c108d13334ebe2ebe91973ec,4383.0,2024-04-28
83d80366a2c79c9eff3bb3a462ed5b05,10085.0,2024-04-27
83d8aa5b6cf8a2e8f0db50d545554389,5198.0,2024-04-23
83e0adbf250b09be350b92cd92cce98b,4285.0,2024-04-26
83e6ab71f330c0c98c46101c1ff52446,7822.0,2024-04-26
83e86ef67c8d3c536c32ae006e9df586,10009.0,2024-04-23
83e88b3259b92bce41386a8f71204ca0,5141.0,2024-04-28
83e8d597bfc01fc9f16c61099ae65820,1980.0,2024-04-25
83e8fd52ebbda5ded4fb9c787f8dadca,3696.0,2024-04-23
83ede0fc3b8590aa4e6446c818e49423,4323.0,2024-04-29
83f3ceec3bc53b1a915ff18cb401e7fb,4441.0,2024-04-23
83f93f5b6bc02beac63860bd342f17e0,6553.0,2024-04-27
83fbc476ab4e7ad8c96f771f628833ee,7500.0,2024-04-26
83fe365af4fc25932df79ab7a48ca396,5861.0,2024-04-29
83fef699edce91c59b8cc76a84e18f86,2423.0,2024-04-28
83ff1d5c11071fe1bc74493946b7941e,4360.0,2024-04-23
84030e387d110c88b6c4e18e874b8e27,5931.0,2024-04-24
84041ada977faeb8cb5e88148db7e3e6,7593.0,2024-04-26
8405bcd32c423978620162379dc38f39,3464.0,2024-04-24
840781abebaf56ea76d5f11d5d8c30b2,4725.0,2024-04-25
840d0c00cf024619312a337380638d1f,5218.0,2024-04-28
840d30065959370dd457a5d048d88cdf,5207.0,2024-04-23
840e6495a7d020d027e13a118dab48db,5606.0,2024-04-25
84150653dd7cecb14bae8c565fc4f667,3354.0,2024-04-23
8415e83ec5416cf06d062852664952df,2066.0,2024-04-28
841769a01ce5019584eac9aad9186b2d,9226.0,2024-04-27
84185ff35bba9cb7e914c8661007abc5,4349.0,2024-04-27
84192c6f23e41a716c425a235f0d1f4a,2151.0,2024-04-29
841fc703d1ee3e3331326bdaf7dfbe5b,3951.0,2024-04-23
8426e8bcc377246728b6f2d537fd1d7f,6372.0,2024-04-25
8427b1fa01a3bd7e9d7858d2363fb9b7,4665.0,2024-04-27
84294d493aa6a5368f88267eb4b26a85,2728.0,2024-04-29
842c13223469d3bba1eddaadd2bcc329,4326.0,2024-04-26
842da907adb9da5ce7d908352b2f5a81,4340.0,2024-04-25
842dcdaf49eec4a08274ef195b69c161,2055.0,2024-04-27
842ede7afac9049c722fc602fb9ca67d,11223.0,2024-04-27
8430fa517d9a2da74752bf368e8e96a4,7934.0,2024-04-23
8433eafa48cecceda555d6aa99adfb82,2472.0,2024-04-23
8434b03cc8863be37b8c261d2ab0dc9e,3922.0,2024-04-24
8435a56efa843becf6f9e7aa5e2b7816,7905.0,2024-04-24
8440803ebf3684e8ae231c93083e3b96,3803.0,2024-04-27
844591e53e2caff1047b9a3dbf9b4f3e,5866.0,2024-04-26
8446febeb01be012efaebbc013d9b34a,4807.0,2024-04-29
844dab786b12aa587263bb2adda28eba,8489.0,2024-04-29
844eaa0f936ec71ead680d3f38b6d5fe,4958.0,2024-04-29
844f5066c1d643d374838843126f7234,1348.0,2024-04-24
8454ae2cfff9bb147df2b7adeaf0261b,7382.0,2024-04-27
8455c4a9b8821d90cdc0c225f5f21da9,4925.0,2024-04-23
845d2e173fa39266cc3d2eaa6ac24d2c,4401.0,2024-04-26
846944e4c34a1f33462e4536ca694807,5897.0,2024-04-28
846990283e7cb73b10d376afe06873e3,5588.0,2024-04-25
846a80aeac13a101ebd8d22908cc3e1d,5610.0,2024-04-23
846c336ae4fbdc15b241268a677cfd3e,18432.0,2024-04-26
846c363c5f2ed08ebc1060ccee35f20c,1395.0,2024-04-29
8472ed42655b850ce41e58d8a9a0e72b,1712.0,2024-04-27
8473705ef498e9560a6c5d3d584e03e0,3580.0,2024-04-29
847961c5db11e0a89369ad05b2204059,8058.0,2024-04-28
847ebc9d56e2ef2c69ae0530e7dd3bd3,6163.0,2024-04-24
847f8eeae6cf684abce8f90f833aa554,2886.0,2024-04-23
8483191a587a7956c5c6ccc67eec2889,2523.0,2024-04-28
8486ebd1b88c14e63f6411d45358f019,4510.0,2024-04-26
848a3e15d24907a010dcf5b8766a6d82,5347.0,2024-04-29
848cd39e9e6fe13204cca9a0526fa1c1,4654.0,2024-04-25
8490911fe87e28e22ebc94cdab26433f,2090.0,2024-04-28
849328a7d291475ae99bfb71dd368241,4073.0,2024-04-26
8494ec13b6f99d2da7bade279f2d7f06,3374.0,2024-04-29
8497c7e1c0a6324d8c9f9c226c7f27c7,2022.0,2024-04-27
84997c82dd1b38c3607fc9792dfd9e3a,9912.0,2024-04-25
84a253944898bfa4a52c84df3f646995,5061.0,2024-04-23
84a7269b84de577695a6e7b9c1c1e46f,6767.0,2024-04-24
84a728b13b17dcdf38c512a364cfc573,2583.0,2024-04-29
84a8980041a02344125452bb636d82d0,3132.0,2024-04-29
84ab413c0a0bdac17a70641e4c305496,3228.0,2024-04-24
84ae6bfd41d756fe638d03a19204be1f,1712.0,2024-04-28
84af72a2015b4362104e7b359d3c2fc0,5773.0,2024-04-29
84b36a28ce987a41ebc0afe4db9d3603,10060.0,2024-04-28
84bc18a370370c98d20bbb93486b4ed8,6592.0,2024-04-29
84c12bbb24334a84a6443baea5d0aa5c,5333.0,2024-04-25
84c47102b0c1e6e052e48275b653f319,5573.0,2024-04-24
84c6f391bd1ee847b23af6f8186cf775,7073.0,2024-04-25
84cdc614f91ec48f36faad3b303901cf,5882.0,2024-04-26
84d29fbc4c70fbdfec2f2406b7437368,3699.0,2024-04-25
84d31d51674565f815b59bce9fc4e12e,4816.0,2024-04-26
84d5b38e467c4ee068f245433ea1fa0c,6358.0,2024-04-26
84dd0695471977dfa43c95787e973379,6284.0,2024-04-29
84de099eeb89838f09c6fc35a356c9cc,7374.0,2024-04-27
84e2f069d9e05db07ff961faad156875,6928.0,2024-04-26
84e7aef66915c769caa763f9ff2b15c4,6998.0,2024-04-27
84e9e960c13cb2b1eff47cf37e45e370,4880.0,2024-04-24
84f1c1633b4d3ff22ba25a82612b82e9,8416.0,2024-04-28
84f66f8894e97d9601188859f16d96a4,2573.0,2024-04-28
84f78e564d2508c75f811efa987d166d,2611.0,2024-04-25
84fb3deab4a4db73fb4faa623dad49b4,5324.0,2024-04-29
84ff0a0587830bcb190fe13a86cf61e0,3336.0,2024-04-23
850f8d0fee27276ee48067ce3401c3ac,6240.0,2024-04-24
851556d878ffcf88a00f02612295689f,3997.0,2024-04-23
8516c66d4d22691f85ed4531d228019d,1554.0,2024-04-23
851779d1031a16cdd45b9b081d74fdec,5385.0,2024-04-25
85202b35984110378f4624b37a218c2c,4884.0,2024-04-27
8524756f8783e6a3eec255b2ea8628be,1987.0,2024-04-24
8528739894be6272f962dd22a456e806,6807.0,2024-04-24
8529985cdaab470bbb61a55f091d93ec,5235.0,2024-04-25
852bdfcae94d65f05849ae8da69ff6af,5886.0,2024-04-24
853c0cfea60250222fb0c33dd6f758a3,9247.0,2024-04-24
854a113067966dd9b5aa10c72ab25b58,6230.0,2024-04-24
8559948d6263e90c18de4209868d9e42,3301.0,2024-04-23
855aee2286dab1c165cc6831f27d3892,12339.0,2024-04-24
855c6939170b9061208a169b08db8fd0,5807.0,2024-04-24
855f7b23efb9e7ba7738724f487e38e9,7303.0,2024-04-27
85605815140f9a6ca045b861e018de43,1540.0,2024-04-24
856284996dbef931b808017e5a4b5a73,7107.0,2024-04-25
856339c34d23991fde911daffc1acec2,6764.0,2024-04-25
8564b1dd0b48556687e597669d68176e,5406.0,2024-04-23
8565cd15a4dbb62eb586e36b1449be43,6254.0,2024-04-24
856b457c2f68eb5fb724f89f7bbe3521,2556.0,2024-04-29
856ddab92e4229f50ed335d0605fb492,3547.0,2024-04-25
85720d541a4511b13560bd224825a64a,2434.0,2024-04-28
857241f78aa7bd037a74dc58a0ff35cb,4724.0,2024-04-27
8574549305c4a4a2fa9c689ef996a95b,6290.0,2024-04-25
85791aa2fb4488fdd84287a24bfd1440,6060.0,2024-04-29
85795d0edb15da8b810e09e705797b71,7901.0,2024-04-29
857d8c16450e2de7ae5cc9142755280e,4205.0,2024-04-23
857e0a00e691d0bf131ac4f9d031798d,10948.0,2024-04-25
857e6cfe6f55b51bd049272513baf745,4271.0,2024-04-23
8586566d4b3f972c384eda3d5aee3153,4157.0,2024-04-24
8587a31278acdfc6787f1407eb7a6478,4200.0,2024-04-26
858adefdfc370fd144a05efb02aecc29,5760.0,2024-04-26
859a06622c619f3a1f0c595e816688d3,5891.0,2024-04-25
85a33d9d3c2fc6a9599459fe54253c7f,6228.0,2024-04-29
85a52271ee108ac8bffd42c40d073080,4418.0,2024-04-25
85a596ff7aa2c8040ab5e69a1bdc0d05,2592.0,2024-04-25
85a9ae39d980c922d550157b681a79aa,4095.0,2024-04-23
85b080eed3e83544080c5d93ed478d1c,4101.0,2024-04-24
85bb8d3f3d9174e8db08fa61c7a8ee9a,5568.0,2024-04-29
85be5d0e567b2373ea05d769a8b7f57c,2892.0,2024-04-25
85c4538cde94604ed58730a84f12a298,6996.0,2024-04-25
85d0f527191920993056d97b6d2f5798,4449.0,2024-04-26
85d2511650c7cad82de9385881594d82,4079.0,2024-04-28
85d5cd4c58c5400d4352c28e89d6c2b1,2508.0,2024-04-28
85db4b404b6ea42841a13d366643c87a,6535.0,2024-04-24
85db8d52bfecebdbc1a119739fc72ec6,4385.0,2024-04-24
85db9af90c58c8b9d690d476d1243303,5747.0,2024-04-28
85de2524da5f805f10611714aa3b9a8c,7028.0,2024-04-29
85def47eff89611fdbb120a276013816,8243.0,2024-04-25
85e530c800550f092274a036554fc0ac,5134.0,2024-04-26
85ebbbc893a3a4e22b222049e9e8014d,8967.0,2024-04-27
85ee080e982ab0277e1155db13074250,7038.0,2024-04-27
85f0cf62ba38bc7224b1d81cf73b6082,2314.0,2024-04-29
85f8638ac142c7fe7c2dd206275fe1e5,1780.0,2024-04-24
85f93a910bc18919809ef985e69cb18b,4630.0,2024-04-29
85fadfc683d7d248a867e182e7d06409,6884.0,2024-04-23
85ff628632f8ceee6fab0d19787e486e,5741.0,2024-04-29
8604aa1070f8bed52808c2ace51ba814,2461.0,2024-04-28
860a0b260f5acdac4c37ba87fba35b9b,6549.0,2024-04-27
86111ff0c07acdbc8868c5a608b56219,5143.0,2024-04-23
8616801d7b547a4307ce364f00d99b68,11022.0,2024-04-24
861a98385071a63af14a4827ed9feb85,1367.0,2024-04-29
861c6b62b20bc10af7be969fdb0787d4,9461.0,2024-04-25
861e6c526ce9faa5671d92191c1a19f4,6087.0,2024-04-29
86227d79fe1f70020495bbcc3096179f,9740.0,2024-04-28
86250bd00a660d91175f953f1cfdf5d6,5821.0,2024-04-28
86290d3c21cc3a0ff822a679bf602f9a,3415.0,2024-04-29
862b0a128a447da744d6f23143da03a1,6389.0,2024-04-25
862e3ede9c85632cda351868820f2a3c,4404.0,2024-04-24
862f669855caca0568c526746f6c3c90,16762.0,2024-04-24
86374bcd80b11e6af466a467fb23dfb2,6871.0,2024-04-29
863e2f4055a4435fc11ad5d3911c2292,8581.0,2024-04-29
863ef71e3140787b4b555d0304a6cde2,4087.0,2024-04-26
863fa1b468239187522016454eb134cf,8119.0,2024-04-25
8648a99078e859040b971f200b5fb17a,1290.0,2024-04-25
864ad6277793d4a935e0095b6df39284,5214.0,2024-04-26
864cf993072642c378b58ec326034151,3546.0,2024-04-29
8657e88e5f0b7ab6c367e6f76a08c215,10452.0,2024-04-23
8658bb77916a6ade0b92e4b26d677568,8701.0,2024-04-29
865b432cc7b66e901e6fd6cb017d60c0,6499.0,2024-04-28
865b5fc521223d9f14661e2ac6bbdf30,6403.0,2024-04-29
86611eafd750606a4fc0f1c562c171f8,2517.0,2024-04-24
8662a80f841e9564e49394c8343ca0f8,4542.0,2024-04-25
8662ffda4fd6e3c52f659ffdc7c9fff2,5093.0,2024-04-28
8663c101937a0040dc48c7d0796f0dfe,13084.0,2024-04-29
8665740bbc6d3e980626665a6dd7e707,4127.0,2024-04-23
866a796d0123596fd1a56a87b3b163e0,10224.0,2024-04-29
866d60bd855299c17e079ff4f766825d,5743.0,2024-04-27
867094baa1c37b2ab9979153948ebe6e,2991.0,2024-04-25
8674443dfa2031adb17323bd10c05760,6476.0,2024-04-23
867a403a2cd463262bbe58998f75a967,5340.0,2024-04-23
867b0630e6cc6ea22df723a12cf78688,4963.0,2024-04-23
867bed0e32d98bbe198877246415e3aa,3430.0,2024-04-27
8682be80d84ba585c14b49b7dc1d6d65,8620.0,2024-04-25
8683b8ec470890f4b66883db9c2c3eab,6821.0,2024-04-23
86860172e8a6811b3ccc81a604a3e30e,5357.0,2024-04-26
8687304115164dbc4e32a002d5d1af3e,4401.0,2024-04-24
868736c415ef7dca2c0b842b0389774b,7176.0,2024-04-28
8688dc02daa4cde27e4245eb5a143727,4824.0,2024-04-24
868ba89b43eea933be68038c492e983a,11863.0,2024-04-27
868ce1a236c939fa4abd66da4df015be,4830.0,2024-04-26
8690c48e61ec696c1abcfbd26ecb67f9,5792.0,2024-04-29
8697e1d3a6e14e4c93f6cc43659395b9,4855.0,2024-04-24
869d06593dbc313dce33748fe3b32862,6029.0,2024-04-26
86a051bbbba81d1d27f152daeb31a116,2301.0,2024-04-23
86a0ae03f382089f391b6b20bcca6c37,6007.0,2024-04-29
86a3c474ef6a842c3d94fd6643ffa9a8,6037.0,2024-04-25
86a49d5bcdd087cd53823ea29c8e1bda,1758.0,2024-04-28
86a863d812fb2e780b32b414aa7606e5,1506.0,2024-04-23
86aa8417714442bce5660b0ce0a5a7c6,2934.0,2024-04-26
86afd47e190c2a3e8ffdf488be872292,10324.0,2024-04-23
86afdf54b63f6638e83f32eba0bc62ba,4356.0,2024-04-29
86b01d81b9831e1d57c6f4e865ae619e,6715.0,2024-04-26
86b0449c3670e0ad66dcdfc6988abbfb,11679.0,2024-04-24
86b7bfe513c911ce884a9a3d8df30ec5,10101.0,2024-04-26
86b9253e587121ccb6459e97abbc9bed,2531.0,2024-04-25
86bf0026f20773fcfed8430a973d8557,3274.0,2024-04-25
86c5418cb1514a257a79eb8baf82b550,6511.0,2024-04-29
86c54d2dd124745422238e653ed62b80,6135.0,2024-04-23
86d33cdd4cba01722165fd205e7dd09d,6135.0,2024-04-28
86d984d208bc9ef0521fd9eed0c276c1,2275.0,2024-04-25
86da60d124060756074ace6fad5cecb5,9401.0,2024-04-23
86e0c5bdf273b1843202b78cfece0093,2683.0,2024-04-28
87044ddeade47fe0a41bfcdd5c3d5237,8352.0,2024-04-23
8705a1256d116e1e0f0ebeea41de47c7,12430.0,2024-04-27
870dfeab1d482ee793b20e50b0b0ae1a,9560.0,2024-04-28
8710c2c17fe32a789fd16f58a2578d7e,10040.0,2024-04-28
871151c279389decd60c599a78665c37,3741.0,2024-04-23
8713cce2221425359e9510375f85de32,7381.0,2024-04-25
871431fe19efbcae40423488054a5634,5222.0,2024-04-26
87150130b93c32cfdcdc23088508cce6,2675.0,2024-04-23
871ebfc61ed4a03ed53718cdc71c6eed,4907.0,2024-04-26
8723882f4ee6eddc8e2e64d8761f5e1c,4324.0,2024-04-24
8725196699daf121f3b54474552678f5,8785.0,2024-04-28
872dccded5e3ca492958a91d8ed2b83a,3728.0,2024-04-26
872e48f3b97796263ae8ffb0c2080b61,8326.0,2024-04-24
872e750cdecc949f358abb7d22a2500c,1853.0,2024-04-26
872f7282fe972a1e9ab9236a978750b0,3067.0,2024-04-24
8731cad5ab5b6f3eca3d371194c4bc55,5550.0,2024-04-24
873346d9231c018b9527e3123d9210de,5329.0,2024-04-27
873da605ed67ca11e8af3a47d2106009,3052.0,2024-04-28
874433112f3b9ce6226848325c623611,4114.0,2024-04-28
87447c8d6b7bc5b3040cc221023bba0d,4899.0,2024-04-25
874677856a7eb1265c943e7cc62f8c9f,12198.0,2024-04-23
87472fb4decb07224ed0fb3e8f4b170d,8073.0,2024-04-23
874b01ab7f414d271fed84122231f8b4,6200.0,2024-04-26
874e48240902a0da22a3eac03b1aab7b,5383.0,2024-04-26
87543d3e5fc3e9e34a623350ad061e16,3050.0,2024-04-26
8754787dfb47371b1c162cc380c5a411,2763.0,2024-04-24
8755474605e117e1d39b0ed25e986bce,4756.0,2024-04-23
875818528ce39eea6657bbfbbb0fa1c8,3247.0,2024-04-27
875b6eecc8139034399980057dea3b15,7377.0,2024-04-26
875c7dba154f134cb661fce2b37aa764,3411.0,2024-04-25
875d73a1df4314aed5d72f0eab64ebdd,8484.0,2024-04-28
875e83c18708a8019b6491419e99c480,11010.0,2024-04-24
875f368cf214722ea7c80d39cbbf1147,3685.0,2024-04-23
876028c11018dd70435dedc306360e89,6930.0,2024-04-29
87617940cf91031c1b8fb0934a502ef9,8428.0,2024-04-29
87619385ad2fbf409c8f6a73566fd6aa,4531.0,2024-04-29
8762d672cd380f684ebce106d0ce90bc,2603.0,2024-04-24
87633131c7cf12635681c803bd1f9312,6856.0,2024-04-27
8764701c3d7d948e0758efec80ca0bc7,4011.0,2024-04-26
8764fb8931b0489e5d42037cae9fc3a0,1908.0,2024-04-27
87679687cd50e01f61a2e607910efb43,12604.0,2024-04-27
87685c708a0c782e68efaf9fbbf75b15,5684.0,2024-04-24
8768eb245f2503aef6ec24b7c34e436f,1206.0,2024-04-28
8769bf572ee654d23f263793e8508b81,5371.0,2024-04-24
876c14145c2d69bf86cffcca169338e9,623.0,2024-04-24
87734473abaffd06b8c2c71158e3b1f5,5417.0,2024-04-24
877ea415fc20b7fb0e5cf209d817f5d0,5257.0,2024-04-26
877fd4a8e883b77e7740b0f0305dea4d,1872.0,2024-04-23
8786a8ab19a534426b45fecc43d2e8cc,8042.0,2024-04-27
8787e4982980a069dd6853fa5511e2e3,3775.0,2024-04-26
878be41268b6674ebc7c742104602717,5923.0,2024-04-25
8795497ec9b2e866ad89bb778501e04e,1999.0,2024-04-27
8795c1eb9c9fc9825766f489041029d0,5882.0,2024-04-24
8796a46f661b9c507e77bfd97532d876,12840.0,2024-04-29
879a7917526b28d92d6bb530f04f6bdc,2008.0,2024-04-27
879aadda1c3315f7be3e390bafebbea0,3863.0,2024-04-28
879b95ae9bead194843469e10c05deb6,5600.0,2024-04-26
879ff433a8f1e993623b53db7906f0ce,2972.0,2024-04-28
87a29c111e7cd267eb89dd381471c5b2,2822.0,2024-04-27
87ac85fed6900821ef905e7c2242fe6f,4497.0,2024-04-25
87ac9cd496037ffb0d99f0076a644318,4999.0,2024-04-29
87ad5a7ebdc4bb195ed56c107077b6da,6957.0,2024-04-29
87b4245066b930e699c564c2966f54ee,4436.0,2024-04-28
87b46b50e660c22a8d83928a9169966e,3475.0,2024-04-23
87b632b776da8f7637b859db0e84dbde,9807.0,2024-04-23
87b923d7e48ff7f157ec11dc846674d3,4213.0,2024-04-25
87bcc77262b0d351d4675611e1c0e26a,6383.0,2024-04-24
87bd6fa1a8db01383c371ffa9df4e3a1,2478.0,2024-04-25
87c093053c75bf308aa8683f2fdef1a7,12845.0,2024-04-26
87c399bf10671a26a7b04c81bf1e7a48,4170.0,2024-04-27
87c4c8dad62f96060f025017ca71dcae,3080.0,2024-04-24
87c5df4a9eaa1832d2ace43a0acba47d,9307.0,2024-04-27
87c81d01ef8cea4cbb5b03ed3f759517,7683.0,2024-04-24
87c863cc239b52b45c0b5a9aa43d252a,6004.0,2024-04-28
87ce6a69c5fe05d945777c07cabe67ec,4478.0,2024-04-23
87d51298c3dfaa3b2148a913b32886e2,4963.0,2024-04-24
87d72eb08376fc14908c51b2724f2584,8156.0,2024-04-25
87d9ba92f003dd92fb8beaccbf2a42f7,11589.0,2024-04-28
87da60f7994ade7beb7700fe8972a103,3963.0,2024-04-23
87e0e41017f8d3ab77f22a5e9e9633da,2910.0,2024-04-26
87e8c4b0eabe08471c69151a59510e98,12627.0,2024-04-27
87eb8e05afcf48e04cadf3d254ade621,5199.0,2024-04-28
87f60bf65bf27925df5762b6bc631f1e,7442.0,2024-04-26
87fb1882ba289dba9769df33b389e038,9084.0,2024-04-28
87fcc2a1c3a1dc362a123824379f4249,2625.0,2024-04-26
880128a47f1d14be93f833807d0533af,3861.0,2024-04-23
8803034fc54c07f3f559ec8fcd2b4629,3236.0,2024-04-25
8805b391814cb1ab35f38b60d16ddf99,2785.0,2024-04-29
880b8480c3c5390aa41a302d275c0a67,4020.0,2024-04-24
880e5a5e205fe56aa53e540302edebca,7449.0,2024-04-29
880fe531d37a27ef9fdf2b5d241aebe4,9636.0,2024-04-27
8810432ec25974a34237fe3ad976cda6,2856.0,2024-04-28
8810eeac55633b1794cd568f41f54498,5672.0,2024-04-25
88145fa8deb202a558490ef1f2b56cfa,7310.0,2024-04-23
881c1c62332caab3616ab5e8f4dff52d,1223.0,2024-04-25
88220b14fe53892cc2aa2132d91acea7,2684.0,2024-04-24
88228bef7f51e74d917c25ba9c302cd6,4053.0,2024-04-24
8822b575ca17a0c4bd3ba95e0b87250d,8932.0,2024-04-29
882affe03edf08e16fb7b14d0da4cdbf,4532.0,2024-04-23
8830fc8aaa755d8e4631d240645de55e,11239.0,2024-04-29
8831a32ed50edba5dcc70f398de78032,2962.0,2024-04-26
883321bf3a1a07e2cf838569d9a434fe,7134.0,2024-04-24
883524144d16489e5e2c398790afd15e,4395.0,2024-04-28
88376a1a65c32c0875b935a83fd2dc8a,6582.0,2024-04-24
883a3a1ed50208a3786880b912035813,3090.0,2024-04-23
883b19a9ea1588d0a7a42dc67418ca4e,6391.0,2024-04-29
884442a40b84a62d9e874a8af38ce07f,5596.0,2024-04-25
8847aef9fa6312a449c1b6728959cc7f,2894.0,2024-04-23
884a8e1f98261fdc194151865cf36d7b,7108.0,2024-04-29
8856a41f00844f7e4304b3affc57545e,2142.0,2024-04-26
8856eb1693179d9c2315ab8be718f75d,2453.0,2024-04-25
8859a0d35d2a7f6ef5ab65846f241004,15268.0,2024-04-25
885a38cfb41d4f591255b68e909a7f7b,4608.0,2024-04-29
885a7f02fba6c7be0f7c3cdf20ed883c,3619.0,2024-04-25
885b25a49944ab3e3dcca001fbafafab,4525.0,2024-04-24
885b4d69b9bfa4950195d9a287d2edf4,4028.0,2024-04-23
885c7a71bcfded61f47f642e9ce16457,2207.0,2024-04-23
885d94b9eb1eaf1af70dd2ccc12c93f8,4936.0,2024-04-29
8861c34e54aad44d015405a7d1a9b2ab,7251.0,2024-04-23
8863beb61eba9de3d43c3bd1b93e3e36,2567.0,2024-04-24
88694eb6459761060225aea85f9f44a7,4518.0,2024-04-28
886e79f5719761aec207dcb69ddfc392,5472.0,2024-04-23
88792cbb98a70de80e4392192e76e99f,3279.0,2024-04-29
887c5eb0416e26cfac756ffee8ec5ba6,3335.0,2024-04-24
887c74f59aa538140ef3497ed29182b9,9906.0,2024-04-23
887e1b15dc0db5044f6355ba98681aba,4203.0,2024-04-28
887ef79bb566b6e8d6bd889f1bfe043b,1871.0,2024-04-26
887f015de7cc5d290d106ca346c8a7a8,3785.0,2024-04-28
887f8f455eb8dbcdd7c3ae0c6cb382d7,6019.0,2024-04-25
888938270236fa2236cd1153c40cde50,6468.0,2024-04-23
889258f172439d292a1953f7b2cb98d5,7359.0,2024-04-29
8892cf2c4524617e230b2af44454954a,5630.0,2024-04-26
8897690ce3c0c4f73253e2c51cbb4fc4,3118.0,2024-04-27
88990179366af464cda5355088133f1b,3298.0,2024-04-23
8899606551ea2960c592328f79d5b2b2,2338.0,2024-04-28
889ca08595a2f8e9e5decdb3efb558c4,5154.0,2024-04-29
88a69cbd450a5c175fc23d031897f9b4,4259.0,2024-04-23
88ac3dc7e032b8957500acd01ab76b4c,9623.0,2024-04-29
88aeccd0b0081ca222295838f8ee96bc,9559.0,2024-04-24
88b03c8ee232bddb5d45f25633e816a4,2232.0,2024-04-29
88b483cec888987f25fa34440a981d18,5945.0,2024-04-23
88b92278079a424e0ec9830a5306f86a,5196.0,2024-04-27
88b95a78beccabb7450924234255f389,3917.0,2024-04-26
88bb2b3dd8e50e440c9762e58358e3fb,4860.0,2024-04-23
88bbf855f22549ad719c1713d90ce580,6063.0,2024-04-29
88c18385d9db2cd29723b00370c260b0,14894.0,2024-04-25
88c62c6f61b0a624376cd231ea44294a,5560.0,2024-04-29
88c9d966519830870a6ab7e238653971,2386.0,2024-04-26
88cd3105945e7ea155fd79cb031e85b5,7162.0,2024-04-24
88d0a3798a508578d2c875d2eab48a50,18152.0,2024-04-25
88d0d1c1edf0ae7802dfca028acea066,4333.0,2024-04-24
88d27ab812f23f16adb76750ec740fcf,3764.0,2024-04-23
88d8d24b9db35f07f2382d7e87189bf7,2226.0,2024-04-27
88da753aa412f8ff1a1fe952eb2bcfd6,4446.0,2024-04-28
88ddd14869e5748cda5ece72f9069120,9333.0,2024-04-29
88e2c9868b43a84b3c122a301d6edadb,5001.0,2024-04-23
88e572b13e73d3fe943847f99f39ac4c,5715.0,2024-04-25
88e91ad8de41f6475e5ae9ffc4885715,5977.0,2024-04-26
88ee0d48bdb2a5a3d03fa7323f9bb0aa,5423.0,2024-04-29
88ee37700bd6f4548292c3df18c179c9,3182.0,2024-04-27
88f0ca6c9cb7e15daa1c7e7007056325,3912.0,2024-04-23
88f2893f40b9b8119fc0159f8643f0bc,2121.0,2024-04-29
88f309f6e08bad94d2d1fea7963b591c,5323.0,2024-04-26
88f41185259d34290c80827a8257ac4b,4446.0,2024-04-26
88f4fb575f9cc395335dfeab4440bc10,1763.0,2024-04-25
88fbb3e13f28d90fec49a33c9ca0420c,8435.0,2024-04-26
88fe8b5d6fe3039a5289c86406c2c4e6,2907.0,2024-04-25
88fe9fe7f891e4064c392300717783b5,3555.0,2024-04-25
88fecf5e7d40aa07d4e020350e58ed22,6357.0,2024-04-26
89057398d90cfde817212b5449b43a86,5391.0,2024-04-26
8906d43b9ca69066641cf7562f64287c,4057.0,2024-04-24
890c4b95e8fa38b6fb826fac280b97a9,4120.0,2024-04-28
890d2929f7876a66e2f2c798a9def8d2,11711.0,2024-04-26
890d472d7434a47f6df735ef66d13b73,6824.0,2024-04-25
890f2832a3189a9b52fcd1a240c2a7bb,4165.0,2024-04-24
89102b6a96e4febcea6a501640bd5c4f,2115.0,2024-04-27
8911af41d30eb71ef1678157cdaa21e1,1719.0,2024-04-24
89133f5025b84fa3bd0691e4ed34503b,7177.0,2024-04-24
8923b468a92fb593a41d0c911f50ec6a,7125.0,2024-04-27
89244375215e5199f0fb1f86e53beb57,2619.0,2024-04-24
8926066abc976ca87833e586da61a14e,6813.0,2024-04-23
892a2cbfe4ee325d18b6305b3f996541,1313.0,2024-04-26
8937e6367804d67972724a17e19f11cb,4144.0,2024-04-27
893a470aec4fce67d6937eb78e50c46f,9799.0,2024-04-24
89436f07ff57d2157d12d4a7fa7416d0,2975.0,2024-04-24
89464390b43aef45d0be269d20abbd9e,5931.0,2024-04-24
89472d65c15ae0b351ec8bc236a409c2,8544.0,2024-04-28
8947c25d8daf4b2c954ec9a1c5d74fe7,6187.0,2024-04-25
8948d9e686d9b7076c408b715430d0be,4660.0,2024-04-24
894a5b2e347c375ed512889022c90a6a,8809.0,2024-04-24
89552d3d0bdd212d36c1979b17754de0,2015.0,2024-04-24
8955be26f1ec1bed72000ea86d15e71d,2150.0,2024-04-27
895c086bc8090ab37a5a40a4749f341e,5325.0,2024-04-28
895d36dc80dba34d0395937bc45e0eaa,8148.0,2024-04-24
895f4e4ff7f832d8eead4587fa1ba444,5272.0,2024-04-27
89645b86996716700e14d8d7068cf952,4576.0,2024-04-25
896d44b8d40b84515adfd2cb366bb29a,4278.0,2024-04-28
896e752963379dcf4c622a66b865b31c,6253.0,2024-04-28
89708221fc379d2867d62e459939f1b1,6602.0,2024-04-28
89712d4a1b9f4c1cc93b3fe016bb0634,3209.0,2024-04-26
8973a96762721a7c5b2cbd441bfd2bce,3488.0,2024-04-24
897f43cd0aa9a9eda0db768a39693eb4,3087.0,2024-04-29
89803f40e2468a008dcf3ad76afc5f12,3643.0,2024-04-28
8981f84dfa35025bdf2e2cfba52de75b,3503.0,2024-04-25
899a6f352f4a1846ff2b39cca92beb96,3272.0,2024-04-29
899ef39a7fce7766982dd8d8cab8242e,7507.0,2024-04-29
89a0316e21d2d5be8d7866c25ad29087,5954.0,2024-04-24
89a2299b31c858651a8d1c6f0b64cde4,9576.0,2024-04-26
89a30acf1018871d1bd93ba565ba3bb6,3257.0,2024-04-27
89a31ef999790b00143cbdc4e97b084a,6579.0,2024-04-25
89a95e289ae8a12e8377690a8197f37a,15693.0,2024-04-23
89aac80a232d844c029e53f36cad7e40,2985.0,2024-04-26
89ad1c3d251602e6d7dd99033b13d3c8,8568.0,2024-04-25
89adc80eee19c5321affaabbfb1da6c4,5605.0,2024-04-26
89af6ba09f13b9522311a9cedb711bd3,6190.0,2024-04-25
89b6fa5514215a9eb790978aade75b8c,3166.0,2024-04-29
89bb33d4aa5e16ba0b09213bfa545076,4528.0,2024-04-28
89bd0e98e8ab5c3dd42740345cea18c6,5409.0,2024-04-26
89bfbd4379f95fb7bab219ab89ec0368,6116.0,2024-04-27
89c1faab3023fa353c0004a368635a32,1693.0,2024-04-26
89c2013df3666bfa3f20987716df42df,5469.0,2024-04-23
89c7ce5ab3259e2fd3db785cd7ef1f3a,6018.0,2024-04-28
89cc9b7a0ac5be41896c76ee06f06149,16424.0,2024-04-26
89cf943522bcb7a536c28b88329c1636,5032.0,2024-04-25
89d4af235903ffa3859400ee5803640d,4692.0,2024-04-29
89d4f8aad614024079116ed274272abc,3096.0,2024-04-28
89d55b81faf25f2162b17ea392f1f6ba,2640.0,2024-04-28
89d9b8136253d031cdcc32a4ad0eec93,4661.0,2024-04-24
89dcea8c7d89b2b02b1a810f7e526731,9037.0,2024-04-26
89df2c6540610951ec52a209949d09db,2019.0,2024-04-27
89e03c2553c91efe3b5e48048622dacb,5385.0,2024-04-29
89e0765b113bc5a591b247af4c67b5c0,5615.0,2024-04-27
89e818e5f348163a0c5300eb466d3061,2896.0,2024-04-28
89e9fa660092e3a99406bf73aeff2903,2790.0,2024-04-26
89ea78aaa4e6a966f0965e2422ac0c59,4436.0,2024-04-27
89ec9c9ec4fc8b40a748b1cd8d00cff8,4786.0,2024-04-24
89ed2df1c9d35ddf626bef479bd75f01,2007.0,2024-04-26
89f107a62e25ef1c5113f59f1c3e68b2,3601.0,2024-04-26
89f6c4f28ef602b56993761302e543a2,6242.0,2024-04-25
89fb45c7eed5b5e0413ce10c1778b056,2022.0,2024-04-23
89fbf30b38dd60a31da0eded36e2e6d3,8558.0,2024-04-25
89ff81152ac80337657d9f645a32d949,6096.0,2024-04-28
8a03715692846a9944ef08fe7c89501c,4475.0,2024-04-25
8a03e1b3cba6dc372d40a2a2601eeeb4,4626.0,2024-04-29
8a05039aedbcc0b90575e276a1d11603,3284.0,2024-04-26
8a061f9a93ed07cd99fdfe9303314ca3,8080.0,2024-04-24
8a09f42dd0835fe63fdb147fcd98ca88,4566.0,2024-04-28
8a0cc5206ba4b3fdca9ff93c9152e9a5,6094.0,2024-04-24
8a0e06e3dfe1f1aea9e6ca024fb06f86,8637.0,2024-04-29
8a166dbc23539e0df2631ada717273d0,4677.0,2024-04-26
8a1714896454968e8980bd7886781828,2966.0,2024-04-23
8a1df8932d324ec0d719bdb219c09cfe,2942.0,2024-04-25
8a2cae3518226d784182a86d79be1a06,6384.0,2024-04-25
8a2f8e69b75110e073399000f9812f91,3689.0,2024-04-25
8a30cac3235c46c22d3dcb1a79641997,10441.0,2024-04-28
8a316a863551261477c598e5933354df,4364.0,2024-04-27
8a330f350ffd6bfcb55210f320e1c47d,3124.0,2024-04-28
8a34f6059c773b924f69e68fb243b7fb,6845.0,2024-04-26
8a3de4edd6567e379a3fcba7882e97d8,4912.0,2024-04-28
8a3ecf680398ec6aeca335055831f968,3880.0,2024-04-23
8a40cdc446fdaed39a208f846b5efd3e,9506.0,2024-04-27
8a41a983e78dd6dcb1bba8f20b064bd5,6130.0,2024-04-23
8a41e7de4428b108c63d991bea120012,7824.0,2024-04-29
8a445e9e0c74c4c77581d1e83596d985,7297.0,2024-04-28
8a44b44cfbc5915608b623d8b4412e20,9462.0,2024-04-25
8a4645e5f733f22b9024b4f99b4f55d0,5666.0,2024-04-27
8a46a760f9f30deefbf2272b8cc3ff93,5326.0,2024-04-27
8a481e92293f561ec40bb91cb896eeac,3820.0,2024-04-28
8a49eb05e0c9251cb1c7ad245ad20a2c,2580.0,2024-04-26
8a4b3eea2357886a901932bd7af3571c,4936.0,2024-04-28
8a53c6a24ccc56ea97e8df05b6e67adc,6345.0,2024-04-23
8a53fb822b23019a6dc02cca796ed9a8,2629.0,2024-04-23
8a5a89f59e3edbc93de9303848326c3c,3618.0,2024-04-23
8a5d487527f89a1482d3d3f1766c8a09,1961.0,2024-04-26
8a6a9436c712acdf1da5cbb7ed4ae6ac,4070.0,2024-04-28
8a6aa899edbff7d2a54f5025cdd11651,9972.0,2024-04-26
8a6be443c4df3de760c48f74cf0b3f06,7063.0,2024-04-26
8a6dd756194a6c0400a4d21995e505f5,10223.0,2024-04-25
8a6e63920770d18b2598c805af096fcb,640.0,2024-04-28
8a7105958476f2d9a8b1ac63cd306a82,6503.0,2024-04-23
8a721b87ac5f3dd3ef23245345bc906c,3786.0,2024-04-25
8a7e719378507854eef49aeb652cc36c,2040.0,2024-04-28
8a7eb7d4381a8296ace7bbaf9ebae924,8317.0,2024-04-28
8a7fa1a56d081e31f718a8ec871c4f14,3997.0,2024-04-29
8a801132103c5a50778e1a2000bb2c10,10720.0,2024-04-29
8a8381bd14e53ee99906301b0ed74417,4250.0,2024-04-28
8a89128c7df6f80ce330922c83f9ec8c,5633.0,2024-04-27
8a8bad43353c0b7081546ee1357f5e2d,8839.0,2024-04-29
8a8c5b8f20567c504e19439cb696eacb,4045.0,2024-04-29
8a8cc0394b44b09d052a418698387fc0,6909.0,2024-04-27
8a948f70ac4cbdee93ac443f6f962e1b,4988.0,2024-04-27
8a953d72c85b5b70ae4a0bfb4ad01a76,8347.0,2024-04-29
8a95984d796a7767b5643b95edbcf9b2,7042.0,2024-04-25
8a99c105848541454e23d1487dd296e3,2723.0,2024-04-23
8a9a038a4d6774e0b1f337bf0ad58ec0,8651.0,2024-04-24
8a9a03f500a190c35699457ad4f125b1,9127.0,2024-04-24
8a9be3c44a3025e6804f29e8703a8229,4470.0,2024-04-27
8a9c0de094472e6fd71d46682fefb07d,4621.0,2024-04-27
8ab0377c471d9b177a77cb5262f7e4a6,4248.0,2024-04-23
8ab500fb0ca1de15b753d9de037c6d46,3851.0,2024-04-24
8ab8db001fe194757d2c2f6810a72a46,1349.0,2024-04-23
8ac08798a8b054eb3513d2f1b6dc6d81,5491.0,2024-04-25
8ac0a2a48b4c67e3019e20c96d3d7bb5,5271.0,2024-04-25
8ac183afdeb76c486d1c37f1c7399283,9077.0,2024-04-28
8ac30bc05b68d15fa217e1b8a134bbaa,2732.0,2024-04-24
8ac39c64335b269a46d55f188f02f911,3609.0,2024-04-23
8ac4b2aaa45a56ef696df0acffdf9afb,8315.0,2024-04-25
8ac4f107d2a72e306e7f222e3839b03a,5236.0,2024-04-25
8ac9c1206f14121b1f8f7572f9885965,2836.0,2024-04-28
8acce03c8a76488b9953e7c02477ce01,7288.0,2024-04-29
8ad01b40fed1ae55ae5460240b668f69,9027.0,2024-04-29
8ad5f82347f84122ac0ce7cb85a82e41,10975.0,2024-04-25
8ad9f0c997edf73f219778ed7b1e80db,2269.0,2024-04-24
8adc561f8263487d93265c5c0ec5f3d1,2226.0,2024-04-29
8addb44262f683c7942a2fc0e2580b57,7150.0,2024-04-23
8aded9e0d0ab285a0b19ae9e3fb85128,5551.0,2024-04-23
8adf2575cacb17e3c3ae7c3c2d3cd77e,6337.0,2024-04-28
8adff48d30bcfa328e2bbeeac055bf17,4489.0,2024-04-24
8ae8469ba6fb696abea3aefde33342d7,13761.0,2024-04-23
8ae9174071f4df7bf2ffd92f237a6871,4124.0,2024-04-26
8aec262d87d20ba4aac2e15564490b07,6394.0,2024-04-27
8aed50243b537aa4685f01eae05da1fa,1903.0,2024-04-29
8af33543b18b1a385cdd11ce92d16063,5494.0,2024-04-28
8afa6a342780f28363580ff7725bd8d6,4300.0,2024-04-26
8aff88ecfbe29023f8aba8f86a382a0a,4165.0,2024-04-29
8affa4666e1d1c7e796673fdc469039e,4367.0,2024-04-26
8b048c8d0342e86a5b27afc44ce9b5b7,5513.0,2024-04-25
8b069596ebe7a1a30867bda47b612deb,7312.0,2024-04-23
8b06a03b01e82a8273ca49b4a929c697,2624.0,2024-04-25
8b089f42a89c5ef3bfead973737b9788,4142.0,2024-04-26
8b17d7fb489ffd8a10e3e38b9d7dd7b8,4629.0,2024-04-28
8b18e31d6efa7c1b51e2595b2b46e727,6671.0,2024-04-25
8b1ac2b31b12f869372f2eec5f51995a,9461.0,2024-04-28
8b1bbdf707172f024a38cda0336e1131,6309.0,2024-04-25
8b21304335d25acd96eec79d9308aa37,4981.0,2024-04-29
8b216813e000de45727a8707d1cf062e,5437.0,2024-04-25
8b2186504371950a5d242c741e8afc9c,5341.0,2024-04-24
8b21ed480963213278f5989cb980f51a,7616.0,2024-04-26
8b25089ee0b7359405d0b1972cf43eaa,3908.0,2024-04-26
8b291d8c45e02d5ebd4710f08c4fcebd,8263.0,2024-04-23
8b297c72a9fd06f2a7f24c93a33b0ecf,1962.0,2024-04-26
8b3140c45144c5d6ead963ab87c113a7,7986.0,2024-04-29
8b331d8fd9c2e3b173efbcc85414306a,2997.0,2024-04-27
8b3435bd770f0ae4e046650f8d54ce35,3721.0,2024-04-29
8b3571d4e373dc13d7764d8b4ff0f03e,4741.0,2024-04-25
8b3b60b04964adf943fc91aacfe51047,6955.0,2024-04-27
8b3b8397dd92b5766895b9bcf44c4277,11372.0,2024-04-25
8b3e5d5e1a75845c814160980e2e5164,2543.0,2024-04-23
8b3f56f4ab0f004ae2849c0e5362e275,6359.0,2024-04-27
8b43cae92a0ec8637de1766549856241,2581.0,2024-04-29
8b4c9c693347a1695a5e909af7af4fe6,5216.0,2024-04-26
8b4f8198991799dd7985a27ea0846cf7,3551.0,2024-04-29
8b510b44a42dc7f1405e764ef405854f,9567.0,2024-04-26
8b51aea669b8ef01798853543c57333f,4024.0,2024-04-25
8b523303f6f1bd863fb59ac9bff85628,727.0,2024-04-24
8b5286f71648a13e0c2443f1e4144ab6,3806.0,2024-04-27
8b5474100ac50912790673663994a693,8393.0,2024-04-23
8b55bc45b7d91af7c4781c9395f14674,2382.0,2024-04-25
8b56d771b417402d265e369fde14d220,4266.0,2024-04-23
8b5a85dfb4a2bc7338b4ed49431ed608,7214.0,2024-04-27
8b5c8e8148069d068d8534d0cff4c884,6261.0,2024-04-25
8b6080a0e8f4dc4312d507d23f01a846,3798.0,2024-04-26
8b6f6a386313545f3638e26668456d61,6124.0,2024-04-23
8b7075582b0d6bde34d11a90b9657abe,1349.0,2024-04-23
8b7470d46605853ff32f1cc978d0285a,9636.0,2024-04-29
8b74eb7292ea361f5f04b1ae052bb132,9418.0,2024-04-23
8b7844feb5d976a0ae75e0e2d52e9fa7,5090.0,2024-04-23
8b80ac241f27c434419d09fac8b691b1,8037.0,2024-04-28
8b8247f4a4104eae122d681bbe30c6f3,4760.0,2024-04-29
8b870946244d5acebe11a7f6c1093077,4494.0,2024-04-23
8b88e1c73469e1d455b6779b4ef3f906,7437.0,2024-04-27
8b8b5b8930dc97198e2ee62302b39433,3651.0,2024-04-24
8b8d161d69af5c08a7ff4734a0d7a685,10867.0,2024-04-25
8b91d9268bc20874d00eb74e3882051f,11786.0,2024-04-29
8ba130128b3e3dde468fdca93a1a28ca,10863.0,2024-04-24
8ba1ccf3d3180284c84e104b248c1345,7922.0,2024-04-27
8ba1de34d0034ebf391f666f424036e7,6157.0,2024-04-23
8ba217c68ddb59646c8c27a1ecf8fb9d,5751.0,2024-04-28
8ba6c07f47cd6356686e9e1206db0fe7,3582.0,2024-04-27
8ba9b73f7ca70c0d2090b3794fc72ed4,3403.0,2024-04-29
8bafbbb0fbbb9185bc9688a9fd1bd526,3498.0,2024-04-25
8bb26f05c8fa758f83d5225eebcc2040,2950.0,2024-04-27
8bb28fbf156df281750f93cda31a10b3,5348.0,2024-04-25
8bb637a15d69b99ade5696b5c323c379,7798.0,2024-04-25
8bb87ca32212f55d4a4afc25e5a96a08,5748.0,2024-04-25
8bbdbfc490aab8bfe561eb27dfd5eef4,7878.0,2024-04-25
8bbf15b10fe92c0989fdf953d28826c9,5005.0,2024-04-25
8bc0428991a6018cf1eb3001133402c1,8896.0,2024-04-23
8bc17988845a84316333c9718a9f91aa,3430.0,2024-04-27
8bc69d1c375271bd29e7e625d1551870,5449.0,2024-04-23
8bcbbfbd6015b16606d602f3decc5ec4,10736.0,2024-04-23
8bd507242254acf7b0b1f73c00ebe29e,7802.0,2024-04-28
8bd52608ea97745afccfd26617944d90,4711.0,2024-04-28
8bd884d50eadbdf71e0e36286406d0e5,4920.0,2024-04-25
8bdc6e07870440391da6e86f4a0868f6,5047.0,2024-04-28
8bdfd3b1e2e88b3a0c4695ded5e33ef4,5607.0,2024-04-29
8be5811f0ded861c091156a72d8b7aad,7874.0,2024-04-23
8bf1f8817246432e76a13f4f9a02ef6d,2743.0,2024-04-23
8bf284f8e1bede39551f62d803b12598,2031.0,2024-04-26
8bf494c3e679a16c42d6fd5cfe0a353b,4839.0,2024-04-23
8bf94ae06e5caa5a1ac223e3be488c16,5415.0,2024-04-24
8bfb3d39ae183ab5969336c68f2cce3f,3793.0,2024-04-26
8bfc75c13523f9d534cb33269a76e4b9,5282.0,2024-04-24
8c00d5881fbbcb38126ed8330fa8200b,5015.0,2024-04-29
8c019a0c84c1d167bd2b7cbba22e0ba9,4227.0,2024-04-26
8c028b806ef60588617c0762e73170fa,7263.0,2024-04-29
8c055e47d11c0852c8b456fa5d2f644e,2702.0,2024-04-25
8c09126afa6fe30734ce8cf7b7d45190,4507.0,2024-04-23
8c09b94019065e7fd4b78e0fd03e3a92,13036.0,2024-04-29
8c0c913d9ea7ed481bad3f2a7d2fd069,2952.0,2024-04-29
8c0f40edc03c2fdb627f9853b21e3942,7502.0,2024-04-25
8c104049d5b2cd36b58c93bfed0a531f,6537.0,2024-04-24
8c1c16fddcef6e898d7cd253a87297c3,2571.0,2024-04-29
8c1e57647d8400ac29d2a66757c15553,11474.0,2024-04-27
8c1fe1845209145bcec22564089290b4,5204.0,2024-04-29
8c22cfee8669c1b4049481f14365ff11,5596.0,2024-04-25
8c296d49724a0beb138e7bb843ac87fd,17563.0,2024-04-25
8c29b58dcb08c6248c563144ac629713,13542.0,2024-04-29
8c2e456dd9a6d0e62e48878d800f617c,1797.0,2024-04-23
8c310a7652fbe69efa8e7c5f2900fb98,3077.0,2024-04-23
8c311017be0a4e08abb1c0d6d840dfb4,2838.0,2024-04-23
8c3161e15a2875c02a3521eba904f888,5730.0,2024-04-28
8c31b385b5f61faa4ea9064972c42eb2,1185.0,2024-04-26
8c358c54e86a51c40eb8f1b0e2e98b6e,6736.0,2024-04-23
8c3aea193a9865678d2b7c0aa1c1fff6,4154.0,2024-04-27
8c3e5c0f47dd6fbcba658fefea19de37,4270.0,2024-04-26
8c3e92cfa22011c2f72faeff89e41e07,6750.0,2024-04-28
8c44540dbb971ef4bb113367c1ce12e5,4701.0,2024-04-23
8c46318a0b4f6253284cec628ee1ad12,2726.0,2024-04-26
8c47f964d8f8b167db0d3e62a3961be5,5307.0,2024-04-28
8c49315a84d440b87c7bec060084f53d,5065.0,2024-04-26
8c4b19c0fcf49f42f911ef9253fb1cf5,3373.0,2024-04-26
8c4d7a819fc40e3710dcabbd9e9db5cb,6301.0,2024-04-25
8c54365d78d3dabcaf89ed09d1c1129a,5683.0,2024-04-27
8c55cc9ac5dcd72e4505d7ce02594e57,2920.0,2024-04-23
8c5ad99b42fa7cdc22d3671030f6061a,7228.0,2024-04-28
8c5bb32ebfd7ca749dc03138e50d0c57,2309.0,2024-04-25
8c6ecf285fddcdac390220cd62a8c946,3957.0,2024-04-28
8c7286894b30c55ce64f3f20cdc61c25,1707.0,2024-04-27
8c737dc19861eaaf37b184ba1b5003c0,7625.0,2024-04-27
8c747bfdf2cb9c40c46dc8bdd876b813,3456.0,2024-04-24
8c7559bd7437b996d8097051d2c99ded,6334.0,2024-04-28
8c77c7f12612978610185a7821028b84,6733.0,2024-04-28
8c7d781cdd33ccf36c00b774ba9305d1,7002.0,2024-04-28
8c7e92835a553283fde3a3ac321889a4,3932.0,2024-04-29
8c8009891754e3e511384fae62aa4191,3566.0,2024-04-25
8c85a61f601e359080fa9ca58c210909,7124.0,2024-04-24
8c85dd0801254bcb2aab591f5feec8bf,3792.0,2024-04-26
8c8683b994ef0f5a4692778ef7179b29,2579.0,2024-04-26
8c89d4c0f8190257e506be903b8575c8,2617.0,2024-04-27
8c8a3cec98a57b56da902e675834539a,6516.0,2024-04-26
8c8c00e3028fa888d88fbdaad16c632d,11229.0,2024-04-23
8c93e1b8d3c5136f674b9ad03fa00d13,4751.0,2024-04-23
8c9489d51bf4223738f03a4a2d9f3c9e,11794.0,2024-04-29
8c9782e00da67d4df39836cf73912b20,9438.0,2024-04-28
8c9dc99bd250684c83cb48b8c841f61a,1600.0,2024-04-27
8ca852de1ef3090d9a61eadbc4fa80fd,14937.0,2024-04-23
8ca8d1a1ce83f3d5536e122e2cbf4ef1,3436.0,2024-04-25
8cacaf8b34f4a58fe804a25a73f2d5af,8331.0,2024-04-28
8cb317b76116e5e738316812057f7626,7593.0,2024-04-26
8cbbf95282e18e57cb75a002135c0f19,6672.0,2024-04-24
8cc02682c570572e12ce247912da498b,3970.0,2024-04-23
8cc495341432e80e591475764016ad68,1690.0,2024-04-28
8ccc07465e2cf3eaddf3bc3b4881f282,6876.0,2024-04-27
8ccd05d26033fb03b45f10f3ba86ac7a,5269.0,2024-04-27
8cd1594b5ad8df4ab4d9dab72600fa51,1827.0,2024-04-28
8cd8db76d26c65bcaf4ff1e6f8b5713e,3827.0,2024-04-24
8cddaca8f6d6fd669cdc6602c3a7e20e,3765.0,2024-04-26
8cde1fb4328c6806b2854c60d37e5da0,5303.0,2024-04-24
8ce2ff7ec571d5307de367a34c45c4d3,3316.0,2024-04-27
8ce351ad82fbfafac7e9a95bfe0fdf9d,5746.0,2024-04-29
8ce445ca44b94f744db0d42a2124dc8c,2227.0,2024-04-24
8ce9b1adef543ff92d50f2f213b9b501,8566.0,2024-04-29
8cefd87dd8ebf7d51dcdf9ebf48f1e4f,6529.0,2024-04-25
8cf0f939f1f70bd798b1ab1a89f62a7c,6741.0,2024-04-26
8cf38d24165c9577cf4013e7bbcc95c3,3523.0,2024-04-24
8cf6ab98a696a730dcfd2b9f44218d0d,4267.0,2024-04-23
8cfe7637de9aa61297abe87af0a33d3a,4667.0,2024-04-24
8d0acb38dfe9956cc478d0a1e54fa275,4359.0,2024-04-26
8d12d96f74e4158709512830d1aa1797,7778.0,2024-04-23
8d1352b7f368dbcbcac63758be53eaf7,1755.0,2024-04-24
8d14fbf19b47e975198747054f6315e3,9392.0,2024-04-26
8d2428c840e2ec82d18f448607f16e5c,14002.0,2024-04-25
8d24cda272be5e6f7b4fb2b6ce173403,4080.0,2024-04-25
8d2674e17c6e724a01bb0ba7aeda90fd,9696.0,2024-04-29
8d288b5723915614a565543d6aeae09c,6601.0,2024-04-27
8d28c700cfdfb2bfbed11588923818e6,7081.0,2024-04-29
8d2bb8ebd0aa08a860253ab2d8c3ba91,1924.0,2024-04-27
8d2d4ddbe8711dfebeac2eaf169aaa52,10258.0,2024-04-28
8d2e87b27922bba0ec9ae125dc6ea391,5237.0,2024-04-23
8d2ff4bbf9a1873b8fa2a0aa98019579,4712.0,2024-04-25
8d301087580984f03490c5acd5690899,10423.0,2024-04-26
8d38defb3b45eadec025b0b188a0f233,7381.0,2024-04-26
8d3d2b297928d708862e0377e1fc73d5,3889.0,2024-04-29
8d3fd7b10da92d692945fd6a805445d7,4474.0,2024-04-24
8d403545c41c0a1549a3dc0588dd2299,4099.0,2024-04-25
8d425fb45184d684fc50ede44be5ee27,12548.0,2024-04-23
8d4371ef9b4f9cb9aebdf78463778dac,3638.0,2024-04-27
8d45a04f7bf0a5028963ae8568e3c420,5647.0,2024-04-28
8d4dbbeec020958e6b4f131f4687bd9e,7214.0,2024-04-26
8d51996e8608608ca748a06ad31393b8,3698.0,2024-04-25
8d5260b4bbbb1fe9753799799570deeb,4104.0,2024-04-29
8d5470d37f2d003f437f8153cb37f9a9,5795.0,2024-04-27
8d552c024f4539a0b9a53d4ebd0c0245,10375.0,2024-04-29
8d5987c0f754adb32a1a022139c9df24,7977.0,2024-04-27
8d5efab6a91b382d9d66a80b5f4f9d67,6325.0,2024-04-24
8d64449ddc74a443f57e72660d84beaa,3572.0,2024-04-23
8d68763272e6be7544c4c5242f123f58,8648.0,2024-04-23
8d6ce065e7d3867b953a92bd147602c1,4941.0,2024-04-28
8d6d8fa000b05d209791764d8fa813c6,5123.0,2024-04-25
8d75b2afc2b9264156bd8fc734c5ab70,4004.0,2024-04-28
8d7999a959a7c21de68305cb1266387c,3443.0,2024-04-23
8d7c9e337e87a32e2efd4f23d6584300,6884.0,2024-04-25
8d7e71232d58b419b4e9acb1767f7510,2585.0,2024-04-27
8d7f543f2f7271ba28a3b085fd9aeb39,3490.0,2024-04-23
8d7fc6f0096b84b9e038d40f47b1c14f,5402.0,2024-04-27
8d81a45294977291ad90025e4ba6979b,5310.0,2024-04-29
8d86903b32b5e321ed9b56bf9c5329a2,8910.0,2024-04-28
8d90c594c77c9db106ce1b5175376b0b,5239.0,2024-04-28
8d9198c64397de51f5995cd2f0348f13,6166.0,2024-04-24
8d958bce707e5655f39a4c35a9319350,2923.0,2024-04-28
8d9781dfda436951093b91b2786869fb,3867.0,2024-04-25
8d9a174e5bf944e9a31c0e27d1862eae,4144.0,2024-04-23
8d9c4c34709eb99a40bb7b83153ad480,7153.0,2024-04-25
8d9e24fa01fc6a44c89fe8893709b7cc,4013.0,2024-04-28
8d9f55b3e8141b693fb9a76a405f13f5,8090.0,2024-04-23
8da3f7a9da5f52f302da0e884c8f7b65,2890.0,2024-04-29
8da8a0f11a5d0b60455e0e819c744e7a,3391.0,2024-04-26
8daa5d26ad392b007df5723261cd6c3c,6489.0,2024-04-25
8dac8fd23ec2763ee02a220f171aa616,3232.0,2024-04-28
8db75b2755b081fc4d9ccda37def8f40,7045.0,2024-04-23
8db77edc4d13c0eec6c565e3e3fd5ac9,3962.0,2024-04-26
8dccf73aea49d3ca39f2e0bc9af22ef5,4774.0,2024-04-27
8dd0b7ea1eac741cf2dd9a813df604d6,8933.0,2024-04-26
8dd3f1209a8bd664f981174439aa6b81,9936.0,2024-04-28
8dd431ee4c56b1df13d474ba16d2eeb7,2250.0,2024-04-24
8dd4839a35f3d6963b8e6c04f018268f,10368.0,2024-04-28
8dd5b6797f0c2f2b9771bd47aaeec010,3486.0,2024-04-25
8dd7348b2c32189579f27b14e0f9ce0f,4216.0,2024-04-23
8dd8a97d956549cceda89f1309a365c9,10372.0,2024-04-26
8de65f438c9423119c51e5d9ae3651a8,4508.0,2024-04-26
8de969224e214eff5c64452620e0632e,11820.0,2024-04-26
8de991910fd19e36eae0b42a3f2321d0,4132.0,2024-04-25
8deb9b158cf06485361cae5c3126aff6,6922.0,2024-04-23
8df2253a29f1d4a50522386fe7aa791f,5041.0,2024-04-23
8df37beaa375009b4175d19c43beefd6,2993.0,2024-04-23
8e0024d1774febcfa1b8ce6df722c33c,9013.0,2024-04-28
8e0233b61e8fb934d36c0ceb1aabafa6,3452.0,2024-04-25
8e05560e03b881428ef0de7c54f82ec4,6663.0,2024-04-23
8e085a9b99afd2aaf8fe91f5d7d67bf9,3986.0,2024-04-26
8e0a5b2f87c3fc1858a28332dc011d9a,5366.0,2024-04-27
8e0ab3625bed2590a4c57490269a77bf,6927.0,2024-04-26
8e0bd12510357069494187a857677c2c,6205.0,2024-04-25
8e0f982b7e502c595bc7a9b318c33aa6,5912.0,2024-04-28
8e1770616a3dfcb60ca7730436ef7ce7,3150.0,2024-04-26
8e1a60cfa188b0830057aa7f21089d39,7044.0,2024-04-26
8e1a9dac8e870c2e9f1a595f0402e06f,7412.0,2024-04-25
8e1afc09c68f99d5faf9997b110c119f,4747.0,2024-04-26
8e2275174eb7c0f2dde64f5b18c8815c,2476.0,2024-04-26
8e2a0ae84c46e8ec4f082c041f5254bb,5389.0,2024-04-24
8e2a9412822bbf2050cd2340ec7dbf49,8233.0,2024-04-25
8e2cd7469c1eee7402c79a55be4725dc,7910.0,2024-04-25
8e2d01296fbf3d33cb14cc4373ac926f,5700.0,2024-04-29
8e3115f38698a207e572b5aab2bd963f,7575.0,2024-04-27
8e33123ad62c1263a90ca7f2bbf7c76a,10918.0,2024-04-25
8e3a94ef6f264ad39bcd51556f9e6101,13085.0,2024-04-23
8e3dd2fe711b9fd01baba50eccb655b2,8810.0,2024-04-28
8e4283d980ef7d6b3d43fdc360bd0dd3,6274.0,2024-04-23
8e4a917fbd85a4c8bc37202dcc987d31,5402.0,2024-04-25
8e4d1c15c26389f039a17a363951a250,7832.0,2024-04-24
8e4f156cf4adb4fbfd2f02105a501257,6643.0,2024-04-24
8e51a6b9fdd9b6cf342c491d493ac7d8,8306.0,2024-04-27
8e5278a7bc5d83323d865da190c19c12,1764.0,2024-04-24
8e5321321b18913dd9b2fdb2a353762c,5475.0,2024-04-28
8e559eafa3066e6e9e1109353ff34187,8715.0,2024-04-26
8e57761844ad773b0fc985ba920adc93,2652.0,2024-04-25
8e58fb77429b223cfd4e960a58d27472,4375.0,2024-04-25
8e6372c2d4263a757914b1e1f5613c24,5173.0,2024-04-29
8e6abe525f4379cdce352d2d63cc50f6,5378.0,2024-04-27
8e6ed65e838e1cf43fb1affffcee4454,5114.0,2024-04-25
8e6fcd6c39803def3798f8a6fa07e589,10313.0,2024-04-26
8e7092ac16ade004e01a24860ab152ec,3174.0,2024-04-29
8e78d41f9eee1b5c55791b83d91e269f,3749.0,2024-04-23
8e7c6a7940ecc8efe4c987f73e368207,3731.0,2024-04-29
8e82cf03ccd3fd152387807a8c4c3916,3082.0,2024-04-29
8e85e822582dfb7729797dae3089ac0c,2556.0,2024-04-25
8e88cb1cb9411057b7eb416936a0fe27,11119.0,2024-04-28
8e8f897bf84e5290433eba9a066955fa,4703.0,2024-04-24
8e936e09e4c239a3ac70331e32423526,4284.0,2024-04-23
8e97643f62483bc596219f0811d4c371,3254.0,2024-04-23
8e97986a5289e449f0ed0b24799586cb,4799.0,2024-04-25
8e9bd1c208cc75159e6d3b2de5f39c59,1705.0,2024-04-23
8ea0b011fd49c33021b530180051f953,6030.0,2024-04-28
8ea1be6271d4aaeaaeb91883273fd33d,5067.0,2024-04-23
8ea656eb4174557cec64da93992f25ec,6052.0,2024-04-24
8eac04688cb730c496b0b58c9ecba743,3950.0,2024-04-29
8eac2200a03a838ed06a31cca94a4306,10317.0,2024-04-24
8eb3d6691b76554423527abedba9185c,2378.0,2024-04-23
8ebc3af82368ebebcb7d81b324060cad,4751.0,2024-04-25
8ec30f95e2b03d49b0845f1fe4cc9acf,11208.0,2024-04-26
8ec8879f4a0d8053335cfddd227e1c9e,4534.0,2024-04-25
8eca9cdd9f3e6a0b447042c0522bce6c,4704.0,2024-04-26
8ecc39f76f70aec5eccb12816d725baf,3968.0,2024-04-24
8ecd217f0e7652008838fdd43e6cb15b,4011.0,2024-04-23
8ecdd832b0271e03b08320c3c8668743,3640.0,2024-04-27
8ed1f93729b9d3c43c4699fc947e9a6c,8342.0,2024-04-25
8ed4ec01019e9b53bc00d36c1c50fe11,5717.0,2024-04-25
8ed4f5ca6fe3f22612a9dcfab77a87e1,4378.0,2024-04-26
8ed7fd373f481f0fb2e4c8f5e4ecaed9,9607.0,2024-04-24
8ed981ed40ebe705e321c5a21e9f700e,4395.0,2024-04-26
8eda99de4a90b29bcb8ac77a6852ebd2,1313.0,2024-04-28
8ee015ff74d91896b2ec298be26699d4,3104.0,2024-04-25
8ee117c8b98cf95769ccef4e77ffb28e,6179.0,2024-04-27
8ee254a15d5cca01be290bac777aee5d,4605.0,2024-04-28
8ee2a0579d74e5684a388c461b5e0e3b,4770.0,2024-04-29
8ee576baa193233a003d1a4174d7c9d5,6128.0,2024-04-27
8eea4d2f2b6937aa59209f2ae80d76ca,2687.0,2024-04-23
8ef40b443b3ecc35b833d65e71a177b4,3775.0,2024-04-25
8ef53795fb1764f8fd52f7061983d121,2548.0,2024-04-26
8ef8e380f7ecce92aa728a091580e4e8,3482.0,2024-04-26
8efac2397de9ff70d33b44dc9923249b,6605.0,2024-04-27
8f0063608ba1d38d3aed59ece6c64608,5244.0,2024-04-23
8f0b06cd6f837bbe72dedb1bda44ee06,2435.0,2024-04-23
8f103bd2898966bc66e0fc3d3cc06549,2422.0,2024-04-23
8f1341360c11f76669a216ab3a765b42,4895.0,2024-04-25
8f144e61d4ef151b290595925f4d65ff,1877.0,2024-04-28
8f17bd0d63d8ad351ccefad306592153,6318.0,2024-04-26
8f197bf8f585b87a1e56d45b376e0199,3887.0,2024-04-29
8f1a0ad587d81afcac3cfb90419979f5,3759.0,2024-04-29
8f1a2d0562ca29e236d1e2e954cd7b3f,4463.0,2024-04-28
8f213108aab4e90315b7da1c9dfd0fd5,9700.0,2024-04-23
8f244a3600de85b50d7c09d1d47dea6f,9649.0,2024-04-24
8f254f231361f46b91f93e04855a3660,2056.0,2024-04-23
8f2986f91d980d700df8738de4fc23fb,9192.0,2024-04-26
8f2a0b655b4fe97b85c334554854bf17,5066.0,2024-04-24
8f2a2a0a27b4ce260b2dc9b39c5fa3dd,2269.0,2024-04-29
8f2e0bf9e37ae59550f87de3c8f172b3,6516.0,2024-04-27
8f2f303ad0de037ec5cbf56112f3a630,5142.0,2024-04-26
8f3161223e4f9a33015f98f11036e375,3647.0,2024-04-29
8f37fb6f31a8cb197e57c10202fefadc,10777.0,2024-04-26
8f389639b0ffe0634780577513bc205b,3932.0,2024-04-26
8f3bdcf1aac7b02b8111387d2e779e97,8306.0,2024-04-24
8f3d3201098622c244354359d6eda492,9115.0,2024-04-25
8f3ea2380b6b2f5fc775a1de56196957,3266.0,2024-04-29
8f3f376b34346aab47c1df476096392b,3961.0,2024-04-25
8f46a7cc8e7aea8e08c20d43e8d60e37,1280.0,2024-04-25
8f4746246a214538a1d29229486581ff,8323.0,2024-04-27
8f48b38c8efa55a54c4d0c36bb880d4a,2334.0,2024-04-25
8f49928da88991e43fa20685a8fc2166,4681.0,2024-04-28
8f4a5044585e4d7b8c6400fd941aa694,8573.0,2024-04-29
8f4d86ef2dfdc1f1e68d447a9354c850,6705.0,2024-04-27
8f4db8b748a63842a6906dfea75410cb,4496.0,2024-04-26
8f4ec445794f941b882305bd4f61a4db,2295.0,2024-04-29
8f51b27741803bb00934644c787daf90,9841.0,2024-04-28
8f582d6f6630a77114111354e52db2ba,5242.0,2024-04-28
8f58b218af5866c6f695102ec3205dfe,1988.0,2024-04-27
8f5ad62c7f4f322da89cc2217a8e8b35,5361.0,2024-04-28
8f5d5b8f7adab1cf7b0021613ce3fc92,4824.0,2024-04-27
8f60b34269e319406af4acb2e0e84e56,10448.0,2024-04-26
8f62eb39c6c10c226ef1207ebe761d1f,4421.0,2024-04-28
8f656431551ae56e81d432b96572da5b,5512.0,2024-04-27
8f66fd2e13a7d5285f8e220f974ef00c,3034.0,2024-04-28
8f6903a2d4dca8cde9fd513d452bd61c,6773.0,2024-04-25
8f6b81bcbd66b1e0b596b3fca5c2a826,4995.0,2024-04-28
8f7963b7874258bceca41705bbeff7b5,8980.0,2024-04-25
8f7fa77ef940c4ba9876864de6e0adfc,7612.0,2024-04-26
8f8102c556eb580beaa2a7ecd667af45,4868.0,2024-04-27
8f85025f60ca69b202bf0d7edf5996a9,3086.0,2024-04-29
8f881f0db3ffda7668b50861de3f3fb1,4656.0,2024-04-25
8f8e3cd79eefe1eed2234b080227841f,6470.0,2024-04-24
8f8eac5f59d0460c6836018baa74071c,6188.0,2024-04-23
8f90d43e49ae9a815e8a8d996ff17782,6598.0,2024-04-24
8f93569d3694836b7925900c07fdbaee,3294.0,2024-04-24
8f9670630f6616bd5f8e85760e6e8232,7643.0,2024-04-24
8f9aa630d680ef4f77e3f450789a9295,5969.0,2024-04-27
8f9d98960fcfdb0525dfba1803bfd325,4725.0,2024-04-27
8f9fa55cb1ea8227999c3486ff9af686,8592.0,2024-04-23
8f9fbf08d85f42d2e70c55dc584ecdc0,7708.0,2024-04-23
8fa16805c638f0838de529d010d544ee,4880.0,2024-04-25
8fa45263b6b8b96dda71b6e21711090a,7907.0,2024-04-28
8fa962598d98b86d5b0ae47a5bcd0fd5,5608.0,2024-04-23
8fa9ac2c91cef61c7db32fed5202779a,5160.0,2024-04-27
8faf8ed0dcba23d5d541add79d0c9492,6219.0,2024-04-23
8fb33c50e66409fa406fda258a93c77a,6540.0,2024-04-25
8fb7338a663cb72c824d944e2278769d,3088.0,2024-04-24
8fbb7e5b527d79461d51b4e41e3e882b,7134.0,2024-04-25
8fc25fa964d11e147cb84b3f22f02971,4791.0,2024-04-26
8fc782e7ef8aa2b2b3a6331598b46e5c,4388.0,2024-04-26
8fd2813eb79dede889cc405e5c7b3826,6565.0,2024-04-24
8fd43b0c6a0689b6097b5f66281d78d4,2670.0,2024-04-29
8fd44605ec8bf0dbd425429799da2ef8,5923.0,2024-04-23
8fd533e9fe7f9b04c5b6d8bd4683d963,8160.0,2024-04-28
8fd922f11f3235dfac1e4bf4c90dd8b2,6352.0,2024-04-27
8fd9862cfe01c203f6a923ee6aa6f8ec,8286.0,2024-04-24
8fd9a82348d6660331ad48c5ce6e6d2c,5979.0,2024-04-26
8fdbac264188b69a9b781fb745b83d4a,3599.0,2024-04-24
8fdf02f66f5618e149d40b18445e2afe,4406.0,2024-04-24
8fe3e721c7f43258022e4ecbbfd677e8,7395.0,2024-04-23
8fefd8a168e01ccd2120b25d46ad0d12,7310.0,2024-04-27
8ff4249cf7e6f447d21545bb9cbd84a0,6685.0,2024-04-25
8ff5ac39ca69ab2ec2d415441f4fcdb9,6593.0,2024-04-28
8ffcbe1b93b3a3126124a18f55df302d,3730.0,2024-04-27
8fff2ab83751e4ac83ca53075157d185,3985.0,2024-04-29
900297b9718a016c18dd2341c8375cc8,7228.0,2024-04-26
9007ebad8579e145ad400f406d6a451c,3932.0,2024-04-29
9008adbb021953d715caa8cbc0cd4f50,2338.0,2024-04-28
900b97e2c009f0e054be73c7808445d3,13535.0,2024-04-28
9010a5a42c57597a510593abf1a92a1c,3735.0,2024-04-26
901223d59f1ab019166edf1353aa9f31,6637.0,2024-04-28
90145ba28166e166827f0cbd9f720d9c,6575.0,2024-04-26
901c242f7d6d345447f4340c5c9fd2c5,4146.0,2024-04-29
901c70d641aa9109c82cb5ff0bf38597,4333.0,2024-04-23
90255c7c8fd4b6a31e7029260294ddf2,8762.0,2024-04-28
902669c62cf583b1348e1f95f75decf4,2032.0,2024-04-27
902bee8d3eb90ecc52c41329dd75efd7,11162.0,2024-04-24
90306a590efadf96d817185a26093d48,8487.0,2024-04-25
9031343983f32d9fd2c061e168eb2dd3,10849.0,2024-04-24
903556faa3b7a8cbebf33919ccb1187a,7658.0,2024-04-28
90379c6bd551ecb4f6b6a82a59e975d5,10719.0,2024-04-24
903985587125a752e5cbd267a0c0695e,3178.0,2024-04-28
9041e55ffceee1009354a947a77752d6,6347.0,2024-04-27
9046ae0a1860ba6dbba9a855983c5a0c,7381.0,2024-04-24
9047a1138905811e95782fc298241b7d,5139.0,2024-04-25
904eba9f8fdc01ba9b9cee815c5d56ad,2492.0,2024-04-27
905286a7f23c76776f8295156cf1054e,6434.0,2024-04-24
9054958032efbe25d428059d38d28f5a,4238.0,2024-04-26
905713f167d2da84ec169550f9a56fdd,4225.0,2024-04-25
9062dc18718b2a318e3a9af84713b16f,4238.0,2024-04-24
90639ba4e6e960a40cfb1f3f6e71bab3,6367.0,2024-04-26
90666a79bc18ee79c26b3874485b6cb7,5838.0,2024-04-29
9069a85c915e0957a554b13b0bfd04c3,11773.0,2024-04-27
906a1969f598896b2661c8a2b4dfb3ef,4321.0,2024-04-23
906f66270db673e6e8cd801fff9bd6bc,3472.0,2024-04-23
9070e7630eac80271505683aa589f1b7,6474.0,2024-04-23
907169e12baa016a2342b1dfea6c72fe,2590.0,2024-04-27
9076b0794b6768261b6457d035930dff,4922.0,2024-04-26
90777cb927ebdd6f6fcc758bf03ed5ec,7220.0,2024-04-27
907d09eab5b5ca0142e72cb4f716fc56,4539.0,2024-04-27
9087f0a42d4755136822c27c6bb30aa5,4027.0,2024-04-26
908843556333911f55e5ba49057fe6ac,4795.0,2024-04-25
908859651abc6ced90298fd35dd3b2f0,7017.0,2024-04-25
90917144e0ebca07e638c79bdf54ed70,4370.0,2024-04-26
9094771d9d4ebc8c3ecf6524a5011065,2910.0,2024-04-25
9094bf6290b35a9e8fd27475d19ad3f7,8268.0,2024-04-27
90950d50ed0d698d32baade584d7bbf9,9671.0,2024-04-24
90972643ae1b27c22b8253356b9372f5,9002.0,2024-04-24
909816ffe5bcc3b36a7f56d751b82753,3784.0,2024-04-23
909e797f774e96197f1f0dfb496d80d5,4194.0,2024-04-26
90a919726a801a78719064166a504382,2456.0,2024-04-26
90a98db4dab7c49ba8e1b39d6aea6577,7309.0,2024-04-24
90ab698ccb199682cada7c01b7c90376,6485.0,2024-04-26
90acafee5e7713e0d8852b40bebaac42,6066.0,2024-04-28
90ada2afda33513f6d0b94bde426cd1f,1525.0,2024-04-27
90b06d69663c40b1c1274ac0c845b65f,3230.0,2024-04-23
90b89d83a3221e376014bdc83a214540,3868.0,2024-04-24
90bc5689b130f2b9d2c2f2ff010ac72f,2886.0,2024-04-28
90c2daf4a15fb51f161f8b574d18b096,9811.0,2024-04-29
90c4b11f82be56113ad3540dcfb4488c,6225.0,2024-04-27
90c5b76008691009565218527f52496e,2130.0,2024-04-25
90ca67d8614d029693b7d77b77ff94e0,2251.0,2024-04-27
90ce9e2d88a34a518b3d926f195b026c,6498.0,2024-04-26
90d4d775d9717f827670e8a87cf3ead0,7442.0,2024-04-26
90d5b2c14fb56e97463ccc1e7ab05f15,8626.0,2024-04-25
90d6d9181d8adc74c2af40070ea989f0,1965.0,2024-04-29
90d6ea5877c182ede39a4a67ad8b4197,4143.0,2024-04-26
90de7a329b827229edcdeec10250f3ab,3628.0,2024-04-25
90ea7b8e45ef7eb8e20aed0eae608074,3675.0,2024-04-25
90ed4a69528058001e3b10b656eeeca4,6435.0,2024-04-27
90ff950c0a4405ca919f2e6d30f48ff4,1942.0,2024-04-26
91070b667d24a708e3c436ff643e53ef,3156.0,2024-04-28
910c6a45d156329504cc44dd7200171a,3876.0,2024-04-24
91146779c7d256a03b7de561d6b98aa8,1948.0,2024-04-29
9114ae2f18a531620949204b86814958,8458.0,2024-04-29
9118138a39fc60822e1b612948b4b42b,1998.0,2024-04-24
91197b9fa842adf2acd57509edb33a1f,1701.0,2024-04-28
9121494ab93b433a039479ed3e6bdd47,6348.0,2024-04-23
91216ab5e91e89f55134b76d91d72c87,6328.0,2024-04-29
912330d7cfa63cdaf6f1cfb983b31cf1,4704.0,2024-04-25
9125ab49b67826b7d998dd22829c839b,12109.0,2024-04-26
912bca93c0c9a22df61d930c33ffa582,6042.0,2024-04-24
912cecb67fe254e93e185b7c6f2c7ba4,4082.0,2024-04-29
912e2e9f4d758342848f905605b454b2,3757.0,2024-04-26
9133a250b9c05c9d6b39d9c3c208d6cc,7452.0,2024-04-25
9136506b9af673041f80019da440142f,1673.0,2024-04-28
913acb2cf537fb480d848aa455a03461,2516.0,2024-04-26
913babc0157d7749cf048f0fd0d3eeb7,7079.0,2024-04-29
913ddb8753a3ebf1c5045d838f8656f1,4880.0,2024-04-28
913e4d11f82dc1290a9ba7fb0fe9f41f,2604.0,2024-04-27
913fcd4f3480aaca644346c6e0c447da,7112.0,2024-04-25
9143d3bdf4d6bb9bdb75410778bc9240,4783.0,2024-04-29
9146fbb8f03a0c055c5e92aded660678,9448.0,2024-04-23
9154fa9bc0d810a7d890d4007ecdceb8,3800.0,2024-04-23
91568e0d5d221eef14be7c968e02d731,9020.0,2024-04-29
91590e7294c39873b3beb3e6416a39cb,4643.0,2024-04-24
91592a5bc58a09b7d5bdfb6adc960c68,6815.0,2024-04-27
916134434872a7f07225c13f9317f6a1,9666.0,2024-04-27
91648118395c4267d195d43a1eedc9c9,2947.0,2024-04-23
91658b4ca98396e970d314861c1c9efc,5090.0,2024-04-26
916895de468acd33dd68e4c7cd7809d6,7071.0,2024-04-25
916d4a02b20cbed4fa304ee22a76766c,2002.0,2024-04-23
9172d4d5f499ff59016db6636335efd4,1361.0,2024-04-25
917dd0cf0a41267c55ba3c1ba535a3b7,6731.0,2024-04-24
9183b6b1065464ad864fd4f72c9356c4,8327.0,2024-04-23
9188b3f7118db914ae0ee46f8c2d821e,7052.0,2024-04-26
918b1533b0ea516fe84b84b1d7e04e0b,5360.0,2024-04-26
9193e68ab93ac791b3c1a35a53b49bf0,6214.0,2024-04-25
919811e16f0703d1af28fa1ed6102a6a,3669.0,2024-04-24
919a88ab8e861a8967e6d8ca0d9fa779,5228.0,2024-04-25
91a385cf435a93ea8a4279dcdf7e78e6,3972.0,2024-04-23
91ac79966ac3d602c90b80b4781388c2,3573.0,2024-04-26
91ad199395d7e72235726bd1cf918543,1881.0,2024-04-27
91b2f443e1f604c3aee935a57cf97b06,3494.0,2024-04-27
91b34bb63a1d5362e245f0ae07b50b14,2944.0,2024-04-25
91bc902895728e1b4b54f6f20ed554c6,6523.0,2024-04-26
91bccd799eb4c4134e388007bcf784db,6653.0,2024-04-29
91c107dadd17644ecc11967bc3ac8701,6163.0,2024-04-25
91d27f2e2d6707dc37e039e7e31ff99a,5953.0,2024-04-29
91d455dfd51ad6f4e4b715a94f0437f5,5685.0,2024-04-24
91d9580c22953d1e483ffb2d50390635,3337.0,2024-04-26
91de217e456d927ab8180b5570af8fa3,4901.0,2024-04-24
91e1aa394aa08878e7c6803bc0bad606,8776.0,2024-04-25
91e3f75c628b83f592e97cfda6ca239d,5535.0,2024-04-24
91e645bb9b46fce5d9d480efbe469346,4741.0,2024-04-24
91ec13794fa9346e33893a8020d06a12,3282.0,2024-04-28
91ef6d8fa760aaec17152ecd1c356cb8,8526.0,2024-04-26
91f09c392a160c453dc91ae145059f21,7310.0,2024-04-28
91f1aab5aef4b8c4c258838b342abbac,6793.0,2024-04-27
91f3518f4e3a4da02f57e274b31e608f,2115.0,2024-04-25
91f6b33e438eb3f6dfe10585718d41d1,4456.0,2024-04-23
91f6e05d2b82e34f143af79413ea88b0,4317.0,2024-04-24
91f8560279fcf14a3362056f14ea3e6e,3622.0,2024-04-27
91fb5ba266a8e97e7352fdec8f8008bc,4905.0,2024-04-29
91ff368ab37d8a1bb0c55d29c50e3793,4033.0,2024-04-26
920623add6a1ba724a9d6ee12e54db0e,9394.0,2024-04-25
9206ec3060bd26693efdfdda4049f71f,6388.0,2024-04-23
9207334143262a21cfa266827ffbc3e1,2848.0,2024-04-26
9209fe22f7a8d0c74553cff69733f6b9,9160.0,2024-04-23
92181793864ad586fcb3daa594976d8d,8081.0,2024-04-23
92192a50f88c0a87e1b807453a4dbe52,5250.0,2024-04-26
9220fecb45156cb67288a233a952a9ca,2979.0,2024-04-23
9222b98dae36fb5913a8f39a1de42581,2818.0,2024-04-25
92253886a2c190eb0e75483271837d39,5726.0,2024-04-25
9228a6d90216c5cf5a65c25d9d3cfd95,4719.0,2024-04-27
923348761e161e41153369be3dbf335d,2951.0,2024-04-23
9236100b14cbdefdfbdee5e3c8200b8c,4695.0,2024-04-29
9237fd795f716891d430eae3ba87f7a7,3982.0,2024-04-27
923c3d6f1bfac476074d6955ae43311b,3239.0,2024-04-28
923c3eb40197e5e1168ab16c5178d04a,5814.0,2024-04-29
92426fa211d5aa9255f5c370a8580eb1,6148.0,2024-04-29
924ad82e0aeddaca4532b49812114c14,6958.0,2024-04-23
924e8df878bd01ffb5de6e151588b138,3576.0,2024-04-23
924f96ffc86a4438e71f623b890b7808,6489.0,2024-04-26
924fadae332c9a90493b74e72f306db5,4104.0,2024-04-24
9251894253b38d229109882a594a95bd,9090.0,2024-04-29
925189e5a814572d9a3cadf8824c9d2c,6324.0,2024-04-28
9255d3bed33f85a6a1042619bf7719ec,4285.0,2024-04-29
92564623ee93119d93945c624b385883,5273.0,2024-04-24
925d691e256bdaef3c4d0aab8e372485,7992.0,2024-04-27
92662cfb4c8e4a624bdd55405376470e,7237.0,2024-04-26
92667c973be3b2a10b4cd70201d07edc,7478.0,2024-04-24
92676883a5064c3a7a2fe9087bef2669,9777.0,2024-04-29
926db70a4e0bfc14c879311b6d3f9ea2,5576.0,2024-04-24
9272b7e26a1e014706d268fca8d886c1,5118.0,2024-04-25
9274afc4603e3819c3cbfd5fd8ed1a07,5754.0,2024-04-23
927562b859c214ac5680b466a04319a2,7775.0,2024-04-27
92762f3d20c5842e5cdd9cc094f295d1,3042.0,2024-04-23
9276b697f8d00547a131fa7a58c148ad,3886.0,2024-04-26
927913f828e0e8b698bb2b48f84ee54e,2311.0,2024-04-29
9281e8fcd974548893dd32d9fedfd67d,4605.0,2024-04-27
9285cbcc27d21c4fdcf940aeeccc4105,10257.0,2024-04-26
92875b4d0e18afb69ffe5cdf6e920ca2,2307.0,2024-04-24
928884e65522caff1c8b180a58c2d5be,3594.0,2024-04-24
928ac4bcaa93bf74e63c8eccd81a6201,8069.0,2024-04-23
9291ac8a23b75805faa313e70a37f69f,3061.0,2024-04-29
92985ce18090dbe91f90beb70defac7e,7738.0,2024-04-29
92a0c47d722b4709873133f583f7228c,12209.0,2024-04-23
92a306464857944e75cddb0cda0b217b,1226.0,2024-04-25
92a526c1142427f6e714e786cad3a8c1,6506.0,2024-04-23
92ad91c907b08dc841c8418abfc7197a,3382.0,2024-04-27
92b24263ba55fe7a7039fa3c6b414899,6317.0,2024-04-29
92b3b3e0036f57ca3ce2694f5e7ce9f8,1407.0,2024-04-26
92b5b719acac3969ea58e523670066fa,5475.0,2024-04-28
92b7bf452176f4869d82862fecc79f0c,4850.0,2024-04-26
92b93c64c79ed167f868bb1673de3107,5623.0,2024-04-29
92c1d6a91044fb0c033038d7c910d02f,9156.0,2024-04-27
92c5c647a17eb8f9c4358bd838e73520,3776.0,2024-04-28
92c777533073b45b9e850ff618206382,7286.0,2024-04-27
92c8b8aa789edfc0f16a0d5284855ef5,5443.0,2024-04-23
92cc635d123c3223719d2c44d36bef47,4135.0,2024-04-23
92ccb7d1a375311c7896b5e71209b08b,3860.0,2024-04-28
92d2a22700c2784bde4db27bf13c30a3,4033.0,2024-04-25
92d2f44989880889159c33042dd3ab61,5330.0,2024-04-23
92d9ed0b50564df30b167e8c11114640,7332.0,2024-04-29
92da93e14e9ff63cc26197070ecbf148,7351.0,2024-04-29
92edc1077c5315ab4acb142ce0d9539b,8887.0,2024-04-27
92f10d90bcecce54ed57e29c514750db,2166.0,2024-04-25
92f1ffdbf62263a37641137e376cad80,6056.0,2024-04-29
92f46a624820222b712a669fe633e685,4653.0,2024-04-29
92f757a9527cb6bbf34eb66edc8a6a88,835.0,2024-04-25
92f8530ce4e8541f0a9fffa6e971c253,3843.0,2024-04-24
92ffebca7a5d7a41cc8f6122c13d8a4e,1953.0,2024-04-26
9301d6793f28b7e44aab6acd2070a3d4,3819.0,2024-04-29
930490508932f13f53106edb0c57b114,6970.0,2024-04-23
9305acdc87cd0cef861dc10641f8ea91,4625.0,2024-04-27
930645e5719ea9a52024b9830984754b,3305.0,2024-04-23
930d37d4e6910368d644c19d70ded585,4013.0,2024-04-28
930f1c9a2f5dae34cfcea77631f91c1f,4412.0,2024-04-29
9314206b997f22da3590f095818fc967,2361.0,2024-04-25
9315bbadb5d461732621783a9a2d21cf,7264.0,2024-04-29
9318bc687300e8699a213c1fe4bb3a79,8020.0,2024-04-26
9319064f4097c6bad20ce5a804e5e4f4,5931.0,2024-04-24
931efcb48b8e6106acd1899baab91c5a,4052.0,2024-04-26
93211473b586bfb4bcbc67b185945a8f,7390.0,2024-04-24
932234648b926e02a5ddcd873c12b1cd,10084.0,2024-04-25
93247c9f7bd04fb883fae17c9072f032,4927.0,2024-04-23
932cee12349f6eb098075e38578fe853,10045.0,2024-04-28
932d6a3606c6d9ef9f4156e12d7d88ce,5961.0,2024-04-29
932fc8a3cc05f132aa2533736f002cf3,5620.0,2024-04-23
9335048fe0d4958565a7a84617a56412,9094.0,2024-04-23
933563d9f757dbec1d294b135fbd54d3,10225.0,2024-04-26
933d6da6b626e6416317d64f87de860c,9201.0,2024-04-24
933f8db4061468a4bac2ec0175ba3474,3602.0,2024-04-25
93412caebcb25fc6cb6ac5637eb1760a,4864.0,2024-04-24
93426cfb381073668a65cebb476b31e7,2713.0,2024-04-26
9343d7e69ff9427ae64999759ab61653,8605.0,2024-04-24
9345f55b45d6cce488d40ee8ec792df8,4254.0,2024-04-28
9347d340b470b773ac92c20691f91497,8530.0,2024-04-28
934f61ff62049d51a0295b6c85c941b0,4778.0,2024-04-23
9355f3b0ee6abf78e90eaa116317b3e9,5104.0,2024-04-29
9357708cf713454af7ed807ef636559b,6717.0,2024-04-28
935d50e6f05ad98a9d01f88ed5274caf,4801.0,2024-04-24
936dd6af98b9f06cdb2b499c007755a9,4535.0,2024-04-26
936ff609181e907a69eb10ca676160ac,6844.0,2024-04-26
9379abef148b5a818e3c8581794a1f98,6147.0,2024-04-23
937ad3933684d0440e6c455e22782168,9128.0,2024-04-26
937e6ee9d9f547c708d4d08f64a31660,1179.0,2024-04-26
938209a8129756a8367b2f135c106829,8373.0,2024-04-28
93824a66edff5269fbcb803d4b178e3e,7128.0,2024-04-28
93832b59bf26dd6913ccc7367af0b4cb,4709.0,2024-04-23
9386975a2bfe346ab143df65e6c6cd26,7748.0,2024-04-26
938777a59cd5cb25932dfea8583c26c6,4531.0,2024-04-23
9389bd39953669c074e0e48914056663,7971.0,2024-04-26
938beceb68847045e54fe51d8e95289b,5259.0,2024-04-27
938fef9e39325b6e8e070772eb3416c7,5358.0,2024-04-25
9392a181d687256dc9f3b096d126a987,4369.0,2024-04-24
939673ef01d65af4064d0fa5aa727e98,6630.0,2024-04-27
93998f5aa84f69a3ca54fcd3f2f13f01,4141.0,2024-04-28
93abfe7cddf4ac844c30da453ad627e0,6348.0,2024-04-28
93ad036d7d327bd5a49585226105157d,4402.0,2024-04-26
93b11fec572a409269791612c2da29a4,1506.0,2024-04-29
93b54abd66ce279a0a05af4f61f1cb0a,5625.0,2024-04-28
93b6f70c8b00e41cc71296840682a5c4,3123.0,2024-04-27
93bf1a56365719ea6b839500cc942d39,3991.0,2024-04-23
93bfae5b7b0dd61f502e202934167e52,3527.0,2024-04-23
93c084869d9ec3b2ec2168ad8a39b741,4591.0,2024-04-29
93c505173f4b937f6e75469731735ce7,9109.0,2024-04-29
93c5f3254e17355e466137239a813e05,8566.0,2024-04-26
93ca65a763d54f07c23fc338d2955135,8334.0,2024-04-27
93cb112d4a2696dcc9a76d2bcafa4540,5203.0,2024-04-29
93cc47ead959bbb7c4de5dc300116f8c,8904.0,2024-04-26
93d04b5b6e2656f81f72fba50c052e70,4808.0,2024-04-24
93d05c914203078f4b44f4bb41dc9e57,1720.0,2024-04-28
93d07d77d9041442fe20dca9f4d88604,1367.0,2024-04-29
93d692af36aa2aefc0a1175c6cb84bef,1157.0,2024-04-27
93d9dbcf473d066ba944994057bbd196,5056.0,2024-04-23
93da8c18ca80985c539785854304e66d,7592.0,2024-04-25
93e26031ca315438cbd9411721f8c428,2206.0,2024-04-24
93e3761cc24b00a8169d62eb4bb631ec,4096.0,2024-04-25
93e5e0aa41d473efedc572909433e267,4940.0,2024-04-23
93ec6548da167a7eb8c5a2b455d20994,2329.0,2024-04-28
93f256f388ffa760fc5223ea9938dca9,2277.0,2024-04-24
940c50aaff6c5f8fd3c9ddf6bfbcf92a,3394.0,2024-04-24
940c9be8c0835ac832c39836ecf693f1,2485.0,2024-04-27
940d61c265176150ff60238c714734ca,7887.0,2024-04-27
940e51f5c884c255518ad99a1927a375,6474.0,2024-04-28
941373d4578e9bd0e277247bc2c31366,3944.0,2024-04-26
94157cdd8478e736138d34f1701de8ff,4947.0,2024-04-28
9417805b605fcbe994fecb70026a9824,3785.0,2024-04-27
9417caf380d2161e5a97b87f2d075bcb,2049.0,2024-04-24
941d19b540e67c5e7f8ba6b40c2f3a23,2191.0,2024-04-28
941e77ca5f74a5c4d1560c41e64d86bd,5662.0,2024-04-26
9426f6fa69e8699a038636b29d7d6d26,8227.0,2024-04-27
9429c6eb7c35e6feca153ee9ddcb48be,7301.0,2024-04-24
942d90512432e331468b91f7fb2b7772,2459.0,2024-04-23
942ef01fd68f152a70d7b7b0fbe0e39e,9511.0,2024-04-28
9431818f6941dd5beec4d59d8e3779e9,5626.0,2024-04-26
94364eb3624ff9ba047e4ced91e8ab43,3295.0,2024-04-23
9438f99405da8f30bf937c6b5bee87bd,5513.0,2024-04-27
943f4e63b9c8c4b4b43f361ed0f6b762,6869.0,2024-04-25
943fd16a51ec644b379142da15f72bd4,5874.0,2024-04-27
944196c57bbf7e7e2f8cb83ff2111262,2390.0,2024-04-26
94444d0ef6904cc5dee2e42a08a170b1,5024.0,2024-04-28
944558846b92fc080abf842ee524669d,8220.0,2024-04-26
9447808ecf5477455b9513dafb457173,6460.0,2024-04-26
944bde9c0298535e7eac7f7803cf5b59,6792.0,2024-04-23
9450550ee142a9b06385a015e4750092,5377.0,2024-04-28
9453f4073fe52199e56471ea62f983f9,9649.0,2024-04-26
945ae8d5824b7b7b37b19cb56d854041,8429.0,2024-04-29
945d36eed9e6dab3a670deae2558e42f,6206.0,2024-04-28
945d3f99884cee6a1959884191fe462f,11146.0,2024-04-28
945ea33a78744206c015de4b5a97c839,3895.0,2024-04-27
9467326c609e3e099ce57f411b08d326,5091.0,2024-04-25
946ba96958d85ac0bbab6912f66060b3,4315.0,2024-04-26
947487335e9a73fad1e065ee994ac39c,8207.0,2024-04-29
9474ed0a14620163da58e4f9ec5fc737,10371.0,2024-04-24
94777c47b74e6521af5089bf01bda8fb,7818.0,2024-04-28
9477909364b103a2c241685ac70de48a,4083.0,2024-04-25
947a0eed882abec2710e7523dfa5ecd1,4686.0,2024-04-27
948048ef780ff919758aaf1b626549e3,11020.0,2024-04-27
9489a2f411a78d7a13d233a56fe1ce85,12266.0,2024-04-26
948b34b8862940ecfbabf9f918af5c5b,3677.0,2024-04-28
948bec07e65ae9e7976e48b12b1e997c,1539.0,2024-04-26
9494af2b794eef002446ae61a9fd34a7,7574.0,2024-04-23
949631dd9b2bc74277877291e7f2d2ba,5188.0,2024-04-27
9497342a9b53e1c6f8d7f6715b5e26b5,2521.0,2024-04-28
9498d23bf5dbbeb12b6e96765a0fe5b2,8915.0,2024-04-26
949c610c730f4fd06b9cabbe879c2eaf,1552.0,2024-04-27
949e34126741481baec6ed937fe0367b,7850.0,2024-04-27
94a0275fbc279077322c6b44d929b249,7419.0,2024-04-23
94a3fb27ab5d53d00f63e3f29e6be1cf,4176.0,2024-04-28
94a7802fc85230004d338fa91154b3d3,8221.0,2024-04-25
94ab70107bf229e142d0089e7307ad41,8579.0,2024-04-25
94adfefd776b6e700bbad1b9d1d836c4,2038.0,2024-04-25
94ae7714b5feec8af034c7fb48f09e38,2596.0,2024-04-24
94afba98bdc0b69d2b101f2bfcc35d56,5051.0,2024-04-28
94b36d62d1db1f1caf841da2f13f2187,2835.0,2024-04-28
94bad72f482b0fa906831c8b7cd24923,3603.0,2024-04-27
94c48676f039c9c835504f68e3789756,6112.0,2024-04-27
94c7dc1a38f6a6ef62a75efbc80917ac,3653.0,2024-04-26
94c87936d6bea094ff648859ae9f8708,5225.0,2024-04-27
94c919495cc3d92c6a748f2af410cb50,6700.0,2024-04-25
94d196cdff8584143d476aa46c232845,2729.0,2024-04-27
94d4bc02cd56ab7b31bdb814015f3e69,4823.0,2024-04-25
94d4c9d4cc0ed7a2eb43865b33c39d15,3385.0,2024-04-27
94d68309d2c94c618f6a1e81f85a8a02,1847.0,2024-04-26
94d8e7160349b7182b18c2f0e18c1336,4678.0,2024-04-25
94d9ed941672d5ee48fd60784e27a39b,4943.0,2024-04-27
94e26b47ab912634e01c3c4627c2fd48,3975.0,2024-04-28
94e4d2a5dbb9ede52c8d2e34c30255e1,5151.0,2024-04-26
94e4df4880b9e44db4c9fdff4333f09d,5691.0,2024-04-29
94e774bb6d90650806a1ca6dbf9cde8a,4374.0,2024-04-28
94eb69de90156f94ad06afce77ea46f2,7485.0,2024-04-25
94ed0674d8a73e73787e8ee6a40d73dc,2851.0,2024-04-27
94ede84d92e455118dd6a955cd5f8319,2836.0,2024-04-23
94ef59e02b6b60b7677f058855a58be1,7204.0,2024-04-24
94ef8145ddcf75e3b09ab4c35fe28fca,3827.0,2024-04-28
94f2574a9340b70d7e7255ecce531e16,6365.0,2024-04-23
94f6ff0b4e0dee3bc2ed0e94d96e3b02,2280.0,2024-04-26
94fb36f244203104022c5172e8832478,5514.0,2024-04-23
94fe6b9219b5f95ae9289ecf52d6bf74,3273.0,2024-04-24
95045fb47962c28c190d1de935cd56c7,3884.0,2024-04-26
95078237c62e0a2e1b35754ff9c0d0f3,3362.0,2024-04-24
950859430daa71959dfc7025748f5943,3875.0,2024-04-23
950f820094c141e6a82071afe8b39d8b,5239.0,2024-04-25
95166bee67299be3e0b2b1130e0454e0,7546.0,2024-04-24
951c263fab9f6d273dc6e559fa16eac2,7374.0,2024-04-28
952087a8358b9d8e7de79ccb3a17eb85,4077.0,2024-04-24
95225678dc641f1723dd270e7b8fb9d1,4008.0,2024-04-25
95241cc6aaa04cfa07c72f0e67a0a5af,4224.0,2024-04-28
95243468fc2db8c296480cdfbbd67ebe,10745.0,2024-04-24
9525197382660f669bf23f5463fd20c3,5067.0,2024-04-25
952840f6ad8d6233e503af69e7842f5c,5218.0,2024-04-28
95287ade2afd5b0bc05d13c9c81a17c5,7169.0,2024-04-28
952f456f525b88107df99d2917557364,8183.0,2024-04-25
953929bccd8a79d9904a4b7143a7db49,11917.0,2024-04-27
953af9e127cbed5df92940e142e0995e,6365.0,2024-04-25
953b22ccac079902f264f47f8643d3dc,7766.0,2024-04-28
95413664f615cecb5710f2442069f2af,5136.0,2024-04-28
95414aa8501f67cd2f582296f954ad14,5784.0,2024-04-23
9541bafbd1b079862e889f40ec8773e5,7960.0,2024-04-24
954c57d4e6bd6bdb5373f7611b8172c2,3361.0,2024-04-28
954d42caafdfe0f1f33a4060e98cc32f,7864.0,2024-04-27
955bafff493b61f1a17c8feedcf9e26d,6539.0,2024-04-23
955e5dd4fe0f2624a715293176aa5ed1,22647.0,2024-04-27
955fc0ea9e101ff7508214db96d36d53,3703.0,2024-04-25
9561aa06db65ac5a00e5378735353321,6358.0,2024-04-29
95661f769b609771f4e4b9f80b3ca0d9,4450.0,2024-04-25
956774ffb0e191f4f8b86f9ad96230d1,10081.0,2024-04-26
9568f38bcbf847a17db8a187430b6c86,5942.0,2024-04-24
956e130a17025521495cbac2272d8a9d,3931.0,2024-04-25
95707bfca01c0da05417b51bfc3ff8cc,5124.0,2024-04-27
95714db77dc060910d5a86844ef20eee,7748.0,2024-04-26
957154ec86bb3919e62ff7b5338b0ab7,5391.0,2024-04-25
957a2d578b41b1ff023e9413d5f14d7e,7455.0,2024-04-29
957e79565c4f5b80c565a0d7b967d49c,2863.0,2024-04-28
95834af314561f7ab68f25eb8a31715d,7555.0,2024-04-24
95845a5230f56c5a96a3fe0618de6263,11414.0,2024-04-23
958b52b1b92df0e1ae00e362b2f0aa27,11335.0,2024-04-23
95915100482964bdb0d5838c1feaaba2,3419.0,2024-04-27
9591aa84fbf415399e5f97c46af6c8b2,5170.0,2024-04-28
959365e236674ac8995a840c9ddd2160,4140.0,2024-04-24
9594b58885218fea707a9605b9ae599d,5002.0,2024-04-24
9598d12e0bafb510a37c20b0e366deb4,3671.0,2024-04-26
9599bdb3e83653eb567be90a8b0da7e3,5497.0,2024-04-24
959cf99683ad52c50146df10e48a3758,7774.0,2024-04-23
959ff4ff8e5fe98999c043d9d985d7bf,6853.0,2024-04-28
95a8473a6ddf4cbde694bb4ad5a0402d,8863.0,2024-04-24
95b312d85c3e12146dda1e13a85fda3a,2845.0,2024-04-23
95b31ab24379274846ae04e3963f89dc,4119.0,2024-04-28
95b321bd2a1cf8d7255afbca214e1b83,9082.0,2024-04-25
95c1a5fb723eb9c3e53599715b32f014,5455.0,2024-04-26
95c598ce4de4af7e24c4088e09f22c30,15167.0,2024-04-23
95c67111d201d7e2284c1b1c289abcb5,1758.0,2024-04-27
95d1918a7df5a2fb6e810eaa033e3265,3913.0,2024-04-27
95d315b9daaa98a4ea20ca8faaf5a895,4333.0,2024-04-25
95d4af96cd6ec877e252a53c272f5da4,8150.0,2024-04-27
95d84b65ed25f3c20ce49b90357298cf,1973.0,2024-04-23
95dab370449a9206104d1a9ca2ec3589,3137.0,2024-04-23
95e0088a405f5b8e969f3f917730ae60,4737.0,2024-04-23
95e0b6188a021d54921cc9c55dac006d,6092.0,2024-04-26
95e773a7dfa32bd3bef46b0d011b9cbc,7460.0,2024-04-27
95ee901e8f16eb6d25e37028fd0eb0c7,8432.0,2024-04-25
95f3a59e21ef8a280be1385b005b0313,2897.0,2024-04-25
95fef35ba80e9f4f0ca34fe2bb55cd6e,2194.0,2024-04-23
95ff7c9f0830bb92d54db3c59b70fa0e,7123.0,2024-04-27
960b83d99029ab36f27b80667133ea08,8184.0,2024-04-26
960efd8fd3aa920e3f87175c8bb340b0,5568.0,2024-04-25
96151e285107d7e54703dd33b6025aef,6800.0,2024-04-26
96158c71ab5bfc3aa372e97999166c9a,2222.0,2024-04-28
96188fadc1f70fab05cbbeca227b3d76,8543.0,2024-04-26
961bfba099bb27c20f26c0bf7f151bf6,4146.0,2024-04-27
96232280e051abd2e48e9742beb36dc9,4025.0,2024-04-26
96259344d5603280bd380faeff2fdd0b,6204.0,2024-04-23
962bebedde8b9193bd70e3fad62df2c0,6537.0,2024-04-25
962c12d893495d955fd32e45a78aeec3,1064.0,2024-04-28
962c47884a3976b0cb497b17e922ecd4,6954.0,2024-04-26
96354b13f694de518e6f3d6b7903f975,7012.0,2024-04-27
963c20d5c458dacad5689875696ec141,4604.0,2024-04-28
963decbe33e385b0daa29003288f55b5,4474.0,2024-04-29
9642fe22e6e743d6250060a02ff519a0,5041.0,2024-04-24
9645f2ddd4bb9eb02ed4cd32874ebb6e,5089.0,2024-04-26
964616b5d742e284e3f1136a11e1d927,4513.0,2024-04-29
9648450ad3c0f299df5d21e3d4d1a536,3831.0,2024-04-24
9649d953d29c196bfe39c5b3b20766a2,7864.0,2024-04-29
964aa5d398ca363d399311c9f162628b,6282.0,2024-04-25
964db6e45bf5cab4607daf8066536dca,4928.0,2024-04-26
9650c0fdca4777e75b244fecec422254,3366.0,2024-04-24
9657dfb34622cab49acb2e9b108cafe9,8752.0,2024-04-24
965aa840aac75ace24a6858bd2f9c373,7436.0,2024-04-28
9666fe39196f59f1cb43acdc7e3c5848,6367.0,2024-04-26
966a19b2c59d87924183edf60b81fafd,7171.0,2024-04-23
966aad33075efd95dbce3fbfd2ead346,7368.0,2024-04-23
966b69de79a06f12dc2a53aaf366a1f6,7160.0,2024-04-29
966c1ec6bf96b4142caf14707b39fa72,4235.0,2024-04-25
966d338c821ed3b656b1d001a3ac459e,1714.0,2024-04-27
966e07c46814c8c9f8c00f8e1ad94955,7119.0,2024-04-23
966eca92256b27172b024631ab8422fb,9807.0,2024-04-29
96712f8b08b65ab1b779fd488d8240d9,9634.0,2024-04-29
96729f8fec764d6f2b2cc0cbe8dbb9bf,2302.0,2024-04-25
9675eeac023adf542986ceb90940980d,5704.0,2024-04-26
9677b540c332ca7d2564a482abd61f45,4589.0,2024-04-25
967aa6fc9e6e96fdafd4a24df0c9c8e3,11481.0,2024-04-23
9682c2ac8e8ebc402ef186543b5c79f2,3269.0,2024-04-25
96848f2223828659c454720bd4b22bcf,2585.0,2024-04-29
96851c81fb850c3106a7274fe4183bb5,2293.0,2024-04-29
96899c90f99425909c2fffcbc02dd082,6027.0,2024-04-29
968b651065d2ef3e6dc28591fcfda941,4676.0,2024-04-29
968f1a3d37e564124a8df6197abb161b,4550.0,2024-04-25
968f9bae74abd8a79e5740aba039fb5a,4763.0,2024-04-27
9694143441f61cd1190ed68c35989559,857.0,2024-04-27
96954b7c8eee1e33d64451d103801f53,8565.0,2024-04-25
96970c6fe5bb84d1513acef928fe25a8,6215.0,2024-04-23
96974227f155404eb2ac9c581fbb5b90,4323.0,2024-04-25
96a6aa92db0c990bc3c419ff36e81d2b,3831.0,2024-04-24
96a9f75fd03a731091c07a149324879f,5220.0,2024-04-28
96b2f46dd7c16e99d8a31504d55008d8,2646.0,2024-04-26
96bbe11e77d1106933cda0bd1b2117cb,2479.0,2024-04-24
96c3f7e04db951ee0bbc1d5750de323a,4439.0,2024-04-25
96c8cf150d81b49a7a2d9eddc2fd57c2,1888.0,2024-04-23
96c8f15e42dad5a0bea0f52f09ef423b,6954.0,2024-04-24
96cb81a0d3ba22d8ec8e3efa70c95821,8587.0,2024-04-23
96cd20ef0bf3f39c4ef2ddc0121939e1,13119.0,2024-04-28
96cd498b7740ffe8362504f5a167a3cb,3151.0,2024-04-23
96d6e99aed9a97b149026752bb07b7ce,3201.0,2024-04-27
96d70f316efd5ce8017c98cf51e23b21,5163.0,2024-04-24
96d956ef0065af61a394e295a63e3733,1049.0,2024-04-23
96dcac763cf9156df1effe56b8364f70,4298.0,2024-04-25
96de9d0a8c13af22097e3f13b0f39323,3817.0,2024-04-27
96df977633ab25a800c98c80e1d1b9f6,9781.0,2024-04-29
96dfd69fa9d88eccebb0e83648fac75c,7612.0,2024-04-24
96e006a215083afc1ad0efcc7b2bf95e,8689.0,2024-04-27
96e14567968efda478682552157d5c4c,5664.0,2024-04-25
96e20b4cb3190c04938bb09f2f7ade9a,2116.0,2024-04-25
96e34ac1ff14b279abd814a4348750d3,1704.0,2024-04-25
96e4446ab7c845a168649572d128cb7a,4598.0,2024-04-25
96e6b585b12455d002a2703b0ae6cc52,2178.0,2024-04-23
96e96436dc2a89014b3380070f82a2e1,4893.0,2024-04-29
96ec8a5cf2b1ee47d20a61f958c4b9e5,4614.0,2024-04-25
96ee4365eea56c126c0867a424aefe2c,10469.0,2024-04-24
96ee812bfe91f7883816b36ecd3e91c5,1104.0,2024-04-29
96f2fc1cd794305a53fb16300e56717c,13451.0,2024-04-28
96f96b734b76b3f77db133a939d91a74,3930.0,2024-04-28
96fbe1e3dd4dc33372f06895de64bd87,4784.0,2024-04-24
96fc7577446317d55b8ac5450117494d,5843.0,2024-04-24
9702cb66b0dd18f8f1d5af2cf6c848a4,6515.0,2024-04-26
9703f1ba12724e3cfd8064cf2d852603,2013.0,2024-04-26
970572a08ad96368d6b30e81b792524c,2148.0,2024-04-25
9705fe922a5a7ecc04086ed3167c9c8d,5728.0,2024-04-27
9706646eeba1ccad887833c3fee26ae3,4476.0,2024-04-24
97088b7250bd6ef1425467b2c8ed31da,4803.0,2024-04-25
970951b580f697ad848e8b28ad68bd5d,8854.0,2024-04-25
9718af526778bb7cd0d972c9f5b2abbc,834.0,2024-04-28
971c3d7c66ca1fdf2453a40bbcf08043,4040.0,2024-04-24
972941f6b512619db7550c1392630798,1438.0,2024-04-24
972ebab7b2a87c3a4dc456ef72b75d78,4795.0,2024-04-29
9730a5a1ea3437062cdc7c3c72f3219e,5919.0,2024-04-24
973270262d1bf367eeb9073ebc90003b,2130.0,2024-04-28
973c188795cca6a2e38856d61e7c94c2,2902.0,2024-04-25
97428aebcdee757e64f16ced58239fe0,4156.0,2024-04-29
974404a372573a0f63e9b8d4c5b7c258,6100.0,2024-04-24
974457cbc6f974ccde938b69c6889bb7,4361.0,2024-04-28
974a651da08ef86c677e4b5f9e219860,9718.0,2024-04-27
9754ea7002317f80c2772b04baa58249,5308.0,2024-04-26
97557df04f8fde44dc99c89a17085b07,3136.0,2024-04-28
975590c07959cb2358a78341fb75be51,1689.0,2024-04-28
975605209e095b1083d3eb83d2ada437,2579.0,2024-04-23
9761888ca165499a6121af8124e68232,7133.0,2024-04-29
9762c71e53ff4366e69eb71860d9c778,2276.0,2024-04-27
9763fbf9269494ef2e76c344b33c432b,3582.0,2024-04-29
97661e21fc65c2de54adba799a4c5ebc,2865.0,2024-04-23
9767eb0438977f5c55f7e0b25cc78cdb,7121.0,2024-04-27
9775c30db652e5006680689b5cd2f262,5310.0,2024-04-29
97797483f4c6c2cbc2a224d8df5b6900,1947.0,2024-04-24
977f6d29262df1dffba871c38792a277,9043.0,2024-04-28
977fc5560d1e5bbfb2cbdb3d75bdb4db,4851.0,2024-04-23
97934beec24c920a17e1cf7c699b985e,6046.0,2024-04-23
9795a770f7232ca060f2d67536b7539e,3897.0,2024-04-24
9795d9c7fcd54e7a129b9c10b6423ab0,6592.0,2024-04-26
97975333d6b28785451b56c92dd4759b,3496.0,2024-04-28
979a6acb689d8d20bce5d106c5e03e5b,3163.0,2024-04-24
97a3fd6503121c3314b99cbbe551c1e2,6805.0,2024-04-28
97a9dc7c0cf100cd5e10e505fda9ee52,2490.0,2024-04-28
97aa78c5b93c586baf09910a98c7431c,4178.0,2024-04-23
97abe72995db2bbdc0b244079f8371fa,8897.0,2024-04-26
97ad227bf25597fc9899b690c71b8c75,6202.0,2024-04-24
97b18dfb3f5bbd88c547d51b12f6842c,2634.0,2024-04-25
97c602fed0599fabfa781e16ad1a5809,2231.0,2024-04-26
97c6515b2d8d82aeb9d086447a4e33ca,9452.0,2024-04-28
97c6c3e0925e707d5a1c2502d1d9d32f,5784.0,2024-04-26
97c8ad7c1957cc9049de67790d3eba4f,5266.0,2024-04-23
97ce89ff4740ff52f51c6e3f7f3791f7,5610.0,2024-04-24
97d3749e9bd8699630f69bc07f046266,8837.0,2024-04-23
97d5afebf1c84f6a75cde8680b521dae,6182.0,2024-04-23
97d5f6916adf8f103d237996e7c4a8a8,5499.0,2024-04-23
97d893e043eab49883c3090ab34c576d,7482.0,2024-04-26
97dbe07334eb7c67714746b3f99239c1,9093.0,2024-04-26
97dda10cb1589ee5a4a23c4df582b8eb,4747.0,2024-04-25
97dfb01e43f499e8ee51dfe159551a95,11123.0,2024-04-25
97e035598b1317b6171a8a4e025268f4,4359.0,2024-04-29
97e63744d8a879ab4149ef735c548788,2854.0,2024-04-24
97e7887c3f2b7e6fa090574960bcda02,5786.0,2024-04-25
97ebc91db37cc4c9b034886d2fdf53fb,4560.0,2024-04-23
97ebccdbca72606ffb70595b58cc607e,5576.0,2024-04-28
97ecd65508d3305fe55759b9d3f87533,8359.0,2024-04-24
97ee422eb0568e48c8662a0f43e07d32,6004.0,2024-04-27
97f3439601ebfde5da23e426abbea596,10990.0,2024-04-27
97f6fd09d187f241e04b07e9a7e8f07e,3476.0,2024-04-29
97f7ce9d5027b9eee7592cde2e70c608,7559.0,2024-04-27
97f7f95b7309c8b1a4dd6760b1365a57,2809.0,2024-04-23
97f8fb57d38ba25378b12422dc5344ba,10246.0,2024-04-29
97fa927f1a3943e0a1af33b01ca6da75,7746.0,2024-04-25
97fb71652abbb38b43d20fd11b27eabd,3763.0,2024-04-26
97fc3ad9449a80a1df929d4edbbfbc34,6086.0,2024-04-28
97fd521570469b6ff469cb52f69438ce,6707.0,2024-04-29
98019ed3242de3d1df20989b600d3790,8061.0,2024-04-29
98097a616f309305f1aa631c1d353079,2836.0,2024-04-23
9809c4a6b08d44e542a83b98c45d7e34,4736.0,2024-04-28
980bae53fbaaafc2d58cf871db095a81,5224.0,2024-04-29
98100cdfa2da2cc71dea1e13585ef95a,1622.0,2024-04-26
98155b8cb0dac4c506161cae3f182b50,3663.0,2024-04-29
9815670c9f2d1345b73858af7ea509cf,2731.0,2024-04-27
98165ea813cdb118ac5014bd09414984,5874.0,2024-04-24
9817fc638b8cbe2469cbaf194109bceb,1781.0,2024-04-29
9818f96fdce2b45599c108daf68b223e,9457.0,2024-04-29
981a5925619cdad339df408a183ff72f,8439.0,2024-04-28
98244082273ef41814cb758666271ea6,7715.0,2024-04-27
9827d6bf1af0b9aec34a75fc8bc96d51,3649.0,2024-04-25
982f9e8b28ce145b1d475836ce6e75fa,5144.0,2024-04-23
9832b22de706fbead7bd48eb06eba097,3887.0,2024-04-23
9837029a5ec0606714f53789d408bdc5,8198.0,2024-04-29
983a67e4c9bd1eab007b5cf60ac44680,2996.0,2024-04-23
983dcfb48756acf7dd23d34ef7396ad2,5998.0,2024-04-29
983e2ec9de82ba30f650b4a439955466,2608.0,2024-04-26
9841b39b9957e0c843632c92e0096731,10247.0,2024-04-28
984cdfdc5dbf9805cf789106cd05aef4,6678.0,2024-04-25
9850513e62f61182c620090c63ff3589,1271.0,2024-04-23
9850a375f95e0e5b9297a0d0769eea0b,3483.0,2024-04-24
9855801078d35e5c38ce79f6e9e9f54c,3268.0,2024-04-23
9857b4508f3eb649a676fc28b840100c,6842.0,2024-04-29
985ce401d1ffa4627df008cb44cf9d22,6060.0,2024-04-27
985d3ec6fde5a66e8409f1da91f696e3,4055.0,2024-04-27
985d821f4d2ff980bfed0cd74e5b7b92,4946.0,2024-04-25
985e467b615178675856004a8659ecf9,3465.0,2024-04-23
98613bf59f28dbc4f3b4502289633ae5,5547.0,2024-04-28
9861a2fe124e813722d8a9dbdc658094,4416.0,2024-04-23
9862a3c429c3ec3b81905958136e7e12,12444.0,2024-04-27
9862ef3c3f1cbf237bb464f232d6ccb5,2434.0,2024-04-23
9866fcf4383d46a32552a870395c2d89,10827.0,2024-04-26
9871d4694f0c69dea2653115a9994d89,11721.0,2024-04-24
9876b9e66010fd8ade6ce50cc76522d4,9412.0,2024-04-29
98788003738fdb1b3129417eccb17072,1685.0,2024-04-23
9890ada785e1166d83cf784996ea701d,5444.0,2024-04-23
9898d6d3cb2294f2173d65d2309140e7,6896.0,2024-04-29
98992e5d4eb3f5f331fc026877f79838,7010.0,2024-04-28
98b93a1e88fc4afd5c8f948390a10ede,2625.0,2024-04-29
98be76066b8d70a16acbe7742fe1f356,4839.0,2024-04-25
98c32d9306388ea919d0001d17b00179,3728.0,2024-04-25
98c503e75f41743f5998edd37d43a85b,3959.0,2024-04-28
98c58c213e8abbfc83b7163ae9e88879,12141.0,2024-04-23
98cbc142ecefd74398fc7d92a7051a37,5589.0,2024-04-29
98cd12d4ac6b8d9bad72b470f66f1481,4955.0,2024-04-28
98d48eb434125c92f0a8031215123131,4684.0,2024-04-23
98d5b29da62c554eda2c5643154d31e5,10043.0,2024-04-24
98d7d3cd0e5abfd6c85813f26c67e977,5555.0,2024-04-27
98ddda81b66db48c070c81016acb5dac,3700.0,2024-04-27
98e561d000177edd18700ad19a3dc884,4049.0,2024-04-29
98e781343042efec33e52b7ac4ef30c6,5125.0,2024-04-26
98eb95ea2cd5394b030e576bcba89c3d,4565.0,2024-04-24
98ee2a1392149ba0228b0352fbe42a43,2111.0,2024-04-23
98eee4821d900df6c322c0f74e0fccf0,3123.0,2024-04-25
98f3f6e7a58c4fb8517db376bf5556e2,8496.0,2024-04-24
98f5376c0e97ced6a37cbb72f6ab9398,1639.0,2024-04-29
98f78e5cd8240716b1556f090f958365,6255.0,2024-04-24
98f96c34ee887a2d35cfa8d2b5118ec6,2612.0,2024-04-23
98fd9ea4c4d69f4d7633c1274b1762cd,8264.0,2024-04-24
99008e69010dc5e6f80a5cf2073cbf05,5165.0,2024-04-26
9902d7d90da2ebd2c8a84a85627541ad,6081.0,2024-04-23
99040ee03990993e11ee0eb377a018f7,4848.0,2024-04-26
99069cddb42d40dcd349e1903964048a,3443.0,2024-04-28
9907f259b8ca52836e6bcac7ba19c4eb,7220.0,2024-04-23
990d55e0c171e28321d83ba7fce78d41,7779.0,2024-04-27
990e7f34a1bf5197474d372fe5244b64,2644.0,2024-04-26
990f8b0ac09506d7749ef8f0386d956f,2817.0,2024-04-29
99132aafb796d3bf3f6899ee6303fa81,3013.0,2024-04-24
99144c3a61c969902bd8e7ced880c68e,2484.0,2024-04-27
991a0e448ac69c56675360f4f4468b95,7441.0,2024-04-24
99219a6ff7c99e919785985aa6fc600c,3489.0,2024-04-28
9925b3cfcd954a82cdc1646357200dfa,11485.0,2024-04-26
99260d1de4b4ceb8ba3809aca6197dd0,2978.0,2024-04-26
9926b6bf119f3fb24d754b37b1032307,8046.0,2024-04-24
9927435488f9721cf48722967f16bf3e,3385.0,2024-04-25
992bb141132a1dbc80309488aa710d2f,5738.0,2024-04-28
992dbc4011efcdcaf17eea0020c02d08,1646.0,2024-04-25
992f7bb6650bc39fbe9ba9bbe54f7ed1,6603.0,2024-04-26
992fc45b13a3c126bbf253f30a24c2a0,3754.0,2024-04-29
9930875ca5f8c1b9e6f62df8c2638ef8,3620.0,2024-04-25
993232daf6b67f6798dbe2220e0dabd1,8411.0,2024-04-25
9932cd4b03788abc5897c6605b15115f,1914.0,2024-04-25
9935c401df427fea62ce89d47d016939,4348.0,2024-04-27
9937b7f3b45f39140f30e7941b36dbce,1143.0,2024-04-26
993a186b88c72ee731edeaae93d166b2,5398.0,2024-04-27
993ef3d400c38a8bd6c801e6f978a5fb,5349.0,2024-04-23
99429ce46ac57e9613aca74b3f67f064,7238.0,2024-04-28
99435cf70f2bf0b2b2a0e90ff9ff44c7,3878.0,2024-04-24
9944cfeb63b64aa70e774c82cf1e0b1d,3502.0,2024-04-29
9951c31ce716c8d5aacbc126d0a8deec,2890.0,2024-04-27
9955ca40497723f8b165bacb590af194,6919.0,2024-04-28
9956303ce649eea5e17b1ca03700a47f,7310.0,2024-04-24
995d0169e838e25c09af51949bb1b789,3024.0,2024-04-23
9964a5f3c21522f37e5da407f3a8f656,4910.0,2024-04-29
9967aee727b590daf38dbb7ca82f31f8,5761.0,2024-04-28
9967cbb0ad6bc49bee12d4633bdaa17b,4177.0,2024-04-26
996825ae549c84447ca3e561d5b003a3,4003.0,2024-04-24
9969cd39a1ccd9744b5ddf6d6d84ade6,4528.0,2024-04-26
996a07e6a391919ee6f8a3bc136195be,3588.0,2024-04-23
996c71e7aa8e34086be56889a0f76d05,5486.0,2024-04-28
996c987bd03a66aa95ab56c57a940a0b,5221.0,2024-04-25
996e92394a0c958731c8aee6be20dc28,3922.0,2024-04-27
99718140f5ef838097e46308cc09de02,3366.0,2024-04-25
9973adb8f8b2e7ba53abff940f6d8684,3730.0,2024-04-27
9976b4d066212c69c69fcaa65c799b75,9633.0,2024-04-27
9978cc03c959c3de5ba91bc116d984a5,3993.0,2024-04-29
997ec20c130724f431ea0d68eac4dfda,4436.0,2024-04-23
997fe836c15c67f4f399490b312ffebd,7910.0,2024-04-23
99805b88383dd45a8be370d1429525a6,1216.0,2024-04-29
9983c8e58e0cf13db1b720d478545009,6038.0,2024-04-23
9986e3261a4a1c80d4b36228914895b3,6576.0,2024-04-27
99884d69bcf858c1f01b2296d33f9071,3939.0,2024-04-26
99885271cd89a56580db68e710e7913b,1434.0,2024-04-23
998bcb14fd20dd9494f56cb9e165fa2d,8566.0,2024-04-26
999047fd8b56c76a33398599b6084194,5825.0,2024-04-25
9992fe50b1b75bd7b7ed344f7b803016,8948.0,2024-04-26
9993e3a2d15a4f6a75beab654dc52dc5,7396.0,2024-04-27
999696604ba9644b865509078f2f1155,8978.0,2024-04-26
999707d17e04c579a3658143b0c53f2e,2720.0,2024-04-25
99979d9e8ee4c1f2e80be71760475083,2495.0,2024-04-28
9998d1d0ae5dac375006d931172096ae,5105.0,2024-04-23
999a47aba24b6f03b78224e03af5a608,6445.0,2024-04-29
999a7eaaf2ce79c13e8092b2d4f4bbd6,1801.0,2024-04-23
999ddda5b35877a388515c91776d52cc,3377.0,2024-04-29
99a128810a06e2839b2c248d1fa6f746,4778.0,2024-04-23
99a453bcd4d1c97914f5c7efc23a55f6,4867.0,2024-04-23
99b16c7239e6a62bade7fbe1fd717dc5,1287.0,2024-04-28
99b184d9acf3ecbc39a9dd925a61f0c1,5359.0,2024-04-24
99b1c13cb91bfdfa18a8b6b7fc4c98b0,3388.0,2024-04-23
99b21a02ad16bc33b6edd8b82a9d3f5c,6240.0,2024-04-29
99bc5bdcc1694532f66185738794e231,6352.0,2024-04-27
99bddd9299d9d4154f34d103fc73ee0e,3717.0,2024-04-28
99beceaba47eaa8996d95b9535f992cf,4588.0,2024-04-23
99bf7285c75ebf3c3bb92386afa66358,3583.0,2024-04-28
99c61bab664288bc863167cceb7fc417,2907.0,2024-04-28
99cbccc25bac035f7915cc3931d7c1f6,14659.0,2024-04-25
99cd572e3789021f37cd3f5a6784598f,3457.0,2024-04-28
99cfa61a99befb0cb5dfb66ed8647e1e,1762.0,2024-04-23
99d5e0ff4e56386c22a9ea5ef8c7d6dd,8818.0,2024-04-28
99d6a20712efea7d6d6c2f90edf7fe8b,2973.0,2024-04-23
99d941726925d91fd990a0354b4b03b0,1654.0,2024-04-23
99d9739777a3a2588be1836d3d430322,2107.0,2024-04-27
99d97458e88e166ae6740e42b8f817db,2910.0,2024-04-23
99db74ad64219235657eb2cd0a247ab6,5183.0,2024-04-24
99dd5f32255330d5515096d9640a7f57,11316.0,2024-04-28
99ddaf2c36992f5fdb6e4abef521cd6d,3486.0,2024-04-29
99e098c99f4f90400d2c34f8b6b3ab21,2427.0,2024-04-23
99e0cb90e8a6539644a054e011eee591,2813.0,2024-04-25
99ea536ee70f25b09a77a54ed8689856,4733.0,2024-04-28
99ebfdc1e2dd862c44ef3692852d5c55,11910.0,2024-04-27
99ef2ad2e9b64050c7e9b7498e8365bc,13092.0,2024-04-28
99ef3c170144440dc2582fa8f08ac3ee,6086.0,2024-04-27
99f00985ed78f8987768f652ffdf5be5,4359.0,2024-04-29
99f108d805a1bf6fe9cca0ef088b3cfb,3731.0,2024-04-29
99fac2d0eb3a8dc9cb70e8084224f218,7956.0,2024-04-27
99fbf2afdc898c6894790298fb36c9a3,2137.0,2024-04-25
99fdf58e104961c52411c03a7304b2b5,5947.0,2024-04-23
99ff9557f3ac0c83138f6e483d539865,12310.0,2024-04-27
99ffd97270933c4f6408629a61d65ad7,5868.0,2024-04-23
9a000fe987bf39749e81343b277d5100,4452.0,2024-04-23
9a00475c43060a2017494b617938fbf4,8310.0,2024-04-24
9a08d5b704a0bf472d5eef43c5f38880,2527.0,2024-04-28
9a0d07919204a4b2d415536594ccf037,9953.0,2024-04-26
9a0fd9b63c78921e4baed589ab9444af,14806.0,2024-04-24
9a1169364213dbb934938784d61a7733,2831.0,2024-04-27
9a12f38f9649ed56cca6a56de525c34b,5842.0,2024-04-24
9a159d8f52ac3e18fb7931d2afb83fe2,8362.0,2024-04-27
9a174ff8f01b1ac494248ae1c423d5b3,6409.0,2024-04-26
9a1d8a5f61778e54a5d1a5d9b8b25214,6479.0,2024-04-26
9a251a15638600dc687c2d6f30b4a2bd,5251.0,2024-04-25
9a283931cf448f838585250da979b7a2,3075.0,2024-04-26
9a29e208a70b81bc940143142190a1fa,5938.0,2024-04-25
9a2d1525d873bf1db36f0bfc51e4f1f3,5082.0,2024-04-24
9a300df9581a1865021e62c676148b16,9959.0,2024-04-24
9a3072b6296258fa967faeb1df7e2f4f,3005.0,2024-04-28
9a307875ffc5545083db028ff3a00e53,5535.0,2024-04-24
9a34929223f79484e79fdc3857ab8067,9282.0,2024-04-29
9a366ed90cd7368d5aabe4630832da1c,6512.0,2024-04-29
9a3b65c78c3e31aff349208c71de0faf,1584.0,2024-04-23
9a3e563819d3f368568e9c146394ca03,7321.0,2024-04-28
9a3f231b086f59e804b6f8ad3cf7fd67,7461.0,2024-04-27
9a3ffec260d3e0313f9f9c8d18e07646,8164.0,2024-04-29
9a416df2ced7cd5f710069981869152e,7259.0,2024-04-28
9a43ae4b633514fc50c9326ed095b240,5763.0,2024-04-28
9a451ad40fea2fb9c1627b8af3697424,4741.0,2024-04-24
9a4667ae9e81190bf7927de797583a72,1986.0,2024-04-24
9a46a7dcb8df76f91fc54703e113edc4,5732.0,2024-04-25
9a4b4fd57407e37a258c60496e5e82c5,5847.0,2024-04-27
9a4b9d200e35649c63d76dd7077f31aa,3684.0,2024-04-25
9a4cb1ceec8985ee16557dfa4b7bc936,4300.0,2024-04-28
9a5016d65f8277bb01690de3c95151fa,2944.0,2024-04-25
9a59373e25e5c3ccb479db1cacdb2951,2952.0,2024-04-27
9a5c0df1211064e3c97a9f3013b847ea,4607.0,2024-04-28
9a63ef8171cde3fda30f042fa6c82075,4748.0,2024-04-24
9a6d9c680495b8787df536d7892bcba1,3185.0,2024-04-25
9a72c5f120b61d4137aeb9390dbf4b6d,11101.0,2024-04-27
9a73cda033878c8413fe29d2f5fd8d09,7186.0,2024-04-29
9a81429ddfb78321154cee62c3e6a504,6711.0,2024-04-25
9a869880128bbd2fc37e9b3802c80530,6136.0,2024-04-23
9a8839b2ffda126d5c3d2e68b7a596ed,1865.0,2024-04-25
9a898b5bebfa38e44624078cc9c34af8,9216.0,2024-04-26
9a90db5853884e664cdb598afacc27cd,5045.0,2024-04-28
9a92eb030785034fdb53d7778b2b6b40,1410.0,2024-04-28
9a93da821c3ad2d936be260a90059fb5,5600.0,2024-04-29
9a9ab9b40d433cb0e7e915255122069d,5048.0,2024-04-26
9a9db10b6d0ef84c99b4156d62efe8b6,3482.0,2024-04-28
9a9e41911caa886ebe73bddf00a9717c,4298.0,2024-04-27
9aa0048b8ec5ae3a79bc003070061172,4826.0,2024-04-25
9aa054e402cb08b4cceaf16d81f6061e,4946.0,2024-04-24
9aa067b4edfe41454f31557b789524e7,9271.0,2024-04-27
9aa4b6e809ffc5f300262291ded5d9e4,5805.0,2024-04-26
9aa6530d26e640a8f21157198644d99c,5790.0,2024-04-25
9aa85d613470bb3b5b525f44b49826cf,11223.0,2024-04-25
9ab132460fc3e3709b7c7787d846436e,2778.0,2024-04-25
9abfa7778c47a85f8e856f3726698258,5527.0,2024-04-29
9ac2803cf82b1d8a4e1b491681a111a7,11846.0,2024-04-23
9ac74f231229f38b308bf11e38a03616,7746.0,2024-04-26
9ac82aabce189b8134e7b1a5297ee116,2527.0,2024-04-26
9ac9056bffce21fdeb62230467d11659,3983.0,2024-04-24
9ace4efde481bfa14602fddb1dbc489c,2529.0,2024-04-25
9ad4b86ddf41535cff06ee99a0264014,3457.0,2024-04-27
9ad6d5f42d9a29649d0eb149da23afd4,2200.0,2024-04-24
9adaacb6ebde0bfcdfdfa379fe6a9324,8516.0,2024-04-25
9adb9eae007e294f85e5a4172cc87453,5636.0,2024-04-23
9ae381a9dd0f57227aa83c4d5bc87751,6379.0,2024-04-25
9af2213fe0361327c88631c47fdb7e6c,5557.0,2024-04-26
9af71bf87d9a197a46b6779aa9e740ae,1525.0,2024-04-23
9afd3fde65c2d09e7119f87cd7f28df9,4631.0,2024-04-28
9afdbdf7620ce5f7555fac55a797d1ca,4564.0,2024-04-27
9affa9fff62ce9cba0441b42896a0b92,7589.0,2024-04-27
9b04254191e1ff92a74d50d8b71dc08c,2936.0,2024-04-28
9b0c3dff94eb40c2e6399dddff1318a3,5936.0,2024-04-24
9b0ecfbb23e83a2ad3fea1859335a65f,3840.0,2024-04-26
9b121032eab59d3642b789176967d1e1,4593.0,2024-04-28
9b127476739276ec385694b7eec91ce7,4778.0,2024-04-29
9b189f5ac9bf6338504f177ca8e87cda,5982.0,2024-04-25
9b193667f42d2c52f72cfebaf91bbd09,3687.0,2024-04-29
9b198e297a9f9fb17f47efe2fee44039,4275.0,2024-04-29
9b1f16ae2b60b0a178d959bb3b0922e6,4747.0,2024-04-28
9b2223a6a06be1aaec4714ba1f7c19c5,2788.0,2024-04-23
9b22f1e417a90fa5a9632ab61b3247d2,4024.0,2024-04-28
9b2a3466ae628d2a7c817b4a1af7b132,7091.0,2024-04-24
9b304c0ec1350c8a71a23339d3da459f,8353.0,2024-04-28
9b4732c838cbf5ea16da506d7b1fab98,3899.0,2024-04-25
9b4a83c59c3cf4f4e6afe170282719ea,3300.0,2024-04-23
9b55a49aaa1dcbd9cfc0d739ed33ff52,2815.0,2024-04-25
9b58c874b31def5d08a073fde94944df,5575.0,2024-04-25
9b5faca5d85b0a76159acf1500cc5ebb,5773.0,2024-04-28
9b64bc29d7d79d2d1ad580c91d3ddc03,1395.0,2024-04-29
9b6bab80f6eb21eda0eb1efd35d04867,4646.0,2024-04-27
9b6c3406b9c9a68d3893ee47ddbb1875,3417.0,2024-04-26
9b6f73db2eb547b9940a7631b02056bb,3099.0,2024-04-28
9b7050c6032a8b9274e760c90406cb9c,2827.0,2024-04-27
9b74ce7fed2b792ee79cea337cf72bd7,7573.0,2024-04-23
9b776e3429e1ae9b9b534576d0d6f8fc,1878.0,2024-04-23
9b7866fa8dd062898ea3c17fa966c3c8,2743.0,2024-04-29
9b7eb3b247d2a13a31641b490820a938,5622.0,2024-04-27
9b8125543d10c88935888e7a4bcfcffa,3599.0,2024-04-28
9b81ee3fdfd63c5e2879c3d0c99d052a,6107.0,2024-04-28
9b8626205e4463f168833e0821fe281c,7186.0,2024-04-27
9b86e87c7a11e198ab794bf5b4af3400,6991.0,2024-04-27
9b8c3798dc8d4aa7f5836b09cc8425c0,5146.0,2024-04-29
9b9d333c4048212e5e5adc8ceadf611c,2747.0,2024-04-24
9b9e4319bfee4bdcaa47d2c1b15d8554,11514.0,2024-04-26
9ba12e2075bf643d7bc7acd72d011da0,5870.0,2024-04-28
9ba13a89dd6605aaf12792b30e26cc79,8345.0,2024-04-26
9ba2157540f2c4b1196432c6990c3c53,4078.0,2024-04-25
9ba7312d7535bdcab05f64730051c31a,4248.0,2024-04-25
9ba876852195f4047312b6693b068921,1860.0,2024-04-29
9ba8c211c0885a2ababe500c6203ed6f,6235.0,2024-04-24
9bab45e63daeb3a9ecffa6f834c4f2ab,6204.0,2024-04-25
9bad15bb956d258786cfc6761be6d552,2196.0,2024-04-29
9bade0adb09f28bf6763fd2a60559986,2236.0,2024-04-28
9bb1ed7915101f52daae8fdf485e93a3,7061.0,2024-04-27
9bb8ed81b7d2b3afa6710108434e0a08,9868.0,2024-04-24
9bc05d979d5850912dce3270160d6456,2689.0,2024-04-28
9bc790985537be2048cab6fc6335adc0,4947.0,2024-04-25
9bcbaf368a7ee3f66f9784dd3ec5792f,4530.0,2024-04-24
9bd137dd21f57b2c67c14b96ebe0dceb,5346.0,2024-04-26
9bd8d9d66c96b5901e2173aa01727d2b,7720.0,2024-04-25
9bd8f6169a231803e364cf133ac337a5,2148.0,2024-04-28
9be4a09ecb7011b996e5c29aca518d90,2587.0,2024-04-23
9be4f144708f4739b71b4763caaca741,5224.0,2024-04-28
9be900b12d9d2f0f39e3787ab1321c37,3897.0,2024-04-29
9bece2768bdf865f441c836c20df82ec,5609.0,2024-04-24
9beec4e39667667818f131e8bb1a9f1c,9679.0,2024-04-25
9beed89852653ef8d2d3b562c1e2dc22,7567.0,2024-04-24
9bf190d007d7efb74505eb91315d78f8,7795.0,2024-04-25
9bf91b2a986551d55f2ad6dd1a4825c2,5355.0,2024-04-23
9bf94c37aa0506d3877a462892bf1600,3739.0,2024-04-23
9bfa8aa9104472a7506cf985bfc6d782,10748.0,2024-04-25
9bff1210b49bb22e7e31e15bf600170f,5551.0,2024-04-26
9c00a217705bd0bb76d231e2643a7602,6578.0,2024-04-25
9c00eacf67f667f02dd47b74aa216e07,7286.0,2024-04-29
9c0278a273aa02f2b4b632d44aeb1ae0,4367.0,2024-04-23
9c089921dbb104fe1c2f56a512a2e74a,3117.0,2024-04-28
9c101171c30c7528b2f4c2b4fe3cccec,3739.0,2024-04-25
9c10c222b6712ca4bfe519703df5a1e1,4791.0,2024-04-28
9c177007c9a628f1ae7f5809c8fe51d0,7206.0,2024-04-29
9c1f277529a1b01e1b7b04e5020cca1b,9182.0,2024-04-28
9c1fe8b19701f6912db71b12aeeb75d1,4232.0,2024-04-28
9c288b704db3fa0fbb489770e13ff3d7,4553.0,2024-04-28
9c29f7f296f1e9df1793be1d74ecfc9f,2758.0,2024-04-27
9c2f0157119dd53ef504eb764db90a7a,3408.0,2024-04-29
9c3be9b81d0419dc4a45801c329c2294,7552.0,2024-04-23
9c3d5d4f2d1473f889975c7398a7c796,10211.0,2024-04-25
9c416e193b02e54faffb4eebc3a0e39d,8821.0,2024-04-28
9c42053a4777b84d2d5f98e070ebb9be,2977.0,2024-04-23
9c44dc7709e35108beb2cd192c6c6e27,1107.0,2024-04-27
9c4846dc43056c3167e9574e59143985,4214.0,2024-04-26
9c48d212d1cc57aae5166eef8a142550,9269.0,2024-04-27
9c4dc0a2a5540867dbf63dc40663feb0,6734.0,2024-04-23
9c4fb66d1736803026b4c8e4290d2612,5987.0,2024-04-29
9c510fe2e496ca82e8c2a8285e5f48cd,4670.0,2024-04-27
9c57a0e93e14c9d8c247c33ba72a0e0f,2612.0,2024-04-23
9c57c2281cc607c8703edb23ae66ac44,6718.0,2024-04-27
9c5e9a54e1ca54b01674e51b9e2dd788,4204.0,2024-04-28
9c604e338f8a29b0133233e2168e78fa,3960.0,2024-04-28
9c62bdde22b8e8a8027a61e0fa89a288,4796.0,2024-04-23
9c639470ded97a31128a587c20293d79,4637.0,2024-04-26
9c679680fc819ef2db9f22bf99f3c226,4080.0,2024-04-29
9c68be80928262ff354bb8cb1cd785a6,6516.0,2024-04-28
9c690ba18ab631867e8f74c2c7aed258,6088.0,2024-04-28
9c6b8957ca650514c92f8daecdc83d3a,8727.0,2024-04-29
9c6cee702f970d96b9ff376b2f03b030,7757.0,2024-04-27
9c6e494822a8f6d0092f5af7124e0c73,6160.0,2024-04-28
9c731dd68a0d6e3096bf433215f04683,8364.0,2024-04-27
9c77a07415e199ff921667f864e00b52,4206.0,2024-04-24
9c790b46b49dac3d7b6cbf0bbc5965c5,3928.0,2024-04-27
9c7be80efdde705d56381e4b1d3c6207,1851.0,2024-04-29
9c824cccd4bbdf5d80d0a962fd45d425,2459.0,2024-04-27
9c87875ae3ecb48a6af31509f8e00c7e,4751.0,2024-04-24
9c8b3aceefafc7e6a4ce9de47b5c543f,5297.0,2024-04-25
9c92921862a9f4cb136decc04963af10,5187.0,2024-04-28
9c9560633be139eaba804090bdd375fd,12089.0,2024-04-29
9c9680f120dcac0cbdfde363e40c0dad,7185.0,2024-04-24
9c97d40f20b55f3517f998ffb919e333,5219.0,2024-04-28
9c9a7cf564bee8a41cfd6fc2406213fc,4181.0,2024-04-27
9c9a9e7042928d092df7a9fc605d0847,4124.0,2024-04-29
9ca55ea5a10ddc49a46995f8cbc81256,5009.0,2024-04-23
9ca5b1fd9a2f8238c022b5c5f0246762,7494.0,2024-04-26
9ca6f06f35c9c961217d738600dbea5c,3200.0,2024-04-25
9cadb6521183396eb5bb9bb5c8dbce00,2826.0,2024-04-28
9cb04c81d80f637102d33911b46ce381,4590.0,2024-04-24
9cb6f505ecaa6b284f1054b35e6bfdfd,3112.0,2024-04-27
9cb7483bb8102a550a8477739027adba,9303.0,2024-04-24
9cb9dc13bc9258cbfa9ce902c61a3047,3521.0,2024-04-24
9cbca58b8a2acb295038230e4f398751,3391.0,2024-04-27
9cbee79d8670299688fd8746d81bbd3e,5808.0,2024-04-28
9cc42c40396f36fa145a052f38183249,10766.0,2024-04-28
9cc952e20bd7a4a4cced87ffb6bfe78d,6220.0,2024-04-27
9cce9a27dc3f5a0571b9cc0d5e16225b,2362.0,2024-04-27
9ccf9e676568c8f6a5b17ad27e05ddf2,7094.0,2024-04-27
9cd711cdba1cdfc4064fb225bd41f0bf,4063.0,2024-04-29
9cd86fa87dc27dc0ad7ae520a9494584,2728.0,2024-04-23
9cd9b7bf7e5c0d0437c52038690b3dcc,8889.0,2024-04-24
9cda8f2e52ec4bbb1540b0284100df76,4697.0,2024-04-25
9ce1d1d828ea60eef77b48f558baead2,2886.0,2024-04-27
9ce30c94df57679ec4da9d638a02fe91,6309.0,2024-04-23
9ce6e8823afc4a63962ac90195257ee6,7686.0,2024-04-26
9cef135b111d50c772661cba2fdc7bf5,4317.0,2024-04-29
9ceffcdee13d82c769e34e8edec77991,4277.0,2024-04-27
9cf058cdbf2b7ed04c0568a6bf32fb1d,3581.0,2024-04-23
9cf1844f213aa806938ecdee6bda6693,7542.0,2024-04-26
9cf2d261fb17f3b642bb0ec912846f96,5016.0,2024-04-29
9cf3123c027e9eeabc0aafb7aa5c6fda,3665.0,2024-04-26
9cf3d7cfecce205dc758a409320bb0f2,4017.0,2024-04-23
9cf61b9a9a4407168d6d553283c92959,7890.0,2024-04-29
9cf7609a2d3ca0c8e181c1e5833d8ecd,3741.0,2024-04-23
9cfd9a85303ff5dd8e72836dfed4297e,5645.0,2024-04-27
9d04c3ccf1a0fee7481c42abd776f41c,3898.0,2024-04-27
9d06de36d8b1f23eac0e36ba81ebf2d7,4424.0,2024-04-26
9d09403bb407b98c862813302cc0a6cc,5555.0,2024-04-23
9d0dc45805667ce93ed572b7f069fd90,7267.0,2024-04-26
9d14e689bb16401c09f9a07f2be5e414,5660.0,2024-04-24
9d15508a7db61204e61f97fd316be24d,9217.0,2024-04-24
9d15ad9340c42b8b043e850cfa0fbbeb,9566.0,2024-04-24
9d16e06d1a0ae033a3c28092732242b2,5879.0,2024-04-28
9d1a6cf5a4f15d9262bc19650c72d80f,5288.0,2024-04-27
9d1aba786490d226fc9a5f4617d4a775,5122.0,2024-04-29
9d1af7e64f1a4b4cfd9249bb6495e7f0,4487.0,2024-04-23
9d1b90cfa7053a2c1659f65d051c24b2,2629.0,2024-04-27
9d1bc0539323bb598cfb237ba787e307,7845.0,2024-04-29
9d1cb2ec2976f45e26c961ef35798384,2495.0,2024-04-26
9d1ecc06fec0524045be66b13d483d69,5498.0,2024-04-29
9d1f2dd2e45e30d6f3a12f47a16bea69,6759.0,2024-04-25
9d2c16b1c1341aa4fd0837174b3406b0,5154.0,2024-04-27
9d30b54d4071d4e317c24736c1a1df21,8504.0,2024-04-29
9d36a7812d8d4d27df12856d32b80511,3820.0,2024-04-26
9d386476254648b26aaa7fe0e95ead97,5061.0,2024-04-28
9d3ef49641955a2cb50833904e5642b2,4641.0,2024-04-28
9d4e8a877f180fa95e4c44fb53284adb,2323.0,2024-04-25
9d50e12bc56926e6ae372adf44835ea6,5191.0,2024-04-24
9d525ae8b40674707f93afab0d45093e,4359.0,2024-04-23
9d54f32c0cfc3ea521e41eeb4bfd14cd,6757.0,2024-04-27
9d604ff7fb8994d15ba53cfcb7d5542a,6120.0,2024-04-24
9d60a5379090256810f7b272ed64d93f,4038.0,2024-04-23
9d61e8a1b6cb11c9ac03baad70386e00,3884.0,2024-04-25
9d64109d8acbacad306a1e14b153387a,6410.0,2024-04-29
9d675e957f05674235698fc11ec0bff4,2723.0,2024-04-27
9d687b8ac66549cd2d89d900af2d5a6b,7082.0,2024-04-23
9d6da241104c75dd7fcc404b30fc7a33,4795.0,2024-04-26
9d6e0eee8d1e1cca3f7682c1f3b74404,9897.0,2024-04-25
9d775c148a88f8c4a7fc3eb92e58fcf4,2792.0,2024-04-27
9d77f525e1f56e39dd2313c9682234de,3659.0,2024-04-27
9d792b4ccbbb5b8c3d673a7b5df72aec,2994.0,2024-04-29
9d7c46a3274688b2a5db5e554a697b43,1419.0,2024-04-23
9d8023d71c1459f80c9e3a6733f2a21b,4126.0,2024-04-28
9d883fe3b3a82f75f7d022f089265ffd,7351.0,2024-04-28
9d8de6430ca288e042596cee5d06993b,3165.0,2024-04-27
9d9456637eddaaf064d5fe4f303d9bac,3107.0,2024-04-29
9d9607f9d958e48e7a84a55c62dcdd0f,5249.0,2024-04-23
9d99a16f81998df675006755b05f08ac,2413.0,2024-04-26
9d9c257bb7c15b828be60018923a620f,3703.0,2024-04-26
9d9f949559b67c8e68e578127988c205,3914.0,2024-04-25
9da0513c5546d8f5807f1c16597bdbed,6721.0,2024-04-27
9da26e430bd3bfe0426d5ea75d8cc742,3155.0,2024-04-28
9db48b13e810d8cb9bd494e78a979907,10494.0,2024-04-25
9db5b1cdf9fcc746f63a3e5f7cb3ed35,8324.0,2024-04-23
9db69fe6046aee9e71cf30375b9a1950,7019.0,2024-04-23
9dbee58e80724e1e87e23b505e8902c6,5059.0,2024-04-27
9dc366f7f8b7134488d26ffeca0998f4,2744.0,2024-04-23
9dc527df9caedce871fea3b9003e9b89,13824.0,2024-04-27
9dc97d89789025f1518cd7ef187571cb,2707.0,2024-04-29
9dccf5c42d5ba8ebed9a820cd1e1f32f,3269.0,2024-04-27
9dcdd656915480877c96ce166aa1194e,6503.0,2024-04-23
9dd2c94b2a31f6ead45c88064b01bb86,7370.0,2024-04-23
9dd2fdcf1674f205c2297461c656474f,5522.0,2024-04-23
9dd3fe051a03c0e7ce81a01f1eba4947,4714.0,2024-04-29
9ddb8b44cc7b91eea07fc47a8a604257,3813.0,2024-04-25
9ddca586e73a4b5d747a6f19aa7154fe,4789.0,2024-04-29
9ddcfff626deabea3c8fcc741660ef06,2163.0,2024-04-25
9dde10440e888119128843955952ebcb,9179.0,2024-04-26
9de068de2634f76485aafbc825e6ab4a,3457.0,2024-04-29
9de24f9e5232504640eca78337b7c6ae,4137.0,2024-04-26
9de47b86e87fd4f53495d78aa267d853,6560.0,2024-04-23
9de5ceb9e380bffc0efc46cfc6fee9e5,6333.0,2024-04-28
9de6ca2f7434468fb8bb7a6ab9fb81a9,9761.0,2024-04-27
9de86ce8d2cdc7fe824a4b4f49db9acd,2309.0,2024-04-24
9ded8ccd79687fa6c518b4fa22bfb6d6,5967.0,2024-04-28
9dee7939dbc846817171c681859623a5,6530.0,2024-04-27
9deecfefec51841d434f149bdc87fedd,1195.0,2024-04-28
9df3abeff859465ab2ec154b902a4bc8,6721.0,2024-04-24
9dfaa83ebc681e758e1273a629ce4e5b,7522.0,2024-04-23
9dfb13c562b8b6c60b933e0bec9327b7,7596.0,2024-04-26
9dfcaeb3c3830fa4a090c8dd8ae9a28a,6166.0,2024-04-23
9dff49e211bf4b128e33de98b5e192bb,8860.0,2024-04-28
9e01f04eef8abc67453998752db035d0,12301.0,2024-04-24
9e02ab9837b82c14e1eefe8f80e9a032,4397.0,2024-04-25
9e045bef4d4145ea514a45fd257133f5,6799.0,2024-04-23
9e0d3cbf27798133b39afc8ae035c0c5,4881.0,2024-04-23
9e0df00e27dfca9260ff5c822b565971,5275.0,2024-04-29
9e1145142a1104669e3efca22a686590,6887.0,2024-04-25
9e2336aac2d6726b3e6f620c0e98c2f7,5303.0,2024-04-26
9e2b621c6ac9d6f2b6788dd7a95ef108,1571.0,2024-04-25
9e2c962287f9e1b4e14a62d19b4098ac,4084.0,2024-04-29
9e3a51d4e0710d126c43fe65653b47fa,3360.0,2024-04-26
9e3bbdaf11595f6a47f9479502efb9ec,7948.0,2024-04-23
9e3dd41474328ade83188921405b9372,2119.0,2024-04-25
9e3df7f5617cb601682c6d8ba1a4eaf8,3165.0,2024-04-25
9e3e14ff9e17986d2a9171655191bf12,10833.0,2024-04-27
9e40c09416bd650a98682da8f4d3baad,5229.0,2024-04-28
9e41676f663a6731f4eae4d7e0310770,5072.0,2024-04-28
9e419ab922ddf8359fa40393d74b9879,4180.0,2024-04-24
9e431a5bf4b3f0e4f3f45e956a64efc0,9846.0,2024-04-27
9e48ab340549930a9e0372e64b4821f9,4895.0,2024-04-27
9e4a3efd3c971b9da92e6527a5608fc2,7590.0,2024-04-25
9e4bca39e064b91a0ba61d04d70468b2,6273.0,2024-04-29
9e4c72635dae83e150399fc4415b437a,4760.0,2024-04-23
9e4cdb580a6727bb947c39dba8e61a18,6836.0,2024-04-26
9e4f7d7e376c9fa38310fb768b596519,2546.0,2024-04-23
9e50213eece1c80aed62365a855eeafb,5491.0,2024-04-24
9e50a09f2df350867c061468888b5ae0,6218.0,2024-04-24
9e53894aeb4c4864cb163e6b73abb720,3915.0,2024-04-27
9e55cf3db64b1870bd285c23315e8f98,8457.0,2024-04-28
9e5aecccbdc1aa2e40dc3d70be4b7623,6475.0,2024-04-28
9e5db2f4397fa2913e1b106c73009c48,7070.0,2024-04-25
9e6159698ec84efab0e71eece4b5cda3,6754.0,2024-04-27
9e616ab39d7d8aafffbccb1abf31209b,2040.0,2024-04-28
9e66ea5db2c36321126a142c4ab9cde7,2399.0,2024-04-25
9e683bf536ca86152a71c0649bf9e36b,6682.0,2024-04-25
9e694bfed7b5f4697e9d8d053134bb19,3153.0,2024-04-23
9e6b7a5759e54bb1fd75d092b2cd6c46,7828.0,2024-04-29
9e6c2fd6e0c1a7ad07563906a161d66c,3755.0,2024-04-26
9e704cdf45efda3a124a41abca97e912,9148.0,2024-04-27
9e70a3733dc19c68f5c53e802f24c5f9,5016.0,2024-04-24
9e71311d500446059e07d285adc2e40a,8776.0,2024-04-24
9e7405736ff9e42a3a9657dcab383cdd,2361.0,2024-04-28
9e773aaca9f25eef5025b688db8373b1,4156.0,2024-04-28
9e7979cb014c17f3e39cec5761d90a24,3185.0,2024-04-25
9e7b8c7b0af9e1c309b2afb6fb029cb7,6833.0,2024-04-25
9e7bc0d4a433e2daaafd44c36b46dd18,5010.0,2024-04-25
9e8346cd0d66c7a3c8916ebdc2d57b7c,6883.0,2024-04-28
9e870eb9908ef78f418f719b2f8df610,6831.0,2024-04-27
9e87bdc12ec4c91cbbed85389684f714,3821.0,2024-04-29
9e8d5ebb99bcd1e20819dac54441aa9c,4717.0,2024-04-28
9e9193d7eadd46a9f0a8efc33f249fd6,8747.0,2024-04-25
9e93c22a19c115b39554d95a12f6cd04,6547.0,2024-04-27
9e9567ee0a794e96abb575cbabd3a054,5369.0,2024-04-23
9e9a19b3effb81b5cef7aa1de36a4dba,6610.0,2024-04-29
9e9ab4075ede9c8e8f759e18862bc817,3543.0,2024-04-29
9ea04bb5deb46c7c05469ab12dd40581,3210.0,2024-04-29
9ea2801e5cc191ce193d66adc518479a,2126.0,2024-04-29
9ea34dda9e774e6ba1522871af4e639f,4314.0,2024-04-25
9ea45b8024e6aeb02666b01709878e4a,7045.0,2024-04-29
9eac08497329e0bac792b70372ccb27d,5810.0,2024-04-27
9eaedd92917d382ee8cd5fa3337be465,1983.0,2024-04-23
9eaffd1018d4d6e93add5352795bf620,3871.0,2024-04-24
9eb185652705367fb3cfda1bcae9f8fd,7104.0,2024-04-25
9ebb678fd516619d7ea7c28bdd614f90,5692.0,2024-04-29
9ed310337ec7074308873d0df9109cee,3457.0,2024-04-28
9ed52f132ff4db30e69e5b1d3e1cbe8e,5049.0,2024-04-26
9ed972f7e80de2ed0547f954e66fc72d,2018.0,2024-04-29
9ee14b945486cadcd71b35527d43a28a,1130.0,2024-04-24
9ee16e7509016e1eaafd86747c722e54,6519.0,2024-04-23
9ee33d132377701a476bdcc41df409ee,1181.0,2024-04-24
9ee97f1f6b3692489506b72c803709ff,2265.0,2024-04-29
9eed36ac82d4d53e5752688e01137c4c,6472.0,2024-04-27
9eee0b85ab47f49769c1e5e14f8fd1c9,4514.0,2024-04-28
9ef1012c02427225a13e8f335895817c,3226.0,2024-04-26
9ef1d1578b7c528bedbf94f22b0fe028,3012.0,2024-04-26
9ef3802996e1e5ab199cac8c41877f92,6110.0,2024-04-25
9ef6d7646dab9a629a6f798e8b431279,4416.0,2024-04-27
9efca07f7f37c2d60a2202657a62c9cf,12696.0,2024-04-23
9efd295151165ccfb852636096c9635d,1753.0,2024-04-29
9efdd3fd8e0917df019a594ec11350bf,2285.0,2024-04-24
9f099ad4e0efaeda20d021db47ed06bc,3711.0,2024-04-23
9f19a9a7efe3b6bd6b27c695397b91c4,5897.0,2024-04-25
9f1cafff3415779f89b5ea18e3d56843,12151.0,2024-04-24
9f1f92ff3d1979d4127da1f729fcf4ff,6700.0,2024-04-27
9f20eea2ced5e39039e78966d1b88075,9645.0,2024-04-25
9f21a575f8a8b1958d26df9d5ec42448,3297.0,2024-04-27
9f235c96a194366a7c2679c22693597d,2271.0,2024-04-24
9f26c26b04cdd40940dc49ad4695dcd1,4578.0,2024-04-29
9f285c3cb471eecbf1a76909c50a45e2,6519.0,2024-04-26
9f287fc4176643069d2f5afac685b86d,1432.0,2024-04-28
9f2927367758b1ef0f513e97757383a6,6454.0,2024-04-24
9f2de85ee1ba95a5fd9f1fa6c92a8f40,3279.0,2024-04-27
9f31bf5099d914b43ed489312f375cea,1534.0,2024-04-27
9f31cb93a60f922aca8ebd7714683e8f,7819.0,2024-04-28
9f37f992ce9dcfb412c1612234ecd479,4793.0,2024-04-26
9f3f137af07abbf422216371737dc4e2,5938.0,2024-04-23
9f43739f5dc39b1f74e4fb4b3929633f,4023.0,2024-04-25
9f44bd0fe43d7d6ff0a7d8c913cab047,1075.0,2024-04-26
9f4ae8d4d8a42456cccaf2eab80fb093,3644.0,2024-04-28
9f4beaa76276024c835070692dd5d119,4164.0,2024-04-25
9f540fdb5daf04d97c9641c154506d0e,7775.0,2024-04-24
9f546133b3e6d11d06a831f034568fd4,9129.0,2024-04-27
9f5525b9977ec8e6419a2e8264dc72d0,3637.0,2024-04-29
9f59040f98c4e5a9d969c15e74463172,4722.0,2024-04-25
9f59abb33a895f43c87d323ca02ecf1e,8016.0,2024-04-25
9f59c8948ae75214e12bd6b9387416ba,8565.0,2024-04-29
9f5a1f4fd97d102016b417e9628fa53f,8648.0,2024-04-29
9f5a70dae6163273b28ab39f89475d87,4593.0,2024-04-28
9f5cad40d9759aa5b53b3a3f34db261b,2716.0,2024-04-29
9f62349305e9fde36faedd2eec3b08c4,2623.0,2024-04-24
9f65b3d5770279fe526c35a92a773c14,12452.0,2024-04-26
9f6a5ef996098418dbabd4e2daa2fef9,5235.0,2024-04-28
9f6ab155a2a5c921153e4584e6cc82e9,4200.0,2024-04-23
9f76d87bba4e2e9bce4d3c04abbba994,5255.0,2024-04-24
9f777169d31f29963d070176ae23c414,5299.0,2024-04-29
9f7f9b820fa7413a851e845116e4990f,4513.0,2024-04-28
9f80c9059b67c5107082709c489a77fd,6448.0,2024-04-26
9f82798513338541856fe7a5207333a2,4452.0,2024-04-23
9f85c32843ec2f1fb96fab3e28d7623c,3981.0,2024-04-24
9f8c1539353579e09dedc5497bde8635,7712.0,2024-04-23
9f95dace157b624f31ef9a31a60ac547,2712.0,2024-04-29
9fa10bbb0bea261c4ac5db30b9d7cb91,7959.0,2024-04-24
9fa74587850b8b860d4ed0005f76e625,7450.0,2024-04-27
9fa988551ff9869ef7f79dec53bb7877,2917.0,2024-04-24
9fad76fb7eb7e3de2e9d9e2de82d1908,5562.0,2024-04-23
9fb5a30a4b753cc923a90d2ff0b9a723,11315.0,2024-04-24
9fb613f3bc6fba44baa15760c4aeaa68,9940.0,2024-04-24
9fb6b476f7087995938337ae78e92ccf,5228.0,2024-04-26
9fb9699da4133ee985d451f333e40da0,5781.0,2024-04-25
9fbb36355f6b166e16729a1236936f53,3223.0,2024-04-27
9fbe255b2340d0abc08ac0271ac256c6,10666.0,2024-04-23
9fbf4ba139871608fba10d05f5ba464f,4374.0,2024-04-29
9fc095995d1261b51e3c1596bc38b366,6650.0,2024-04-24
9fc907f51585d2886f5f12b0323c8bdb,6814.0,2024-04-25
9fc99f3782538da998540757ae96ca6b,5795.0,2024-04-24
9fca36ba714022f9bcd3b7e813e8a762,2496.0,2024-04-23
9fd126817c440adb557d5981a1624ea8,4949.0,2024-04-23
9fd7323c2d4e342abc8bb14023cf0e4c,2959.0,2024-04-29
9fdb346ae3ffdffaefdab84aff5589cd,5586.0,2024-04-26
9fdcee8feb1a55bd3de137eddd943183,12317.0,2024-04-24
9fe13c81614e4408f6d9e916a5c01fcc,3062.0,2024-04-24
9fe456a21f118f52acc3853ede9e2784,7561.0,2024-04-27
9fe6c2b5f95c5767f2be65e090339787,17098.0,2024-04-24
9fec6276989f8718e75062dcc345cf57,8946.0,2024-04-27
9ff799831f7eddc42d12fdf79d3a4a31,4858.0,2024-04-28
9ff7c88a37aebb503edbe013e5c04b93,7699.0,2024-04-27
9ff923722edb5ebfe3010bc6b41d46af,1923.0,2024-04-27
9ffb00f8d95a3b56357420f0f0de1a3e,5004.0,2024-04-27
9ffefeedbc61644187b61bd809831796,4425.0,2024-04-24
a00320d91b39a12b0d3d1b9960ad1381,4128.0,2024-04-29
a007b4ec6516f89bc5ac61c6ae9c0a10,5517.0,2024-04-26
a00a248f56120c00eb0e3da546d37f6f,2188.0,2024-04-25
a010559792c3a8fab3bf03868f54da83,8250.0,2024-04-27
a0145dddb9599dca72ae5435552a39a1,7613.0,2024-04-29
a0153df1fcbd74b87f3fd91f99d92dbd,1560.0,2024-04-28
a0154e9173d10c63de4dd80f34b3f7c8,6570.0,2024-04-23
a0167c9458587b3876d1c1b300979005,8931.0,2024-04-23
a016e4899a5f90d4892be338d46bdd1b,12971.0,2024-04-28
a01e318b1e7d4cdd269f34790aada282,3600.0,2024-04-27
a027b38170d1961ecd86241ba4f968db,7224.0,2024-04-23
a0299c07cda0ae0897f8c12748e1d42d,3324.0,2024-04-26
a029b976f1083f7eb5784ade368b1624,1809.0,2024-04-27
a02a03b35808cffbf08bb99640769412,6203.0,2024-04-28
a02b2f2187354041a961337a5bf7c554,7762.0,2024-04-27
a02dfbd9755566c6a6c6f60580881185,5914.0,2024-04-28
a02dfdd98ebebb749b1047cf2797e625,5708.0,2024-04-29
a02eacff8dabce825a9c0abb5300bd41,1622.0,2024-04-25
a02ee01cdac35cee03b109a700dffbc0,4134.0,2024-04-26
a033c8aae448b365a9c657b4047a9586,3959.0,2024-04-28
a036a62d9c98f52218ee1a96fa3ecf41,4016.0,2024-04-28
a03dbc62f78d3874c5d04403a61989a9,1234.0,2024-04-29
a04049e665645f88ff7e2075b082986e,1705.0,2024-04-24
a044dd269fad64a3b6424576e4dc75b9,6024.0,2024-04-26
a049da4141d8e277e4c3511966589f09,4507.0,2024-04-28
a04c8316eec78fb4695d665444066885,3053.0,2024-04-25
a056a23cbc320f697c35495c2e84d9b7,2918.0,2024-04-25
a056f70432cf82ee95565ddb815e85e8,7602.0,2024-04-26
a0571cc182864193470e91da92438ff7,8393.0,2024-04-28
a05ae2b5f748327afa79fc729b02dfc4,5405.0,2024-04-23
a05e883db310772f48c6590b1e9824c8,4379.0,2024-04-27
a05eff2569e1127d9e13ec78f234629d,7046.0,2024-04-25
a0637313a673faf4ef96560d290fa3f2,7289.0,2024-04-25
a068fa699bfe0a6970c31c8f4d47aafb,1741.0,2024-04-25
a06aae7d03ab76007845c5dddfbc4385,3801.0,2024-04-29
a06afbe5177c31d53441e26e1b6a933c,8786.0,2024-04-26
a0709fb1be1c2edff3e1689f83716258,4470.0,2024-04-23
a0717fb0b93ba60f1202f98106b8d2ae,5881.0,2024-04-24
a0722e7241019b71c3e96080e8a69e7e,4227.0,2024-04-28
a0791fc141d410a9e6ebb5e768520696,3786.0,2024-04-27
a082b8dabb272c274315edcab8308ccd,3083.0,2024-04-28
a083428b220ab641814dd99fe42ff60d,4197.0,2024-04-28
a083b20845a0d32894e430dd2d5946cd,5899.0,2024-04-23
a0869d035a61d3f7a4774b88824fc90b,3569.0,2024-04-26
a087b35c45e124413f466ab84c63ae9b,7136.0,2024-04-29
a08bc3faf601fc6b927339eaaa1ff8d3,5844.0,2024-04-23
a08e15b9c8c234367ceff770fa11f86a,2004.0,2024-04-28
a08f37bd228884042ebc1f5695ea95f9,6160.0,2024-04-29
a090b610d6403e0a287b9cf6c53a6a57,6010.0,2024-04-24
a090fecc0d22621d24a1eb3a4c949c6c,5582.0,2024-04-23
a09bb46013d46c24a5eab3032282ca8d,4491.0,2024-04-28
a09d15fa6c9a413d05d0ef6ce60d65b0,7271.0,2024-04-28
a09e4cf5b760681f14a35482adf0d23f,3737.0,2024-04-26
a09f4f63086a38cc97e4b043101a4bf4,1969.0,2024-04-29
a0a60d87de077769461861c565abfb6f,2093.0,2024-04-27
a0aef80bcbe777ea892da60a210b6688,12817.0,2024-04-29
a0b5e5af1483dbcc210a1c5848fccf30,9781.0,2024-04-29
a0b6b8f7c8319da46637cda6c935952c,3716.0,2024-04-27
a0c20494cea8e69d74dfb74ab341984f,4074.0,2024-04-29
a0c277ba90a95f051f4dcfbacb519f62,3925.0,2024-04-25
a0c5bbc9b42a48ae76b44f1b621bc4ff,12090.0,2024-04-28
a0cb196c7469ca87ddb78671ebacf99f,6807.0,2024-04-24
a0d01f95e8da62eefccd4e1bd3a8395a,11322.0,2024-04-28
a0d0320df50a75e73c15fbcddf6e8861,5477.0,2024-04-28
a0d08c778e5c14e107ad5b81af9edcb8,3478.0,2024-04-23
a0d35c79e08922887673c8f42f4dbeee,7118.0,2024-04-25
a0d8b1092a546bc45600b2b271857784,8670.0,2024-04-29
a0db5d0cbc35178ee5026677988263d0,8200.0,2024-04-24
a0db96a8c7e5275bc6e7375c487d20f6,3429.0,2024-04-29
a0dd57a01dfc669f10b80a9a51c2de72,1656.0,2024-04-24
a0de7451d0f62d719340fb66022d755c,3739.0,2024-04-24
a0e0af2337ab3680a4af525cdcc82477,3766.0,2024-04-29
a0ed5148f5cfe649d6417221c090a1d9,8318.0,2024-04-29
a0ef051702c99781376ed5b99375fed6,8539.0,2024-04-25
a0f3dad5828f76b8939c42cc391d288f,3143.0,2024-04-23
a0fcad63523f6263ebd52747a45c40a1,8903.0,2024-04-24
a10a31a899ad48ecbac4c27d40658ec6,4668.0,2024-04-25
a10b3f8fb01e430bee1e7679f7efaf7b,4245.0,2024-04-25
a10bd1e3ba7ed8b11a4bb95940e36b54,5469.0,2024-04-23
a10d9f36782665e9c4e2dcbff763adf4,5493.0,2024-04-24
a11399ff2fe8f07fb4cc43c296f6202b,8318.0,2024-04-23
a1172978fe34383ff1f80ba17e88e029,4250.0,2024-04-23
a118266cea2cb0a8e7dbf99301ccd248,6472.0,2024-04-24
a11948f3bd3f7800068fc5769c51084e,3257.0,2024-04-24
a11cfcc7a97b93d981017386faba066f,5872.0,2024-04-25
a11d4475826bcbdc3694b846150ea295,10100.0,2024-04-25
a11e53936340ebc1a4d4368e09d59696,5393.0,2024-04-29
a125944bed5e062cfb330974b206e7c4,2771.0,2024-04-23
a127b1f30d0df288bc7a112eb1595ba5,6028.0,2024-04-25
a12d000b017b1f8dbcd14ab8b99d7f48,3318.0,2024-04-27
a1315ec27a847f4719c84b6ebbf4f87b,4284.0,2024-04-26
a132b86a8b863a6c65f7a463945eaec0,2260.0,2024-04-26
a134a14e600abbab6ee84c085806b6d2,7124.0,2024-04-29
a1364e881210b20201dcf9315fb665d9,4545.0,2024-04-27
a14e4e04842b92e3446369b74970efaa,2575.0,2024-04-28
a159e5ebbf5e17c16da5790a56091043,7072.0,2024-04-23
a15d9adc2a48fd9f5cc9ca4d25d005c7,9303.0,2024-04-29
a15f50dddd0168eb116eac35a2bbee96,5481.0,2024-04-24
a1621bd366a8ddb798a3a407d4aaf7e4,3049.0,2024-04-23
a163f5da6d317f937601a1bd3332a4e5,3339.0,2024-04-23
a1666fae84f213cd4d36ae182600d052,4701.0,2024-04-28
a1685cac2df613d043e49d8812a4e44e,3377.0,2024-04-23
a17153f8dcba48a319352b081672bb19,4466.0,2024-04-28
a1731448ac4827823ee4ae585d99c975,8678.0,2024-04-24
a1745be794f65ab330e9194c8bf4418a,5860.0,2024-04-23
a178e50c71464abb2409659b45027367,3936.0,2024-04-23
a179f1fcb3fd15f8a58a58ba1166f939,10559.0,2024-04-26
a17be9f2c948b020ff7a7fb3ed597df1,2340.0,2024-04-25
a17f62cd0db42af63803150ef19516c3,2910.0,2024-04-26
a1845606bc10a5ffdb7e4db2b32c1978,1957.0,2024-04-24
a1860bb41d499d125a48b45fd043aa0b,7179.0,2024-04-25
a18ab0de2d8e0476d889d8997c891aa5,4095.0,2024-04-26
a18b7ab538cf1fffccccc1cff4321f73,8127.0,2024-04-28
a1900454db87e539956c73d5a14c1b0d,4656.0,2024-04-23
a1902d9f1cbd1c3361b07bcb9ea336af,3845.0,2024-04-29
a19777f1b476efea1ab7cdc88c95835e,9638.0,2024-04-25
a199115bc6a230c5720e7e0762bdfade,5800.0,2024-04-25
a19e475de9b42f16a77535b9bc39c3b1,8875.0,2024-04-26
a1a24194c3056fc13be36cadd683dd20,2540.0,2024-04-26
a1a281cc84c2f3f8fa266af0766f66ba,11009.0,2024-04-28
a1a5a5c1affb0c11b419891b686c4510,6194.0,2024-04-24
a1ae11b1d222e063ccedb51434aae153,2999.0,2024-04-28
a1ae88e35873eb8825e6ea63c88d353d,4881.0,2024-04-29
a1b4ce7daafd9767ef7f124cd6397388,5731.0,2024-04-24
a1b5bf5bb34e1131567e58e7eb806136,3683.0,2024-04-25
a1b7dd4ff3faa03c09fbcad5f9d727c5,3617.0,2024-04-28
a1bb142fab2fdda5b2d9937e5891763f,1923.0,2024-04-29
a1bcc73971acd409635a4d7cf39df4d7,9617.0,2024-04-26
a1bd17023e0b2cbb16dfdb929af99abe,8678.0,2024-04-25
a1bed5e8b8ada58839f870c1c757a556,6400.0,2024-04-29
a1c0ee9ea08b74126cf866649b4116e6,5277.0,2024-04-23
a1c67bf238ff4ba7a4d37fdad4e0d6fc,4213.0,2024-04-28
a1c74772bf0b93c1b3cb711491fc46b8,3794.0,2024-04-25
a1c7c224fb9c8ee0fc0171707d0af324,9190.0,2024-04-24
a1cdd52f9841a9dcc49e584d9a467978,4318.0,2024-04-23
a1d538f7baafbb99677067a3f31ab2fd,3854.0,2024-04-23
a1d8f9a4eb037212213ce52b2a11de0a,5042.0,2024-04-27
a1dd3ae2875ef337d1688b41dffe9395,4755.0,2024-04-28
a1e0d609d867addd3ac5b174ac01c1ba,8043.0,2024-04-25
a1e77ccb118b94c482bce090d68b185e,6122.0,2024-04-29
a1ea5e53602520f32198d44afe97a105,4055.0,2024-04-27
a1ecb2a7e5b884c066d0fb37c7594705,6463.0,2024-04-28
a1ef0de7143d5c10859b2c8d235617a4,4965.0,2024-04-23
a1f1465c0546d62974a07d8bc8f20001,3697.0,2024-04-29
a1f1c57f4a01ee6b2153280c0e5b9b9a,3310.0,2024-04-28
a1f350eb795bb697300d91189a66f07d,9153.0,2024-04-27
a1f5318f3ef78be19c40803aedd7dc27,4146.0,2024-04-23
a1f5741ff64bd31b7a8413870636990b,15283.0,2024-04-25
a1f63d4950e26cad599b3d00e32f18d9,6671.0,2024-04-27
a20067e21a31b964fe93a1f143f2be6e,7557.0,2024-04-23
a201711518620a2390decd7b46fb7c23,6918.0,2024-04-24
a2029bffcb67876f0b4e58fd1175fa84,5538.0,2024-04-28
a204513544d680b08279309c76d24e8a,4896.0,2024-04-27
a208fad9e8503670b39148de485a7884,2556.0,2024-04-25
a20b15e491bcfc76610f31bf8c8e8269,4065.0,2024-04-24
a20dd8050a7ad9f813f4b30d5d95f33e,3982.0,2024-04-25
a20efe20de835882832f2c44406e0378,4545.0,2024-04-29
a21188c63302fadd841be5c313663153,8256.0,2024-04-23
a21882ec1e325f448f09cdab0287b165,10932.0,2024-04-29
a21d5b9495eb92a098b584400436fb08,13419.0,2024-04-29
a2237c4083ed313f14a632ec2a808120,15236.0,2024-04-25
a22560ad02d6a9df4d6dfe8eb5a90615,1337.0,2024-04-24
a226f592a8f832335025e83528b4ce9a,2660.0,2024-04-23
a232d01b26295fa68d5e0aa2dd3b262c,3343.0,2024-04-29
a23c00eae68a1732ae28d26847a55f4e,12394.0,2024-04-26
a23c174e0d307e08d714cfb3bc481202,6736.0,2024-04-23
a23c80cbfa935c8299a8b7e71ccb8ec9,10008.0,2024-04-24
a23ede83011a34fc0ea75d851273e85a,1922.0,2024-04-27
a2417d8b280dcfcfacc637148a254249,4041.0,2024-04-26
a24217dc6c350d16b635e87c9db01e28,6134.0,2024-04-26
a2430b8856113525c0b425ae05095cab,3655.0,2024-04-24
a2468d25230008466f3b6af7854c9575,3043.0,2024-04-26
a247a9f3d2e407f75ffc373182483c16,4418.0,2024-04-24
a2485e72f3a89ccc3458dd9b8948b9b8,4368.0,2024-04-24
a2502513d12e2214c3a1c367560c4a03,7340.0,2024-04-29
a257223d92b9d46c6ffd626d44f66729,5617.0,2024-04-29
a25a34d2ad67d0e783a5f24bdbc510b0,9245.0,2024-04-26
a25ddac04c9023ddb93813677efaf5cb,5265.0,2024-04-29
a260fb5c7dab359f7166119811f29867,2540.0,2024-04-25
a26452aa3c14e7edc54e66ed91fef637,12791.0,2024-04-27
a2660e4444566b1f7cb7dcf99a291e6e,4123.0,2024-04-27
a2776bf3bb9ba788b763dd47c0c050fe,4364.0,2024-04-27
a27cd3ec7e991f436ac84861ce854086,8892.0,2024-04-27
a27e02a4a299e426b49f391a57d00662,6936.0,2024-04-27
a284c490c8c91e4da265ce2c7b7bec7e,14585.0,2024-04-23
a287d3fe0c447f3efa5b3232af546eb1,5346.0,2024-04-24
a28a06ea7e7923073c1526bf449d5cac,12351.0,2024-04-26
a28b1cb9d355f28fdd49bc340ee292a9,2720.0,2024-04-29
a28d0abfbbb2f8e9647f15eef2071b14,3331.0,2024-04-26
a28dd1621ffd20c9cc8236d30a9f5e8a,6331.0,2024-04-29
a292157e523ab0cb7555263b3d00f436,7427.0,2024-04-23
a296dcb20e823f7291bd93193d32c590,11506.0,2024-04-27
a29b09b4af007a40b1167efebc520104,2270.0,2024-04-23
a29b1ee4164909df47931732845bbc7f,3318.0,2024-04-27
a2a97c86fe18813c988ffa90ae57ed1b,7942.0,2024-04-27
a2aa3b7ee6fba5bcf7e2d51904bba757,8778.0,2024-04-25
a2aa9c9287f0d6db78b2aab5a46b1c3e,3677.0,2024-04-23
a2ac2b62e05c2d25e46a2289721cd0ab,4739.0,2024-04-24
a2ac4c8af3e297e5fc891966e62da025,3768.0,2024-04-24
a2af2163441cfd1415b0ac4bd6d42c0e,5997.0,2024-04-26
a2b1362c18fd49bf81614a323448498b,3534.0,2024-04-28
a2b38ff773039524b236268af79fa598,2309.0,2024-04-25
a2b4ad426cb03ff56575d62d14fe7a0d,1875.0,2024-04-26
a2b63bbd53a3e7614df13dd165c867f7,5389.0,2024-04-23
a2bcdedfed140305f9cc7aeb1c8de61a,8181.0,2024-04-24
a2c3dd911cb673e861b2c69e04d2f0e6,3508.0,2024-04-25
a2c5d9ebcb9d656cd00167fd2b640e78,3962.0,2024-04-24
a2cf46747b49af08dc1b3bae7c547898,8937.0,2024-04-29
a2d879faa45316692d04fe46cbd58dbf,6020.0,2024-04-24
a2d8b6be7527bc4a0b0b5d8aab53d58d,16840.0,2024-04-24
a2d8b9286f2b3e3bf885add5946d0d39,7665.0,2024-04-23
a2dc46339127095a5b0e4e06aa5e516c,4821.0,2024-04-27
a2dd0f811b07fbd89b6fcecee26edb58,3416.0,2024-04-23
a2e124740d2ddaed7c8e13284282610a,4441.0,2024-04-28
a2e53151b9894a7a579bb042a1a61c54,5582.0,2024-04-25
a2e562550291166f5c437613189ac362,14329.0,2024-04-28
a2e695e26def4854b0c3bca70fd96755,7531.0,2024-04-29
a2e6a6775874e7405a0b7c0002344ccf,5917.0,2024-04-23
a2e89de08d9047da3c1accf71fd6e7b5,4336.0,2024-04-28
a2ed3bb69114638ed49b02388f1151ee,6841.0,2024-04-25
a2edc0c5bf1e37499ffad1b732cd696e,1838.0,2024-04-24
a2f3a408db428c9986b0b6a1950607c6,4342.0,2024-04-25
a2fc2f40ebfdc97d9c9f3855d953e0f1,7668.0,2024-04-23
a2fe4c5564aa81176b605db77b4e7154,3143.0,2024-04-24
a2ff55b6e7ef5ac1aa0c7ab35cf17c7f,8041.0,2024-04-27
a30028e86b33239ac9812453efc0b3a5,4225.0,2024-04-23
a306d6dee714f819f7968148178eba02,11220.0,2024-04-24
a30ccc0ca0bd2f4d16cdfe9ed83ea75b,2586.0,2024-04-26
a310586b4578e47e315c7567c83a0400,9151.0,2024-04-26
a317bd55e17551dcf58463e2c922ec8e,11083.0,2024-04-28
a3197d6db9a38db2a4b4bcb33de21d73,4057.0,2024-04-29
a31ac690fed69b81927b6e028f34d768,11651.0,2024-04-28
a31b4d6e02927d1b787e2ab47f138619,10147.0,2024-04-29
a31c5accc5d110594014f65275370bae,8792.0,2024-04-24
a31dc58fe73a672741bbec7797cacb03,4455.0,2024-04-28
a31e3d419f267a0efdde2f4e00234fb5,3498.0,2024-04-28
a3211ed6b10e55d386f2d2e78e1e9270,7936.0,2024-04-24
a321544c8e774eb3df10fd2fa76441fa,2998.0,2024-04-24
a3218cd2ee15024096bb78a68d95e58f,7766.0,2024-04-26
a321dc85a7b282afa594f0f992d7e9c4,5668.0,2024-04-26
a32a7ed8f22af59a552f4e0c56730f1b,12188.0,2024-04-25
a32ab31044b9cca6194a3fa284421757,1914.0,2024-04-25
a32af9bf32988d911a9623fa95346983,5340.0,2024-04-27
a32cae08898863747c97861e54f24dc0,2363.0,2024-04-25
a32eb86c880b316e2f6af60bae32315a,7838.0,2024-04-27
a3373be176daef16a52a433a53aedf5d,6334.0,2024-04-23
a33a9542a841a19c122215494d5e086b,4857.0,2024-04-28
a33f839292f2cb02a7a1ed4912f320f7,5508.0,2024-04-27
a345215f8da4553bb95949f09d4d353b,4112.0,2024-04-24
a3496c5c1a1b400aa924843a8fb2c64d,5499.0,2024-04-29
a35325b3a9a0e15ca77a03c27bf8b0b8,5792.0,2024-04-28
a355bbd70c9b90cd0c220c99b28324f3,6980.0,2024-04-29
a359e39fc6c1e846747d4fddd22dcee6,4688.0,2024-04-28
a35aaac82ce3da339526f537bb7f80bb,4688.0,2024-04-27
a361a37966d0989d0961cf410930f285,6474.0,2024-04-28
a362f585a6ade64464a2e22cfa0d31e2,2573.0,2024-04-23
a3631bdc0d0dcd6b14333a35b15cf37d,4835.0,2024-04-24
a3683baae4f42bd1d02fe1a4a728fdbc,14968.0,2024-04-23
a36896a4bb979306eeafbebffc2cbd68,5841.0,2024-04-28
a36a55576406b45efbcf071ca1adf1aa,6268.0,2024-04-25
a3706d13c36265ffbb5638aad1fd60ec,7900.0,2024-04-27
a3876be6a91d6f95cb74d06085e13d04,5116.0,2024-04-26
a38824fa63915fa07b8f49c7d93f6d94,3343.0,2024-04-24
a388bbe13e2e46498562314b429323c3,6186.0,2024-04-23
a38a531a210053cea2a8995c3fc35090,2901.0,2024-04-28
a38d56234558af3077bc9db8fa30e9da,7137.0,2024-04-27
a3909fc374d3ec2e628bfe47fb8ce09d,5773.0,2024-04-29
a39afdc7a466bce8c4ef904645535829,4349.0,2024-04-27
a39b026eaa1e246b4ae7ef1b699ac5ab,6476.0,2024-04-29
a39b940bb1416e9254100ab923aabc59,5406.0,2024-04-27
a3a7790178428bf15ad7d0757efe691e,1811.0,2024-04-25
a3a90efd68004bbdeb144eb632e8c5c4,4380.0,2024-04-26
a3a9ec91ace9a3609e584dc50b35e36c,4649.0,2024-04-27
a3ac2cfd0a7d9e47965f62aea3d386c6,5490.0,2024-04-26
a3ad8a568b72f506a3f921cc79a05592,5926.0,2024-04-23
a3b85967bef51436e2f8fa36c66c2226,5056.0,2024-04-28
a3bfea2c417793e8b5dc8cbfbb8a569c,3619.0,2024-04-24
a3caf4b7121eccbd46a0ae8664adb25b,9231.0,2024-04-23
a3d1bf348dfddadd257a3e59a2f03e60,4826.0,2024-04-25
a3d5913a857219156a83bd89068eb35a,8140.0,2024-04-24
a3d6e068a6c90d4ea651ae5908d77524,6674.0,2024-04-28
a3dbb21fa7dac86f7da61d7207bc46a6,6311.0,2024-04-27
a3e026e5ddb9b2dcc7b05cb05c7bf37e,4096.0,2024-04-27
a3e23b78b6ef4150d11c045827ef4597,6125.0,2024-04-28
a3e3eaf05175fae08f4313bb2997656a,6462.0,2024-04-28
a3e6b52e1ec64e9f5f7f48781b63b58e,2014.0,2024-04-24
a3ea3b05a9bfb0b09229dac955ee7c6c,6264.0,2024-04-28
a3eb30c8974c4c0f69ebaa6345e9eb29,1027.0,2024-04-29
a3ee1919eee62f877987abade008f71c,7469.0,2024-04-26
a3f5e8e994e0ed11858e0c1c2887175d,3101.0,2024-04-27
a40374c6558d8ab50c2ebd1c3596e2b8,6913.0,2024-04-27
a4083bd695a6ed8a3a4706148866fefc,5924.0,2024-04-26
a40e0a1a1d6512e85db63d8c03f80078,2278.0,2024-04-25
a40f4fbcd93b5915ab071c32ba27814a,7945.0,2024-04-26
a40f8651b0dcb9d9fa3371b7e036b444,9104.0,2024-04-24
a4110a4a547be438d6c4e328a30c98c2,5571.0,2024-04-25
a4196de844ea35aedf8effbcf72d00c5,5545.0,2024-04-26
a41e1b8e8f47b02bb36a41f5decee59f,5036.0,2024-04-24
a41e466fef1e7e01fb5bec0eb9590401,1806.0,2024-04-29
a4224df4bbad12fe20e10b500f8776ee,4832.0,2024-04-25
a4254fac4783f0a96ddb065513235de3,3221.0,2024-04-29
a4259e5c793795b2787e168bcd2d0515,9882.0,2024-04-23
a4267fe5cc3b5a9896ecce6b70a36738,5196.0,2024-04-23
a42f01fe029795175511dc0d4abcaff1,10361.0,2024-04-28
a4329976b216759f2d1d5b18ee4660c4,7977.0,2024-04-28
a434a2392ee813b632ba4997b588727a,6260.0,2024-04-26
a435ae9e4a6e77b48b78a27717e67951,1270.0,2024-04-27
a43cf219bcba21590c80000abb77212a,4112.0,2024-04-24
a43f6a37e9d6e59d7f5c93cf60e9fb17,8466.0,2024-04-27
a440d1095a28e7e90883c39f80423f13,6597.0,2024-04-25
a44696916a89c15351be8f179fb50ed9,8996.0,2024-04-23
a44cafccff4f522a09748e1abaacbc6c,8870.0,2024-04-29
a452fdeeea16cd32ec24ee85e0e7b152,13645.0,2024-04-29
a454b40d223b561358fb9c577523372d,5424.0,2024-04-27
a465e5a82f790cef26bf7e9f3fe40b40,2613.0,2024-04-23
a4664ec4f5c064c70acf61c310ca9599,2201.0,2024-04-25
a4716ac272e07c9d04414ee159220a55,10286.0,2024-04-29
a47a035c59f314e9562b7952d45dba87,3787.0,2024-04-28
a47bc4e712b666cc273f9de458e5ebc8,5299.0,2024-04-28
a48d992ae796cff709323f0c70257082,8944.0,2024-04-28
a48da080f715d251c40b68e95e0a3b6a,8646.0,2024-04-24
a490475f68f7969d900ea42ddd0851c2,2844.0,2024-04-23
a4916b232bba2447c73d983b16cb11ff,5166.0,2024-04-29
a494184f4eb99241eab888093722ad67,9514.0,2024-04-25
a49afd05126156a26429fbb315d0f795,3708.0,2024-04-23
a49b42483a67101ce30d394b267cc7d0,3645.0,2024-04-26
a4a3fc2bc1387ad3447124cb09df9ac1,8718.0,2024-04-24
a4ac1dcdabd91064c0a4606ec51cf51d,5188.0,2024-04-25
a4b1b7ca7e7b5bdf2570d6af0bf8648c,10052.0,2024-04-23
a4b26155d63aeb3f10521eec7ec94535,5744.0,2024-04-23
a4b4b2ec9afce4161d9a7e93de067f19,7823.0,2024-04-28
a4b74e08c0f33346ac7886bce7239440,7822.0,2024-04-29
a4bc5b5e7819722c82f5931224cfdfd4,7066.0,2024-04-26
a4d02da33d4b84d737e094480a7084c2,5105.0,2024-04-27
a4e36891e52a6355011bcc3c373bffeb,4800.0,2024-04-28
a4e405b3abf0cd718ccbd58cb7e4ea0a,4819.0,2024-04-25
a4e44787d080fa05fec14bdc9af987ed,6281.0,2024-04-26
a4e4482c85a3a045e37fb884793e33f7,12268.0,2024-04-25
a4e5344e355faf26ea983eabc42c5ea3,7804.0,2024-04-29
a4e573d92269aebc48c022e7eee95619,11356.0,2024-04-26
a4e8981603bf87f16ad3d38837df7535,4387.0,2024-04-29
a4eb55ec8ee4b02243c718ad6c849bcd,3490.0,2024-04-26
a4f0eac801e53c0453eb9e777c4b1dc8,2908.0,2024-04-25
a4f1327a2c3c97d3034f450d42fe9891,5686.0,2024-04-26
a4f3deec7de24f4d2bd986b77b952156,5899.0,2024-04-23
a4f3f375a5d01947467275c317ffc457,2868.0,2024-04-24
a4f7a026dfdf6e93d5e5e3f5c351fd46,4724.0,2024-04-28
a50184ceac1ca104e1cca848efa22d74,6456.0,2024-04-27
a501b8a1d3349a0b2396b20462660d72,2307.0,2024-04-27
a50d223152408a96e8e05a2f789287f9,10854.0,2024-04-27
a50f73d2d002f24380d32ef8b7c30abe,7305.0,2024-04-28
a51378e2102a59e71b154d1b3d15e260,3222.0,2024-04-28
a51a4e07c285df3a1398cc530dc30cf7,7038.0,2024-04-25
a51a8c91d43fd6880239690c0e3c52f3,4105.0,2024-04-25
a51dbbe1de35215c7099fc3ed9a9930a,10184.0,2024-04-27
a5225be19819b5185b1b4c8e10031740,2849.0,2024-04-29
a52353673fb66a72004ffa3f695e72ac,2609.0,2024-04-28
a5289174b76a6ab78106fdd73fa1c05e,7243.0,2024-04-23
a52a60d5287ca51aecc548ee0e5847a7,4031.0,2024-04-23
a52c9d6fa49d4388acf040a1dd8eb499,3241.0,2024-04-24
a5305252553bf9d8889a3528cb8170b8,3902.0,2024-04-25
a537f8b6fff8e1555adcd586b85eedde,2524.0,2024-04-24
a53d585dd135759393c5a07eaddff10d,3602.0,2024-04-23
a53f188ff78013d2b6d231765e773c7e,1918.0,2024-04-28
a549f6995d643cd4efed65b7f5752538,4157.0,2024-04-25
a54bf07368a713bf158d5990f169f053,3011.0,2024-04-25
a5522e578971876ad587d613673c8d18,16308.0,2024-04-24
a55970e25d28289523e13cdb998b0ead,1689.0,2024-04-28
a559788a76863c02531258607141fb96,5241.0,2024-04-25
a55ac20516ff13378c427e31a0f0e73d,9801.0,2024-04-25
a55acb80c592a7bcf8e1f85208f9a4df,4390.0,2024-04-29
a55b728b578b064740caaffb9945fff7,4471.0,2024-04-24
a564543a5a9e7732c81a8a633afcdc78,5077.0,2024-04-29
a567c14b76c7452dd77f899c66c8be7c,5138.0,2024-04-26
a56b0959b14aae1f66b336111a44dcb0,1535.0,2024-04-23
a56d5e061908c6d77b2551eb4ec4b675,1461.0,2024-04-26
a57587f897b54eea3b38526d2c11d662,9925.0,2024-04-24
a576128757932c66493b343e134b65d2,5008.0,2024-04-27
a5779e4158a908b25790c1e839428a89,4672.0,2024-04-26
a57820b03f7eed161884c5cede794dd8,11484.0,2024-04-26
a578f73fb99ed2cba5cb28ce8246ab06,15242.0,2024-04-29
a57ac85a1cd934874b9a06db63b47a08,7473.0,2024-04-28
a57b64def21f7eb52614094ea5c54f66,7521.0,2024-04-25
a582fc145d5402d6d941960bd0e98c51,2474.0,2024-04-24
a587f70fbe416d341198076c05b1d5e3,5818.0,2024-04-29
a5899fd688a50e6db96c333c482a906b,7591.0,2024-04-24
a58ac8c802ce3a83554bfb91833e25b9,7612.0,2024-04-25
a590537000d1cbc2d3b53dcf22274c90,4709.0,2024-04-25
a5906b361d131e18edb16e3ab0869160,7366.0,2024-04-29
a5908aa8e5fb0bd4c9173c135ba15b7b,4023.0,2024-04-28
a5985e437811a2047e02dcbaac060420,1507.0,2024-04-28
a59920a06ab10bdc54cd8b548e0697fd,6236.0,2024-04-26
a59d67b1b7b63062330301c60807807a,9726.0,2024-04-29
a5a2cb9f86abac58b3c8008a7bafb674,2367.0,2024-04-26
a5a696dd017c787509dcafa3d8390ba3,3550.0,2024-04-24
a5a92a9aa8cdf55c57d09fee873e1d2b,2836.0,2024-04-24
a5ab0134fdcfbdfea912082220ebfd20,8556.0,2024-04-25
a5ad69424c1507f1aa065250f418fab0,7478.0,2024-04-23
a5ae607ca81e0d3fcebc07cb96339e0a,5654.0,2024-04-29
a5af258022a754ce8a32b4184e35b0d0,5141.0,2024-04-24
a5b2feb131d2eb5859324d2f90b3ba33,3217.0,2024-04-28
a5b48f4fb97157167ed8ecee26b50c89,6160.0,2024-04-27
a5b8213092ac2d7877a914604574cdd0,2719.0,2024-04-28
a5bf6c3a2b3e6bc83deac20844dbc21d,4038.0,2024-04-26
a5c1ec74e31b6358b6ad19c7e9a05265,6100.0,2024-04-26
a5c363a9d38d00712393e2dce38989a0,4852.0,2024-04-27
a5c52c42f617dd6d8bceba290b27eb57,1892.0,2024-04-25
a5c8ee2d7d1dbeba68e22db75d703e66,2859.0,2024-04-23
a5cc3e29ce6c7cde66b8cf978c6c00a0,9970.0,2024-04-28
a5ccd3203707090713c50627848f2e72,2999.0,2024-04-24
a5d048727d3d1ee12480cccde738a355,10142.0,2024-04-23
a5d0d3049bad8366e9b3681da991daf1,9122.0,2024-04-24
a5d2dbe53ae352d84568a0436e6dce89,5457.0,2024-04-23
a5d38f596030754b4b7d9d7628e9b757,2783.0,2024-04-24
a5d4dcc7fe2aeb94f1fe1bcf181fb7ec,2924.0,2024-04-29
a5d7ee1d7883441827eb2b0e99ffcaf3,2706.0,2024-04-27
a5da8cf6009f53b11f311712cd066f99,4489.0,2024-04-26
a5e10ce33499542b21f9eb3f9e035dd3,3017.0,2024-04-24
a5e258b3a9883b6355697358cd12e34b,8061.0,2024-04-25
a5e4e60aaa7bfef27d548669b57019b6,7499.0,2024-04-24
a5e88ed2af08c81f7887ca15696d80b4,10647.0,2024-04-25
a5e99c5d0f735a7aee64dadf9a598bc4,3507.0,2024-04-23
a5eb4241c6f587be26421aeba069203e,7432.0,2024-04-28
a5f02dc35ef7fe46395b3943dcb5dc89,6102.0,2024-04-28
a5f0c38024c942d519c2c55e0b24ca0c,7515.0,2024-04-24
a5f31bbb8593893a607a7c1e5328695b,6482.0,2024-04-24
a5f41f2edb479b1a14fdcd52b3d5a888,12240.0,2024-04-23
a5f4b38ba4e38bd8496208cf66db938b,4726.0,2024-04-24
a5f6531086d4de2abf81ac12a9c2aec0,7033.0,2024-04-23
a5f88962b791587d56d2c9188ddf5379,8514.0,2024-04-25
a5f8c4fb4eb70c60bc04fd49f3d0a829,6174.0,2024-04-28
a5fb0d430319ca8e7084fb14778a8ed3,2608.0,2024-04-28
a5fb47ad0e2e3daf5fada85201a069be,4165.0,2024-04-29
a60598a14c4c150a7ec6754f3b6b341b,3862.0,2024-04-26
a6086d431cb1b90919f0c67526e9b24b,7541.0,2024-04-24
a60cb8f26fbf4c8fa4d55194d0159d0a,3639.0,2024-04-28
a611589ec5293fa577b6d150243ad22e,4068.0,2024-04-27
a6167fa768d1c23082b03256cac482a6,6632.0,2024-04-25
a61a6664c27dd946d7dd04ebac6664e5,4809.0,2024-04-25
a61f0fafaa9125f62b3fa25c9482b389,3025.0,2024-04-24
a629b402839b5fc65783bf931d09e58d,8293.0,2024-04-27
a63054e2f1f7e9f79daa0f34ab934898,7061.0,2024-04-24
a6322b773fb307e76b96e6408780cb66,3688.0,2024-04-24
a639d12a65b90ef1f2f343398fddef75,9763.0,2024-04-29
a63ecff3a9c48fb2d074e3409446dca2,7641.0,2024-04-23
a64351b133c84cebcbe1e9c1b1f32462,3456.0,2024-04-24
a643fd2fe5b30eccc3ea9d486f4f5556,6427.0,2024-04-23
a6463f92f0350739d3178ae2b9767ff9,7306.0,2024-04-27
a6478f432502c18e73b015a442ccc6c6,4308.0,2024-04-26
a64a03ee5f207d5d8b415bbb31bc8371,3110.0,2024-04-26
a64b62be75b5a4ef75a7207e69dc54a5,4369.0,2024-04-29
a6543aca5e9605ab0a2f9014b36d6269,5793.0,2024-04-25
a65579441453796a53e4bb4f449d7932,4627.0,2024-04-29
a6577c5be1b308602f0c91186362e94d,7396.0,2024-04-28
a65a5b803293a9df9327576a6b3726ff,9216.0,2024-04-28
a65dfc73d7a4e6eabd097a36f2f50be1,2036.0,2024-04-25
a65ef4751a7141eed0725d5c62cbb87b,1897.0,2024-04-26
a65f84ca09e98a444df597de8d04d88b,4449.0,2024-04-26
a660e03f372c74436a26b850a3daf599,3695.0,2024-04-24
a661be29b06b8d12c91549c41189fadc,12676.0,2024-04-26
a66be4a02a5dbbc9d08ddd02d5ad5500,1550.0,2024-04-29
a673818822ce33f2e41349aaca3a77ba,4517.0,2024-04-29
a676df5a997a3d2367101a30bf180473,13881.0,2024-04-25
a67bc852d242f6a52be3f2bea7e5b543,6708.0,2024-04-26
a6800dbbd179a2f87a597cbe60742d9c,4397.0,2024-04-25
a680182be560dea8369faad380484748,7084.0,2024-04-23
a681adfbc0ebee679f6292c9d81615d4,3451.0,2024-04-26
a68c5291d064344c3a3066680e7ec6d8,7403.0,2024-04-24
a69914a79e52d0bfb8685337f9a7cb76,1503.0,2024-04-24
a69f5c444454c87bdfbbfe2149c19613,4345.0,2024-04-29
a6a0975ce004354a4130cef630f4736f,7061.0,2024-04-24
a6a53f597a670111dba23335a4d5e1bf,3544.0,2024-04-29
a6a644a756d8e1a74c0af6a00e17087a,6451.0,2024-04-29
a6a9d811c88df5359c25de7b73b762e7,3739.0,2024-04-26
a6acdbc09a501966bb05e72cea776377,10137.0,2024-04-25
a6b063d61983df3ced79bc0d0492fec2,6809.0,2024-04-26
a6b4a3651647ff974cf7621484c80c13,6532.0,2024-04-26
a6b5a6cd1e1826916a4077a60c3ab7c6,15048.0,2024-04-25
a6c34fdf1039e92d84479d7555a9ab2f,10543.0,2024-04-29
a6c586401837017856bed4e393c56f3d,9501.0,2024-04-29
a6c6eaff2643f4349dbc813e5b4e4940,7978.0,2024-04-23
a6c7ee8320f0c114b2a55b43b98ddf93,4828.0,2024-04-25
a6ca0f52c471a1e80895ba8ee08dc617,3986.0,2024-04-25
a6d1d60d700e5e775e50cf965a3d8b8e,5949.0,2024-04-25
a6d8c3f789fe634a99e9091551981715,5689.0,2024-04-27
a6daae5b56b9a91156015a83186b062c,10490.0,2024-04-27
a6db066396e42b0c02667a9cd54b1430,6395.0,2024-04-28
a6e261ad9ce94e2305d28a3bc04c8aeb,2888.0,2024-04-26
a6e45bf5febb7726b0e8d512b8462448,1586.0,2024-04-28
a6ec69d0aa4b5687a5649fb26a96f9fe,7501.0,2024-04-25
a6f16ab40ec85ccad8a6728a9003e071,5657.0,2024-04-28
a6f8e1327ca6bebe341e43806eb05da2,2379.0,2024-04-23
a6f92edfefecd70503baf5d6dfaf56b7,7680.0,2024-04-29
a6fc08665a139f7aa6543b9726922622,7875.0,2024-04-28
a6fc118f6e5bce2925bf51d785315f15,7307.0,2024-04-28
a6fe483a5a30fa67246390a5f6aaaec3,3931.0,2024-04-25
a6ffba31838a4f2219a1a7176ac5d0d6,1975.0,2024-04-24
a704cef391c063d499382b793862eb6b,5439.0,2024-04-28
a70abafe00ae036aaf37bda29554f205,10361.0,2024-04-27
a71099effdd77fccb19e05fc8461b30b,3191.0,2024-04-27
a713298a6a4a5e839acad9f02f472671,4878.0,2024-04-24
a716cfcea2bb3f9070ba2355c359d944,7270.0,2024-04-26
a71c8442b375091b754c7e555b886275,6267.0,2024-04-26
a7219ba9acf1d1509c5483cd3f2c381f,3902.0,2024-04-24
a724dbb7f391574a8f861e283d90cbcc,6421.0,2024-04-24
a7297bb3fb911b8fae9de2f07d0346b7,3993.0,2024-04-25
a72a171a3600591d4b784f13f57a03e4,6171.0,2024-04-28
a72a4217b146c818ef08974e916150a0,8782.0,2024-04-28
a72a755de18dbfa57c19898a293859ed,6103.0,2024-04-25
a72aea4a44e4794ef3d081f32a9fe090,5708.0,2024-04-29
a72c8d1c77ab17f8264536eb35ade6d3,7293.0,2024-04-28
a72ed3c76ab959a59ede6030e8e1cb26,6784.0,2024-04-29
a7353d1072161beead9f8fd67b84d57e,3901.0,2024-04-24
a73f2e6e32af2fe1edd064b41de88fa5,2642.0,2024-04-25
a74058d8beb06165b03bc4c5d4fc2c79,8027.0,2024-04-27
a74a28f3d8d437244dec90425a5ced5b,4319.0,2024-04-29
a74a5910124241a3eb0d8ab267978b30,1809.0,2024-04-29
a74da9a515577a985791ce2a2ce37c4e,13028.0,2024-04-23
a750fab6b37bf54b4499c70ac3cd1ae6,3580.0,2024-04-29
a756362f9d2a068197f8b608accd9c0b,5134.0,2024-04-28
a759d281064570bb0507bfedd5c77298,6131.0,2024-04-27
a75c63acaf5ed6500d1a9bfe7eebfc7d,5719.0,2024-04-29
a75ec27687be946c918c1cdcdaa51f79,3655.0,2024-04-23
a7629410d154944e267f2fa3e72a49cb,6684.0,2024-04-28
a764dcfcc206d36bd8815b1c3fa8dec1,9622.0,2024-04-24
a768eb1fe2cd2dee8cd4b2a382ef7d83,4309.0,2024-04-24
a769e669440866f704d43cb9682abf8f,7543.0,2024-04-28
a7700a0dabf26c4c0088ecc3f61ef4a1,1193.0,2024-04-28
a77cc9320f2085e7f7614aa0f82a9909,2396.0,2024-04-26
a77ceafda8e35f6e051917706fe26f82,4164.0,2024-04-27
a7803e76e987db0964eb6489b6bca804,2137.0,2024-04-27
a7820307ed4f2d25344e7b0f82bf9eed,6734.0,2024-04-24
a7861783ec333d7a2a0d25abd26cda21,2951.0,2024-04-29
a787d538db41898bc5648069ac6f2adc,2926.0,2024-04-26
a789753a744b830db842955031b4a9c9,6667.0,2024-04-29
a789fd5631417e65ed71241df8736955,6400.0,2024-04-27
a78a923c56088fbe6bb73368db962ef0,9717.0,2024-04-29
a7977e02c570a9830bfc355470db0da1,10643.0,2024-04-29
a79e5e222fe924da19dd6e8ac30ec301,6478.0,2024-04-27
a79ed3618291180cb526780cbae5871e,3179.0,2024-04-27
a79f39f3381178606a30b8c966048977,5888.0,2024-04-28
a7a3ec3abb70f7c5417effaa743813d7,5847.0,2024-04-29
a7a46646955bf451bb0e8ac1d295640f,12809.0,2024-04-23
a7a71921fcea7dad46e81530f4d9350f,10089.0,2024-04-28
a7a9b4872e87f4c50257505cd31f2105,6940.0,2024-04-28
a7aaea79e96fd71d99b3da180e09b5e4,5761.0,2024-04-27
a7aefd0edc2e8b7776613053a8e862f7,3455.0,2024-04-27
a7b469f082f684592c3a81dfd5dc2dec,3248.0,2024-04-26
a7cbf59762d2a4540339cf015dedf5fa,6110.0,2024-04-26
a7cd3e8a99d4416ec3a3b1014c34d92c,3834.0,2024-04-23
a7d4b358a90ae5d2249da57d7af15298,18361.0,2024-04-24
a7d66a99fba32a8830f53da943944fe7,10635.0,2024-04-28
a7dd342ac66df587fed7a3e7fceb2ed6,3791.0,2024-04-29
a7dd37b4565811758d47b3403941b235,4349.0,2024-04-28
a7ddb07b8e7148b559f9ce030b53b48d,7091.0,2024-04-27
a7df8405a8e5e789d9228f12d2be38bc,5908.0,2024-04-25
a7e2aad6cecc32827ee84d7276d6acf9,4221.0,2024-04-25
a7e373eb44da800077e5e729671ab07a,5959.0,2024-04-23
a7e5b39654c41e3621f91d4c03a81d44,1463.0,2024-04-26
a7e94facc0080df49803d715a1723e66,5400.0,2024-04-25
a7eafa1ecdc1b0768247d79feb42f088,4362.0,2024-04-27
a7ed8aa4c59a2afd562d4b240fcefa10,5853.0,2024-04-29
a7eeabd63d9bed54c06f0374a008ac7b,4398.0,2024-04-25
a7f6e5f37749c74db5fe0b4dea48e2bf,5186.0,2024-04-23
a802232dbdaf9104ad31d4b17d9c91e5,7866.0,2024-04-26
a802a65eb0f7a81fdd2a04eb2840901f,1611.0,2024-04-27
a80bd38cc36f597b5e9450517289a7b9,8082.0,2024-04-25
a80c61005db44579492b2eb0f43b6002,3142.0,2024-04-24
a80c86db4ead61c3366b1dc5d836f1cc,5180.0,2024-04-29
a812e07398fe0ea63e462e5ddd270b60,7497.0,2024-04-28
a81439f18be6d79711c809437656f66f,1991.0,2024-04-28
a81ba426ce52d8129f4cb17f9a207127,6850.0,2024-04-24
a81df00fa04ec9757128b2b9fcdeae05,7761.0,2024-04-26
a82ccb60ca2957803547a783924169e1,6566.0,2024-04-25
a82d88f3c4709b621aa5fc4f0354888c,3393.0,2024-04-25
a832c377ed82c20f66491a9c5b4c9a4b,5117.0,2024-04-27
a83ce4e3ebb409e675eb05e45b658507,5809.0,2024-04-25
a846bac0eed329565439ac50495b26d7,3696.0,2024-04-29
a846d3221956ca34950bbd8cc76f9c55,6166.0,2024-04-24
a84c25ad00829fb782024fba0cb5ca18,3540.0,2024-04-28
a84ea4b0a7ff43b3e586af7d71913d76,6054.0,2024-04-25
a85d87e69b351819c632a56fad5c37ab,2930.0,2024-04-23
a85e3fa148155687d33bc0f14a064671,4758.0,2024-04-28
a8618ba93a7c5af48a1e69bed01363f3,5307.0,2024-04-28
a862a9226df0bf4919e1aeffa1ffc1fb,6317.0,2024-04-27
a867a042fb286e3814dbc23879ecbde5,4204.0,2024-04-23
a868c3b12f3a9659b2d33900db3e3902,5177.0,2024-04-28
a86adb064c6edcc1705ddd35e062c16a,5258.0,2024-04-26
a86c9f610928e88f35f5d3f8cf16d382,3582.0,2024-04-23
a86d3498c19b2c8bd26538dc79110c43,4660.0,2024-04-24
a871041fd0302af5e0c9fc0615d76561,4611.0,2024-04-26
a8726da8b855fc2f5d5e42d64377233d,7868.0,2024-04-29
a8729d8695c1aff5065483e60551f8a0,4509.0,2024-04-29
a8756989bf97f2d38dda993d2e5d1dbd,1618.0,2024-04-23
a87b102e44b3e376ad9d109e8049867e,5337.0,2024-04-27
a87c4f03607c294a5dcf12444f865449,3159.0,2024-04-27
a87c9768b65377d91ce0034ddf846207,4804.0,2024-04-24
a88a15c3bb170031b56a6e35a793b4ec,2605.0,2024-04-23
a88a70a88c15a6748145eddc5a01c33f,4660.0,2024-04-23
a88a87a0c15d9e5febeb4c826390991a,5620.0,2024-04-23
a88b3c047aa2bc28ec22184812ee053f,7014.0,2024-04-24
a89157f386330f0132c171061b0baa02,9260.0,2024-04-23
a89946c96e19e26ad7e178d50ee93b9c,6311.0,2024-04-24
a89b1335fda69dd4514d494971e555ea,4143.0,2024-04-26
a89cecbeac9aef76475dc10aff40eff7,6405.0,2024-04-28
a8a260e03a9a25376566893ba1f2bcb4,7572.0,2024-04-27
a8a5833927b1ce957d39f4c38ea15d3f,9227.0,2024-04-25
a8a593d8596d415f0acf28bbbc345d49,3819.0,2024-04-23
a8ab4f7190781940ad061c47a53a3a4a,6225.0,2024-04-24
a8ac93d1c9eac4afb59cf3687fc67e36,2243.0,2024-04-23
a8aea91b3b19043a9472d0fd34472c9c,6528.0,2024-04-28
a8b657fa39ee6b9aef3e28cc4fd0f498,2797.0,2024-04-28
a8b71e889f90133fda062b5cbccf0cbc,5265.0,2024-04-28
a8c5827cc8df6b0ab55a7c714071067b,8264.0,2024-04-27
a8cb66dcb09245ed73c74566cb392df8,8096.0,2024-04-26
a8ccc0f9436552e08b1b1ebf59b8c0ea,10211.0,2024-04-29
a8cdfb331705ad8a27137c8d2778beb6,4651.0,2024-04-24
a8ced370ee70441efc8474d97f7fd253,5588.0,2024-04-26
a8d11fe8c131be996aafd65c627154a9,8157.0,2024-04-23
a8d2ea27fe7c8d7a5db80526e07796bb,1872.0,2024-04-24
a8d47b6e53a0b67bbd9cc584ae868e10,4681.0,2024-04-23
a8d670e3664d48029a8d64b2f9440305,1537.0,2024-04-29
a8d7c0774949cea7b796bbf62dca4807,5673.0,2024-04-25
a8dc95c7d446bbd21db56051928773c6,6839.0,2024-04-25
a8e3fcba00fc7fb38d4276110b750131,6116.0,2024-04-28
a8e4eff99d3be7ae2e702b5486a2243f,5169.0,2024-04-26
a8e5360364a0c2ec17643b8d4d02a01a,8975.0,2024-04-28
a8ece178a6007f4a403880d1547068d8,3623.0,2024-04-24
a8f50c96f0e4f87efb34814c9283feb9,3239.0,2024-04-29
a8f5b18c2de2e1de6931048b85e98c63,9075.0,2024-04-26
a8fcb26392dd336b87fc29afcc939dee,3991.0,2024-04-23
a8ff20c1621b3cbab10ceb4fe3d92d07,3404.0,2024-04-26
a9049bc8d2a2a3ee9c7ec1152f55d767,7671.0,2024-04-23
a90503f37fe1ee937345e072a32609da,3931.0,2024-04-26
a90b10ee558c3c2b85d181064bb157f9,3740.0,2024-04-26
a90c396153406dc9e684e8d2323b8335,5434.0,2024-04-27
a90f47078396ad4a61dc5819959e2a54,8570.0,2024-04-29
a915eec8e754fb4253a6d6a10af61ab7,4086.0,2024-04-27
a919e10a6b2fdd16c7801568c2db9beb,2836.0,2024-04-29
a91c24a30831cd0212ba63527ec23623,4405.0,2024-04-24
a91ed682ccb455a31ae1d74c4f06a0a7,5225.0,2024-04-23
a926a42d083c4fdcf923a5bccebf7704,6284.0,2024-04-26
a929e718d58f88928be3503b18b68620,3368.0,2024-04-23
a92cd8bf8406daf172c6c708bd29d251,6992.0,2024-04-26
a92ed3ddf58e4220caf002ed75ef9b3c,7535.0,2024-04-23
a93078b8d0e682db7ab11bfe70f285a4,3706.0,2024-04-27
a930cd910796662ea22a111573d3f6a3,12145.0,2024-04-29
a932286fb9a7e93186a75f083e092430,8774.0,2024-04-27
a9350a728c5bddd21bfb23e73b828716,5280.0,2024-04-26
a9356cdf369a6f8f6ff3b64b2d6f9fa1,4459.0,2024-04-25
a9396039b4877aaa0f9e76e4faf8e574,7083.0,2024-04-24
a93beac54bcaad5711b196a692e6fb51,4793.0,2024-04-28
a93cfa6565850ed913f52ea21895f028,5470.0,2024-04-26
a93d704fa3b98e50a849c49345465b42,5147.0,2024-04-27
a9434e93de8125845c30f1d1e9e6ee62,4398.0,2024-04-25
a944073ee4760139ee22e27320a85e4c,3054.0,2024-04-26
a946edbde74d0e3d0d616331293045fa,3541.0,2024-04-24
a94a6b480e8e9ebe765b208db1325f26,5363.0,2024-04-27
a950f04d08bf3267d0f03571c0b0b48a,5078.0,2024-04-23
a95384ee3e04903abe1c764a5b8f2a71,4572.0,2024-04-26
a957906882b04d920b2b7e16b08e5653,3661.0,2024-04-25
a95876773d6d2030bc794c369cfe273e,3846.0,2024-04-25
a95952bb744aa501692b44801312137c,5720.0,2024-04-26
a95afd750e38db565aa71b18986284a6,2672.0,2024-04-29
a95cf375b98829a1a90c3232c853758d,8794.0,2024-04-28
a961673b6d27d7de0a1abe83fd923058,6002.0,2024-04-29
a964b370e649555c95962af0de59efc5,5557.0,2024-04-24
a9679696c6c62fd41b84b87767b20b65,4164.0,2024-04-26
a968f15629d2bc2507310e7d82500779,12381.0,2024-04-25
a9697f5b21b21724ef467f1276c54170,2595.0,2024-04-23
a96d49e64739f352ae03698b6762a284,2588.0,2024-04-27
a9771faf2a93b7ce507c6693d5b49340,3172.0,2024-04-25
a97727cf1ff8123f2cca5e18a54978c6,11291.0,2024-04-27
a97a21b46eb96dcaaf1bdd8bb8956dfc,9416.0,2024-04-26
a98095b55979549dd6882449b4c35735,2652.0,2024-04-28
a98ff8ad0bb381a3e766d4ed7ee3e5c9,2708.0,2024-04-28
a991b458e43e97bc0bdd010c404abf6f,9054.0,2024-04-28
a992e30cdfd954d740db85489884d1ee,2053.0,2024-04-29
a99690ab42f59dbe119a0b39b45e299b,3727.0,2024-04-27
a9a167e91f0e469d049d63cee0a37cc0,3071.0,2024-04-28
a9a2e315e3a06370d50fba9f0a4d3653,6855.0,2024-04-28
a9a8b4fb477b53aa7cd847eb9484afc8,1962.0,2024-04-28
a9ab0e845f52da658f37809178537ed7,4509.0,2024-04-28
a9ab7b5f82b62ee91533c1d0283fec80,7534.0,2024-04-23
a9ad1c9b497f0da292c8a796a0fb81cc,3363.0,2024-04-25
a9b288011cc1bca9b3375c1e9d6dd297,1636.0,2024-04-26
a9b8d2487ffdb5c82b5d149cb6bfeff0,2301.0,2024-04-28
a9ba53f0e7333e9d16f54a05c8e40131,2701.0,2024-04-28
a9be24f8e702500dc6801bba169474eb,5328.0,2024-04-24
a9be31c676a34ac746b1d683ac497334,5597.0,2024-04-25
a9bfc57397d30ea7aa94e8bf6f1ca6bc,5440.0,2024-04-27
a9c1599991d03220c8e77c53bd03cf4c,3459.0,2024-04-28
a9c2751261c690aedfc8f0a321f77ca5,5111.0,2024-04-29
a9c447d63dfbfcb1d08b7e476bdf43f2,3045.0,2024-04-26
a9c7ae283ead43205d9c9810bb32a423,5825.0,2024-04-29
a9ca342b01d9e459aaee115220ed9ec4,5134.0,2024-04-23
a9cc27cb6b020684e78c550575e1e52b,7897.0,2024-04-26
a9d1bc6ab1fb27e8f9726e8230c91b4c,4728.0,2024-04-27
a9d250f6a6f1d218692c6cdb3bc69faf,6324.0,2024-04-24
a9d479064b1fbb08f8966e418f85920b,3805.0,2024-04-29
a9d861a27ace3577ca7ee74711cfdfd1,5474.0,2024-04-25
a9d8f341f244022971f216b7da542e57,7470.0,2024-04-24
a9db2e07dccf46e0fcbc74bbab6dc8f5,3438.0,2024-04-23
a9ddc706a378db09176c705df3a137d9,1094.0,2024-04-29
a9efb0429463c01bdc3aab8372107b28,3002.0,2024-04-25
a9f1b3aaeb1967bea84f89a0dcbecc1b,3158.0,2024-04-27
a9f2cf0062cae8641a0a33b1ef21053e,4826.0,2024-04-26
a9f4673e2bab73f4494b04eace9a73e3,3928.0,2024-04-24
aa03d2fe4bedc3f2f23d98c1b526a3bf,11758.0,2024-04-28
aa06d573defe782997cff618feab6511,5025.0,2024-04-28
aa08f4d2db58d0be42e356d819183bdb,3281.0,2024-04-25
aa0931f946a7626bcc19f35f7b9750b3,4325.0,2024-04-23
aa0f12b3f3a0d7d0ee9c949590ac200e,3559.0,2024-04-24
aa0fc55ac462b6f43b590f8d19a0c9f2,5287.0,2024-04-24
aa1d2a48c7d30eb24a2fc461fc57ff5f,6553.0,2024-04-23
aa2021be1c1e252243ce9099161bb136,12117.0,2024-04-26
aa23e024e6c11bebf38bc530268f77e4,6118.0,2024-04-26
aa25afc873e5e3b79655335f3dd96e11,9225.0,2024-04-26
aa281128d9070ab41bd92dd3ad87916d,1787.0,2024-04-25
aa2a792e6ade8d25875834bac96e89cc,7623.0,2024-04-25
aa2ae1aeaa7ab2ded7ead8603a921146,3023.0,2024-04-26
aa2f58381de7083e186f7710de21db36,3319.0,2024-04-26
aa30ffd82c6668a32db98fbba99f15a2,5369.0,2024-04-23
aa383d0371fe5ddf5765f7e0e063e6e9,8315.0,2024-04-27
aa3e5abf5a206aba00827c63239de7e0,2033.0,2024-04-23
aa3f7853aebc1c3e4f11a0ca6a070359,4737.0,2024-04-29
aa3f8b11fe4d269ea31c2ac75f91812b,4476.0,2024-04-29
aa4538fd99bb8533c25cd0add54b9250,3817.0,2024-04-26
aa4597d428e4bbdd3b3b2420924cdb7d,2676.0,2024-04-24
aa4761c16ea397d81cd7ea0bdfa78cf1,3665.0,2024-04-27
aa49cedda12d25d05bfad5e3e12548c4,2405.0,2024-04-27
aa4ea15d00bb6f38c60b43a086b8c7ce,3180.0,2024-04-29
aa52f05de7728eac7dcecca75f95275f,3648.0,2024-04-28
aa53128fc1a4748f7a609cf950a8d348,2738.0,2024-04-29
aa585dcd80e8b6c7539fb598c515b98d,5434.0,2024-04-24
aa59f5b7610f01a6923c4f186ad43bc4,10933.0,2024-04-27
aa5a0b51f3c96a1869da9a3185b5e075,9092.0,2024-04-27
aa5aee07306b202edf75e87551b2a7de,4545.0,2024-04-29
aa5f518f81e1cb35d2cdb128acbee705,3903.0,2024-04-27
aa61c6f4553b62a6fc2907eca64d8b82,3963.0,2024-04-25
aa63228cb3bbffdec3f44b2d7fb9d988,4162.0,2024-04-26
aa64138d525ef81226bb5ed5131f5a3a,4141.0,2024-04-27
aa6be3bd1a75b00a4ad4f5461e023b0e,6242.0,2024-04-29
aa6c0440309f28670d2c7a28f4296996,7337.0,2024-04-26
aa7064a499d693bf941143384fc22ce1,2416.0,2024-04-27
aa73c75097b8ef00521adf7bc4c3ef9c,3530.0,2024-04-25
aa7711fda82b3e5428f42e064e494118,6622.0,2024-04-23
aa7e03fdee78725652a926059ba11742,4552.0,2024-04-29
aa7e12648d3d37695c261b8801b8bbdf,11905.0,2024-04-26
aa89377ed9fddeeb4f7aee8e5a3e300e,8224.0,2024-04-29
aa8c270a6dc31e10f4f95b333efb763c,1842.0,2024-04-23
aa8e7ef254b8f4b6e203d6c847775c3c,11689.0,2024-04-28
aa8f76a220e26e9e7dcc394515fcd116,17043.0,2024-04-25
aa9582cc028b467e7a8773e35be9e849,3829.0,2024-04-29
aa960deb7f25eaff4288b4ccd86b2223,6002.0,2024-04-27
aa96c40ee95efc1dade7611680a60c6a,6905.0,2024-04-24
aa9e1f0f6b1532add654514a53837d5c,6107.0,2024-04-28
aaa00735cd5b03628540e65efee00455,1559.0,2024-04-25
aaa10eb283875b67a71fdb2c8a7212b9,4055.0,2024-04-29
aaa14801b27a8602af71574bad8fdebd,6471.0,2024-04-24
aaa17dfb831d1c7c805e1cba0e35c940,8320.0,2024-04-23
aaa20ef85221224e957b9b73545118fd,7993.0,2024-04-23
aaa58c4a0901e5456ff533096363d708,4020.0,2024-04-28
aaa8a9d512bc7c8aa36ed3163a7e0a26,6613.0,2024-04-29
aaae3d6fdbaff8aff89699c620b7d350,3656.0,2024-04-29
aaafa781a474c00ffc4677878da7858a,2602.0,2024-04-29
aaaff1359627cf9e439be4014aaad0b3,1483.0,2024-04-24
aab1394a65be903eb8b8cd9ff5d242af,14521.0,2024-04-29
aab168d5a8ee53a06872d8b05637ff82,2236.0,2024-04-24
aab48fc58c63f97900058af32121eac7,8753.0,2024-04-26
aab5494d7c7de60340a6a43a0d2da3d2,8206.0,2024-04-29
aab801381cd544556b6b3c7c3c816d45,4423.0,2024-04-25
aaba6f165a808a6ad172d5996589c903,13321.0,2024-04-25
aac4193e87bd528fc15861963950d34f,15139.0,2024-04-26
aac4cd82b9869089c61644a293b2a68f,3204.0,2024-04-26
aac52269952d18cf40358432c6eb41b7,10373.0,2024-04-23
aac5b0191d241d8b591ae00c78cb1df7,11426.0,2024-04-26
aac637886815e2eea849a5bb4e51d5cc,8692.0,2024-04-29
aaca55063f728eb7660463b302d9dab8,4923.0,2024-04-24
aacd7d9d91bd931f913209601dcc6069,6091.0,2024-04-29
aacecb39cabe9e7ef1ff9bd0079ea758,5531.0,2024-04-26
aacf3e3ae11642fbe7ccc5c93b1133e1,3940.0,2024-04-23
aad3e800997682644fe87358b64ff6d1,7212.0,2024-04-25
aad9a2d502c3fbb73a6cddc31ffb4e83,6758.0,2024-04-26
aadad2e834de40848b0a6e62b02321d3,8582.0,2024-04-25
aae2d0f02b53fa7a12b56785342c175a,2014.0,2024-04-27
aae467b5d406b36bab5b174739d918a0,3389.0,2024-04-24
aae625e2098b7eadf5b612ff7398c553,5832.0,2024-04-26
aaeabc3f2df6568535898b10a54744ba,4865.0,2024-04-26
aaee4603c5b900134ed19b2909af89b0,2565.0,2024-04-25
aaef02060ad805a376a752b984695bac,6595.0,2024-04-25
aaf8e6984d29cd4b5b06d4db86018c56,5666.0,2024-04-28
aafb03e72e88dfd0b479ca8f8b66bb11,4973.0,2024-04-28
aafdd27260844ad6d9c52da0285c8df4,4658.0,2024-04-26
ab04e749bf19606a9c71678c6974fc49,5158.0,2024-04-26
ab06dd7d2a4c429c81e53362b3f2abda,8557.0,2024-04-29
ab0728cd5da335a01f42d46084a67f4e,5007.0,2024-04-28
ab07e3ca93d0e687000857c7748c1dc1,7389.0,2024-04-26
ab0866760eeb71285e5d0fb8bbe216ac,8506.0,2024-04-28
ab0b597481a96924daa762a56cf77160,4292.0,2024-04-25
ab0b9c619dd608d7ed031a9c2d539687,5090.0,2024-04-29
ab102607936519e3873a3ce0a5df3a0e,5037.0,2024-04-23
ab14484ef9ec76a2dbb47a073e0e3fa2,4388.0,2024-04-26
ab1634456e718bbe4b0c910d22ff838c,273.0,2024-04-29
ab17aca2ac4e75a4c0a2f5a3f8fcc220,2495.0,2024-04-23
ab1933b1dd52b2ee12d616d4e120df39,7748.0,2024-04-26
ab1b3df0827c3d9f3876f24dd759b0b9,9306.0,2024-04-25
ab1c6a3824f845076c72d1a2a8c2f556,12407.0,2024-04-26
ab1c87dfe7d961c790072435c2640236,15925.0,2024-04-26
ab23dfd108672879ab53d7e118c672d5,5291.0,2024-04-27
ab24c5489c7eead4a0c3e2804d8a4015,5619.0,2024-04-26
ab24df09613e7490cc95294e8aeb8b35,9803.0,2024-04-24
ab26d3c0f97de18bdfea36874732b020,2028.0,2024-04-24
ab2cd22ff0da1ae2e0fcd01fb5205308,7260.0,2024-04-27
ab2e84a621c9f6d08b7ac5e2b0cc4799,1400.0,2024-04-25
ab307fee03d5db847fb3c2f0fc1cea76,4608.0,2024-04-26
ab32ad947615195ad071f5c9d1558554,771.0,2024-04-26
ab34a32b822b38f8aa34dfe579743bee,6040.0,2024-04-25
ab351965680ae6a113225067242d8ac8,6929.0,2024-04-23
ab3e8f1c761965ff8da2774841ae3f4a,7303.0,2024-04-28
ab3f0d3a8dfdce5fa90279632c63231d,1922.0,2024-04-28
ab3f3638ccee2caa26bd47e3df7f0347,7921.0,2024-04-27
ab41bd20b98963ade84fbe43709095dc,2278.0,2024-04-23
ab452dd3b75ec80e560ef5ec7ec58ff5,3779.0,2024-04-27
ab4768854194c743e125b492cc8ec01d,2848.0,2024-04-26
ab505febf178a96976d08e86c9ec5829,3567.0,2024-04-29
ab51b5bffbf376b0031680d6db5d568f,3002.0,2024-04-28
ab54beceb0ef7f9176f728033804612c,5908.0,2024-04-26
ab59de8bde0e75064b3e77d1f907c2b3,3337.0,2024-04-26
ab5e57e7ce26291be91f09890e15c4e4,8252.0,2024-04-23
ab5ec55c143f8339d8c392ac19f9c739,6047.0,2024-04-28
ab6bcf1348420440b65ac6f0fe70d03f,4360.0,2024-04-25
ab6be311e21b57ed08945e257cf8e48d,2635.0,2024-04-27
ab6cdf56c4f9095ff2d39a87a85671a9,3973.0,2024-04-29
ab6f93132d7db9c6b7d740b65511f39c,4106.0,2024-04-23
ab6fc1efbea5f7a7dde7e0bb98863b2d,6751.0,2024-04-24
ab7317fe6ceb0b867ecf48deb4232545,2058.0,2024-04-26
ab7532fc8fedeb1c3e55546406e4c9e5,4748.0,2024-04-26
ab7b55b45733bae9339a98038e539616,2950.0,2024-04-26
ab7bd683b275db585e557d5b4666e3d8,7203.0,2024-04-26
ab7bdb3c3b73fc844b72d8740d0e6cc2,5131.0,2024-04-26
ab8594f9d83cdae369caf88b9ccfe2e0,1648.0,2024-04-24
ab865430bcdaf9fcc695d3ff1b8fd8f4,3139.0,2024-04-25
ab873b9b6ffb289b1ef36f3f30a85ba5,8293.0,2024-04-23
ab8834fad7412918ad814e662e912233,2500.0,2024-04-24
ab8bd71b7526de4ac4ee4e3ad5589a8d,4333.0,2024-04-24
ab8c448108fcef80951dff327adbb0c7,8646.0,2024-04-26
ab980796b5ebf24f1e0df8f42762b1d8,1938.0,2024-04-27
ab997fa3e09da0b79b423b3bd2b73c03,3958.0,2024-04-28
ab99d44201cc377b0f21d056e28ec047,17442.0,2024-04-23
ab9db3158fcdbc78a388862cc5d2f063,3261.0,2024-04-26
aba144216249b79b16f002634cb287e3,6777.0,2024-04-27
aba36dbcba2000dc7a61989c5f9c3a5a,4082.0,2024-04-25
aba62907831673e8d8e72271ddfc3885,1876.0,2024-04-27
aba773d1de07623b856e4833ee21ff87,10321.0,2024-04-24
aba8b7aeb9345b75b8d6831dbfae488f,4631.0,2024-04-23
abad40cfa992cac4cdb4998151c1ad3d,8057.0,2024-04-24
abaf61cc1b7747199ca59b0bcabf1950,2700.0,2024-04-28
abb035d8879621833ae0e36583a52525,12454.0,2024-04-26
abb2a785c2aaec3edb46b4f93a73ffec,4713.0,2024-04-28
abba18ea9fd08de81825d74f0055056d,5695.0,2024-04-26
abbdd4a2f878eea31ea9dfaf406e1a19,1118.0,2024-04-24
abc18ae9c826469db8341da5fb91a37c,4787.0,2024-04-26
abc2fdccb76d8fcfad43f053fc8cf5f1,3193.0,2024-04-29
abc3a85f09f8a322ecad6446b820424c,4419.0,2024-04-26
abca465ab3f8ee4cf86fafe1ab1b0e13,13623.0,2024-04-28
abd61656080c22bc87feafb9ed57ef77,4886.0,2024-04-28
abd6ca8ea4e4a40ce9b1adb52fc25c58,6337.0,2024-04-25
abdff375848b31d2ba60b7f5f5c60cbb,7709.0,2024-04-24
abe22f233392d1442ebfc553995652e7,14906.0,2024-04-24
abe23545e2ff1aacad66068e56af61d2,5227.0,2024-04-25
abe3f49a8b2f9c31ccc97d8d3132c853,12234.0,2024-04-28
abeab361beae22546f6a51aba604036e,4399.0,2024-04-29
abeaf78a9c0109c92b53396f71e8d8c1,12792.0,2024-04-29
abecaca30e0b11154b347345c0b88444,3096.0,2024-04-25
abf084135b1801fd6185415547e8ded0,3393.0,2024-04-26
abf1a2860e59ca2b60747b100eb472a4,3563.0,2024-04-28
abf974c562792e0d422ad610ec7be7eb,6929.0,2024-04-29
abfb2bd8243a3922ed68d352200b2dbd,3409.0,2024-04-28
ac01fb460e54db779d4cd4c351561b52,4298.0,2024-04-24
ac043546da847f2772127bd96d7df954,4517.0,2024-04-29
ac0c434b1c46b2694e908869900e1342,5279.0,2024-04-24
ac0ef1b3f93e9f987a0cb90e2f2e363b,4190.0,2024-04-29
ac0fe2caf6229069ade857127800a32c,4583.0,2024-04-27
ac1191339be0b44cdbea9c977b83d85a,6333.0,2024-04-24
ac120947b4694376f1125dd82418b827,7546.0,2024-04-25
ac13b099dd9dba8cc9ab4ae1b74c385c,2982.0,2024-04-27
ac172b50658d91ad01b48fe891c1d356,4426.0,2024-04-24
ac173f7936de78291932c2cfe45b2ee1,1742.0,2024-04-24
ac17c189c62b4e5c7f5acf3f6a6dbbb4,7479.0,2024-04-28
ac194efe938d13787718edaf284bbc32,4350.0,2024-04-23
ac1b53ba713cecfab7589486a8bccde1,4278.0,2024-04-26
ac1f4f7dfc3ad288e5b668d2f1bad4aa,5901.0,2024-04-24
ac298d5d76aba3447dcfef9c067ed8b2,9689.0,2024-04-23
ac2bde16bf550d8a3c1ccaca11d3353b,7958.0,2024-04-29
ac367231feb151fa1d694d1a92708c29,7270.0,2024-04-28
ac388f26bbd436faf5e9ed40737f7c4d,7294.0,2024-04-29
ac389ac55879478564d3760e19aa4a94,4719.0,2024-04-27
ac390f1f1fac95938680c14fde6d2312,4960.0,2024-04-25
ac3caaa618652cefdaa2ee235f3f2509,6080.0,2024-04-26
ac40fca5b8ae81c24a8da7fd91e1e9e5,2583.0,2024-04-29
ac48a00459cfde055b81f8cf1fc033cd,7088.0,2024-04-29
ac49ef87c16a28175213a30e5febe17c,8799.0,2024-04-27
ac4b1c707f2790db1d80625b25a926c7,7043.0,2024-04-26
ac4baac55fdaadf1e824d3dcc3d99cc0,6118.0,2024-04-23
ac4bf2c5503b93a93c8b68f56cdafbdb,1947.0,2024-04-24
ac50194eb2263a74345eb7ba24ee3368,5891.0,2024-04-26
ac5302214cf0c4b2fd18133f11613a10,1316.0,2024-04-23
ac561e8e9a96cf45d34086952d516496,8205.0,2024-04-28
ac586390c047cecbf191f1f8f97dac9b,6555.0,2024-04-27
ac5c217c2f0fc8c0689f10cf28c346ae,1765.0,2024-04-23
ac5c2d889e07eaba865d4c7ac3e863ea,3734.0,2024-04-27
ac5d498ae90df11c65ed00ccecc9ac0f,5609.0,2024-04-29
ac5e266e05a016056e1339c126e12630,6858.0,2024-04-28
ac63151682e0cbd904c74297bdbca2b0,5418.0,2024-04-28
ac64f7f41590e49ed17d243e47f08048,3784.0,2024-04-24
ac6590e680395a72939ac6b0a4e62c58,7417.0,2024-04-26
ac65d0c9a74cc1f64b0c4bf72fdf336b,6855.0,2024-04-29
ac66004a67e11ddee09824124e39f138,8838.0,2024-04-26
ac66ede4c55ff428458fdbe786e44e4d,2350.0,2024-04-29
ac66f5b862850592bb784689ce93bc22,5452.0,2024-04-27
ac6766b2f55aa2120d448db47f651704,3421.0,2024-04-29
ac6f6e040626f9d4b6fa573f518c9d80,2093.0,2024-04-28
ac730271032b42ddb5df3758161e4dce,7812.0,2024-04-23
ac75bb66ad0308f6697b4b17250de2a5,5982.0,2024-04-23
ac77cde8a799d299ab9889433b4e39ed,10585.0,2024-04-27
ac7952dbeae1f7e764f573007c4b7d0b,2178.0,2024-04-29
ac7b2a8009ef1fa937531fbffa9f9420,8600.0,2024-04-26
ac8344bd05eacbbcd9ed80ec8e0502a1,2261.0,2024-04-23
ac842015ef3af342b5bbdf28f93a87fe,6716.0,2024-04-23
ac8d97c5880ae25e449f65d063eae682,3144.0,2024-04-29
ac8e2f095891d0dd27d05060b905c5b1,4654.0,2024-04-23
ac9397ab02f2ab1a74a6efbc90dea665,1855.0,2024-04-29
ac9c95ea397dfb86542619ba497beb19,5268.0,2024-04-25
ac9eea0064397d12b7cb153aaac8274d,16178.0,2024-04-23
ac9f539b6a3499e188e87c39b69a1967,8171.0,2024-04-28
aca14f486bb809f9b9ab44fc8cea58ea,9171.0,2024-04-25
aca1c23c1909b39bfe1566b128f15993,2709.0,2024-04-26
aca54cd1e837641cac455363d4ec364a,7817.0,2024-04-24
aca95ef583bbc330606a37ff83d95024,4226.0,2024-04-29
aca9d02ebe35237aeaa17925648e9a94,8060.0,2024-04-24
acaf317c51ef124a87ed47383eb4b3b9,5920.0,2024-04-23
acba8c3af179a874f820402e547881a9,3454.0,2024-04-27
acc0bc23a597d936f4786fc02d078052,7568.0,2024-04-28
acc57c7635f633cb74388447a33a7e32,7667.0,2024-04-29
acccf20a18bb955f002a706dcc326da8,5037.0,2024-04-25
acd8df12958afccf4ebc654185b70109,9118.0,2024-04-23
acdb5573bac2ce08b313b8496d3d39ef,5302.0,2024-04-28
acdbcec967351b49fd417c7c9a8f10d0,7544.0,2024-04-28
ace09a1680864da7231a20d5521cd5d4,2309.0,2024-04-29
ace17cea9c7957adebb6a555747d6473,12433.0,2024-04-23
ace2a1f894f3e8ec06d37fbfe1184df8,6339.0,2024-04-24
ace770b950cf3be8dccdd051b4c37684,5803.0,2024-04-23
ace97df3888e63954150a37735108fcb,3479.0,2024-04-23
aceecf2e74e2acf41423bf288b10625b,3387.0,2024-04-29
acef275881275b9b8e339f956a34fbff,3653.0,2024-04-25
acf4977b33be0400589a4d1c93399fda,9416.0,2024-04-26
acf4a3cb4f32493e5e2eec6c8663bde4,7360.0,2024-04-24
ad0093f9c43c37f2f2adf9e07b481d0c,10903.0,2024-04-24
ad0152ead42350451cf6b7b89b62ee64,6609.0,2024-04-27
ad03b797aaf186cd0902c06d5d4a1526,7057.0,2024-04-24
ad06541d67fa7efc5849dfe74c1c433d,8246.0,2024-04-27
ad08755ebe6b31c1e966a3473ee9783a,4466.0,2024-04-27
ad09f1dea4831e71929385748027f44e,4358.0,2024-04-24
ad0beef673fc8952c4d1970751241d3e,3248.0,2024-04-23
ad10e7106264b6b9749e53878e7fa22a,4180.0,2024-04-26
ad11f2e1f06cdcf97e1d8156440615b3,2238.0,2024-04-28
ad155d2c7c19b3314e8e98c93ace0ee2,3714.0,2024-04-26
ad22e4afe6fbc2ba8d20539376fdcc8b,5037.0,2024-04-27
ad293cd235fadd86247e0b58d6f6a277,3899.0,2024-04-24
ad2aea4b751c64a528ad3d7e6d841cdc,5175.0,2024-04-27
ad32a3492c27af89b73b48390cea542a,6957.0,2024-04-29
ad335b79f8d90d5701808656eb7d8932,4737.0,2024-04-29
ad354061bd1f43c17536c89631baf1e9,6920.0,2024-04-28
ad39bf04b9b8c760c1f34bb954943bc5,4309.0,2024-04-24
ad41ce8cceaed1ea049afd0a9e4f63b4,3052.0,2024-04-29
ad4708bcd91b0d835853e46e420c3d35,3245.0,2024-04-25
ad49c8483e1b2cd34a3bb40f4815c21e,4239.0,2024-04-29
ad4bcc02079ac8ff0a55f19564ddea82,6239.0,2024-04-29
ad53a92a9aa2f74e7ccda894cbb09374,10696.0,2024-04-23
ad664a9c306effe033338ae265ddf0fd,6440.0,2024-04-28
ad6aead63eab6ff932f5ce17b39c7562,3153.0,2024-04-28
ad6aeea16c093f8906fc63479433b216,6381.0,2024-04-29
ad6b70d80fea9346ebc4b0bd9b5cd2f7,3477.0,2024-04-24
ad6e2df5061ade3d88cba7f6f002d6de,7150.0,2024-04-25
ad783c48e7d88bba1fb943d7062ef1c6,9112.0,2024-04-24
ad7c0f5cb672830d10f502a631b6d9c3,9442.0,2024-04-23
ad7c7d3e64fa677755a08355b3c4845a,9609.0,2024-04-29
ad7d37987a1aa6e6e382da87599859ca,2461.0,2024-04-27
ad7f8c3668e2b64d577ecd41d92c83d4,3783.0,2024-04-28
ad804792a339c7e167dc01bd9f035786,5200.0,2024-04-26
ad80f668029e2bdf2523ffee991e7d10,6146.0,2024-04-24
ad81633c0dbb2977ffd9b8842d151ba5,4124.0,2024-04-25
ad84803672994db5e7d80156465bd173,4954.0,2024-04-29
ad85756d72218bc940a8606f2498caf9,7320.0,2024-04-23
ad89beb5d5b3c1e6687e188e4d270256,8248.0,2024-04-27
ad92f119d87af131d76d54091de22451,10194.0,2024-04-27
ad93fff57a619e1d3f2fc2661da30bc0,6675.0,2024-04-25
ad96b4bf538b9cb1af265a0e4b0d23b0,6185.0,2024-04-27
ad98fc146b657d3fa205577ed288ff95,1072.0,2024-04-23
ad99fce413c87225b702f0de52dd44c8,4245.0,2024-04-26
ad9c4624108c2a08ace7683007f97f55,2983.0,2024-04-23
ada09a641112d4faaeebb021cede07b0,5606.0,2024-04-25
ada675f768e7c82588ee19bad4ad08ca,4463.0,2024-04-28
ada7b4f89516b8f0236b40d017744b5d,6960.0,2024-04-27
ada9b1b9a56f64a541e165ad7ac51422,6361.0,2024-04-23
adb4325089d3288f64a4d9b026023656,5978.0,2024-04-24
adb842bbe670b33525c9760e605f801c,5615.0,2024-04-28
adbcfe7e51b26ffedb83ca4865b3f1ef,8246.0,2024-04-25
adbd25c0a674bade5feeb84d276f2c2f,6406.0,2024-04-24
adc45861ca51dc81a092456dd5c6c85c,6955.0,2024-04-25
adc4a6aa5739c021d56a57f1a6f5c116,6273.0,2024-04-25
adc69466596dd5c2d31adcb91ad8813f,6952.0,2024-04-24
adc9c4e700c610a76bde02638be880d6,3552.0,2024-04-29
adcf54137f52b037d8c26d12bfa3b4c3,4836.0,2024-04-28
adcfd3ccf47237779708ddbb2874f3b3,2141.0,2024-04-25
add138dc594c9933cb4a3f8a46036164,3653.0,2024-04-23
add803ebe5c810f441669037f71c1369,5681.0,2024-04-27
add9137493e2aeb5d7a4cf73fae22162,6910.0,2024-04-24
addd0fa3ea5d555fc8e1a9e771ece0a9,4980.0,2024-04-27
adddf9066efa041421885b8f1eb62e18,2991.0,2024-04-29
ade06aaf3d50a2203dbb9b6d4c57b54c,5244.0,2024-04-29
ade297da8d148e28834b06b0ef2cff34,9795.0,2024-04-28
ade681f0d7e2888766ab15eae88e8ec8,2994.0,2024-04-27
aded1221ccf060e219021675e9264951,1284.0,2024-04-28
adee7fc0a7400ec9290fce55d6cf8d66,3947.0,2024-04-25
adee8fe420e140830ecaa40009b0e40c,9355.0,2024-04-28
adf59ae32ee7c720144095c0d0e51c48,9397.0,2024-04-29
adf904a472ea2886a887890fda403215,3407.0,2024-04-26
adfe2ef6cd1aecfa4e216ec4efe752c9,4241.0,2024-04-23
ae0051064d90058f2b6859851f93de22,2403.0,2024-04-29
ae055295224781e33d6e4d29f0989f48,5867.0,2024-04-24
ae06a81b020fe7d57e5575e2cdbb0976,7258.0,2024-04-24
ae06d1458a7d512b24a14b56bda2c4f5,5089.0,2024-04-29
ae0856882ea70c7d92798a20a5df4bc4,4930.0,2024-04-27
ae17c9f8b8b8a500b0a247c896f67427,6221.0,2024-04-28
ae213bf0a962aac7231686cdad782c57,4286.0,2024-04-23
ae25fd3746cb7458ee8e4f48a388bec1,5544.0,2024-04-29
ae293fb4e56557ed0cbf103c9f3abfba,5504.0,2024-04-27
ae294dcb571456b75c08a506779387cd,4466.0,2024-04-24
ae2a650030ca9de5a8b4b8f23a86d8b7,10855.0,2024-04-25
ae2eb34291175db4ae2482499a8dd8e5,3001.0,2024-04-28
ae2fab137de005947f93097b210a632b,5489.0,2024-04-28
ae38b0b9323f2774087ace64fb693a86,1998.0,2024-04-26
ae39a1b10df404f28c1b347b4f226617,5773.0,2024-04-25
ae3c9fe65c01110005fee9c5c2cf9b94,4538.0,2024-04-29
ae3cfab0de6da340fdee0f7e1d5355c7,5480.0,2024-04-24
ae3d08a576f5e90eac30536954c32478,6457.0,2024-04-29
ae406ba71ad033a97d95a3286e58a0fd,629.0,2024-04-23
ae4093de232d8fdda71eaa495401373a,8202.0,2024-04-24
ae4335c9aa5271ae48740d165d592abe,5171.0,2024-04-26
ae4a8437c47bb1aaa6910904ab8f7829,4342.0,2024-04-23
ae4b5831b5d4c04bbf803f742b978739,3212.0,2024-04-24
ae503f0e5ab1ea2cdf520dc0a284c2cd,2496.0,2024-04-27
ae55ba43240903fd0af1988cfb0e94cb,1334.0,2024-04-24
ae5a6598e90a0444b9657ed6481e49f2,8568.0,2024-04-26
ae64acd539157b7733addc508984788b,3491.0,2024-04-23
ae6a8c7201407ef0b89604e74e1362e3,3186.0,2024-04-24
ae6d600c54632f7683c05592fdc92d64,8879.0,2024-04-28
ae6e5325355204b84b64e547a0e70324,4535.0,2024-04-24
ae6e53b62c44c867ac870fa57b9acc2f,4717.0,2024-04-28
ae745d4da194abb77efa8f02ffed9663,6006.0,2024-04-29
ae7d07475820c3fac1d10831a768df9d,5363.0,2024-04-24
ae7d361323b7e60855c11c798af1da4f,5003.0,2024-04-29
ae7e6c6548057c7d544f0703b286da02,6572.0,2024-04-23
ae839e7b08a96b62d7f73dae8a4f7809,8900.0,2024-04-28
ae85617ffa59199ef8e0b40ba8943000,4538.0,2024-04-23
ae861ab5cdaa1f8a039f6e3884a21467,9516.0,2024-04-26
ae871cdba870604985613534d3db0085,3390.0,2024-04-26
ae8892c3c8be9c2905f511291d32182f,4804.0,2024-04-27
ae943dff3e19fcdc4ffa4d61800fcc9f,3334.0,2024-04-29
ae9bde18e9fe2cb0b28f2686d54c1b3c,6838.0,2024-04-27
ae9d38e7250b9af52e05510f1584f7f5,6368.0,2024-04-28
ae9e92f1710bbda8a4d147aa9c0ffcbe,7495.0,2024-04-26
aeb1690731b87f61d4b1c3229d5fbafb,3950.0,2024-04-25
aeb59538840b7cab75991ce77de0a38b,9635.0,2024-04-24
aeb5d4d3ae2ceb18cc0e1c1480797cba,6978.0,2024-04-24
aeb7b5702b2235ef18f0f6a002849110,7931.0,2024-04-23
aeb80909c8e4be8c4e62903fbb940c41,6719.0,2024-04-29
aeba316caf8af2db1fbd0dfb6062331b,2944.0,2024-04-26
aebb25e7dfe8979788ec3db1b77883ba,4390.0,2024-04-27
aec0d9baba3d1a6592c2a723286e9b01,9805.0,2024-04-29
aec4039e0e79d3a6a7c54a21bb99cc43,3780.0,2024-04-25
aecb27e00da880bec7fab7b3ccda4f42,6888.0,2024-04-26
aed113225e2c6d5dc5fe28bc11a3e744,8331.0,2024-04-24
aed1e205c2b65703470731fa567882cf,8098.0,2024-04-26
aed66bfc4ce1a96513fa0623b6bf7887,3851.0,2024-04-28
aed95d5432a825b2c7031ee3754ca33d,13369.0,2024-04-28
aeda2832ac6d3bdc18e2336dbe0fb062,6863.0,2024-04-27
aedcc8b13fc1accdb4fbc7d75c484d4e,7124.0,2024-04-23
aedd4c2ebc4f3ccd1b9b728485d22ea6,10803.0,2024-04-26
aedfa7745e0f6dc91b67024bbfb7bee2,11752.0,2024-04-29
aedfaf02e4703b267306c158b350096e,3392.0,2024-04-25
aeed94170ba3b7fd8fcf6f682fd24dd2,4817.0,2024-04-23
aef0c1e62332a565ec5238b78ca57398,4796.0,2024-04-24
aef62e39f4bc123308f0f01cb56d4a34,6883.0,2024-04-26
aef7692863d2fffcc5dcd278b579c31d,5049.0,2024-04-24
aefcc8456d6fdaa5d8b3838e842ff9f6,3398.0,2024-04-25
af0024c78e12e30456c026fd9ee252f8,6618.0,2024-04-27
af00df1280fd84efd718d04cc551af7b,3169.0,2024-04-26
af064f758065a9ca3e93048ff0d16979,6665.0,2024-04-29
af089054753b3eb13053483e69d74040,10524.0,2024-04-29
af0996df54b4c6c26d0cfdb552c3058b,3017.0,2024-04-29
af0af0f104f60066ff7ec7b8d7ead55f,5820.0,2024-04-29
af0b3fb7d91ac98768a2f0941395a080,10655.0,2024-04-25
af10beb5201a129cf5ea1c2b38e7a996,2600.0,2024-04-26
af11de23421a194c725875b3dcb7b4ee,3657.0,2024-04-25
af1422f4c4a74e560a8fa95860ef60b9,3157.0,2024-04-25
af155582b7d5d068cfcadc4c1ebccda8,4213.0,2024-04-27
af1d4cc6639811d515abc4e2d8cc711b,5897.0,2024-04-26
af1fa00cef058111f474880f8c9c15b9,3056.0,2024-04-24
af20bc24634361caf51d59653097563b,6775.0,2024-04-27
af21174357f76c341f66fe48d63d453b,10770.0,2024-04-23
af24330ea5648287c1ffe1f41d4048ec,3878.0,2024-04-23
af24f62a0063f7cf413e16d0ad84e124,9877.0,2024-04-27
af2ff862951789b2ed04ad523f6a4319,6979.0,2024-04-29
af3df5af7a94bd679cd6f60554cd3331,13687.0,2024-04-25
af3ea0a39e0de7617a92b84465e9d6f9,8705.0,2024-04-28
af417b0d9ef9b18412b203e3b4a4926a,5310.0,2024-04-26
af4360170daad6c9b0f76465c91211e1,3962.0,2024-04-26
af4671ed9ca6cb67ab9172bfaec2eb6a,6472.0,2024-04-24
af4b44e33cc45fe5965fe4f901c2ef4e,3598.0,2024-04-28
af4f162a533ee753951089ade056e214,6218.0,2024-04-29
af50f7d7c009d4a56dc3b64a5dabd3bc,6045.0,2024-04-26
af533f21bcb85b0a695442db56fe6498,19817.0,2024-04-23
af537614a3ca49d8889677b4265694f8,3208.0,2024-04-23
af543b3dad2a0d7124dfe59ce757de72,6226.0,2024-04-23
af55fe735fdab380f4df19127390f204,4637.0,2024-04-28
af5faf5c807b63681b78b7b0be8599bd,5109.0,2024-04-27
af63a65d9e5342d51be860da16fe9666,13480.0,2024-04-23
af6473500dd4d45af2835db8539b57a8,16301.0,2024-04-25
af65696ff0c7a41ddd90c68c41dfa099,5633.0,2024-04-27
af6878f8f316f32526ceee38754307b3,2822.0,2024-04-28
af6ea30438cbfa7f6807379302ae9d04,2406.0,2024-04-25
af772d9f2a29936044005e152efb5bbc,8055.0,2024-04-25
af852668570bef5d5e6be643e3c09ff9,4428.0,2024-04-25
af85db051efbee3adf9a5dec0bff76ba,6067.0,2024-04-27
af8747ea088efb878fb4f76651891f98,6987.0,2024-04-24
af8856c67427faea0096440719f1b4dd,1277.0,2024-04-29
af88ce4ec50e4d8a98ca7f4dbe095fd0,5741.0,2024-04-24
af8974416d48068fb977536cc07b4845,11505.0,2024-04-29
af8ac47e0655bd5d64246ce84e7c0aca,7813.0,2024-04-23
af8dd0d798a41b835944cfc75a413884,2573.0,2024-04-26
af8e1f58c8bf0733f71ea08e4d6de8ee,6165.0,2024-04-29
af9265bdb7177faf6953381c958bd342,2457.0,2024-04-23
af95bc7f588c02c0f2c80036203bb842,7061.0,2024-04-25
af9859d32d622b540be7fef95d8a2f37,4629.0,2024-04-25
af9b30e35bf46777076994027c3ba8eb,11360.0,2024-04-27
af9bdbd2f4dc64dad2a8522f262f1356,15517.0,2024-04-24
af9d0b487e188dfc706d7a4928c9b1a3,3591.0,2024-04-29
afa91b7e49ab3232861d8196f69b9ebc,14223.0,2024-04-26
afb156f63408fa20611171e7b2f50aaf,3709.0,2024-04-23
afb3fbb93c112f618da804f2fdb60734,1897.0,2024-04-26
afc7a4c3d959100efb1483b413b86271,7476.0,2024-04-28
afc7b1c51dc9fecfc96027a281cef73f,4051.0,2024-04-24
afcb15cf3b42be630c1c6e703227b1e1,5288.0,2024-04-27
afcc10561ba3f3b3aab4160908cd8a03,9417.0,2024-04-24
afccbf17d78c1635de5bb05259dbfc9b,6060.0,2024-04-25
afce76a63eaa858b1d9fdf48a3e164d4,4274.0,2024-04-29
afd247fa097640f739f78c9ea3f0baeb,6753.0,2024-04-25
afd7e07fa9299fd7ea2940bf1974fc7d,6601.0,2024-04-26
afd91344010363e2e89ca7f555a754f3,6965.0,2024-04-29
afd95e9fd3866713bbf4f4d81484eb44,5974.0,2024-04-24
afdb367d3e55ce3e8cfbc40e570e9206,2725.0,2024-04-29
afdbc4ecdf520a9d0233204e297b8fc6,6968.0,2024-04-24
afdbc8ce2e1e9d6e82d6cc4803b70636,5436.0,2024-04-27
afdf1cd0574ffdaee4a812ab95c34e90,4733.0,2024-04-29
afdf7dc0a518bf5070a309fc27102836,2100.0,2024-04-24
afe4803a93618c5180c30009a8cd56e7,7808.0,2024-04-28
afe8c87f7a7cbe32ecfc136e44ea0aa6,10485.0,2024-04-29
aff0e1d16cb9455472dc88b985f2d181,4103.0,2024-04-29
aff8be83e53a730184e8b974055da7c6,3899.0,2024-04-25
aff930683942fce9ec4e09ff1cde6a60,7570.0,2024-04-23
affe84478d7fdbacfb251b9936d9b570,13381.0,2024-04-23
b010414207704c085729a7bff1605487,3167.0,2024-04-23
b01095523a5d75ad8ca321594e615822,3350.0,2024-04-29
b010f0fadbdf11e9851214474502232b,1212.0,2024-04-27
b016618111eb59dd927b9c8cd948f0d0,7169.0,2024-04-27
b01a7b7fedba17734260af997ad3579a,4695.0,2024-04-25
b01e02d0556d482e38025a1f60cc9e33,9004.0,2024-04-26
b01e7aa82be24bb038bd4911670999cc,8446.0,2024-04-23
b022e855dbfbf0d6bd535c75af2a3622,4192.0,2024-04-29
b023de8a843a3ceb4905441777380b10,5848.0,2024-04-29
b0246004c5463bbefd2b262ce4e78fce,3576.0,2024-04-24
b0257eae28ab20346d9729dafc5f1519,6814.0,2024-04-28
b02a264d7924139052d79108c04b7d79,3256.0,2024-04-25
b030c17281190845a1d35a8b0eac9fab,7076.0,2024-04-26
b032cac30e5b4606f7ac76e5258bdf06,6962.0,2024-04-24
b0352b8f8ea84577bb4b527fca09b0c0,3753.0,2024-04-25
b03b3c269ed724fe0db78a2718dc3889,4127.0,2024-04-25
b03bdb8efa9e98362ea4aa26ef803b49,5399.0,2024-04-23
b03fdc5fcbb278bd098f0931cbaaded7,17213.0,2024-04-24
b0434a276d91ff5bbe3f6f134b135932,1842.0,2024-04-23
b0454fae64778c57afdbdde64d2f6d69,10648.0,2024-04-26
b04669692d86376649f9e5936d56f756,3578.0,2024-04-24
b04977fdb56b0181b2ffa5ea1ca0b7f3,4865.0,2024-04-24
b04c46be90e374fcdf27dedcf3e468e3,4655.0,2024-04-29
b04ef9a69254a8946cc929f232753640,3398.0,2024-04-24
b053e5378d57b97b97373debd81933cc,9175.0,2024-04-27
b05664037daa4e06775e43f510a50ca9,8659.0,2024-04-23
b0567a2ac685098beb45c273fe345b0f,6315.0,2024-04-24
b05b8433b383f36bf2d20b40d70225c2,4707.0,2024-04-28
b05bf31bebd071e67ff4cf01a60444fa,7245.0,2024-04-24
b061a6f393e061f357f79deef5a70897,3597.0,2024-04-23
b06959ff72db466eed43fe6953122cb5,9586.0,2024-04-27
b069e8718baa5d06738b99db71ef661f,3704.0,2024-04-26
b06b2ae4a96f1b76a69e6d384ee3beb2,8374.0,2024-04-28
b06f60983f586e2bdc986d996f1dbd36,5799.0,2024-04-28
b077a6909e55a6eed0554c4330124dc7,10294.0,2024-04-26
b0789b23053caa849bb34a0e8110e3d8,8118.0,2024-04-24
b08707451cce69a442d3e711cbedf7d1,4978.0,2024-04-27
b08debd2c492ada4e36039d7ea474319,943.0,2024-04-23
b093b6a11340d8824e38c14b45c51b06,12232.0,2024-04-23
b09b5042ff3d73761a060fbac3b42de9,3498.0,2024-04-25
b09b834747a52f0e1e5be09ce8df42bd,4864.0,2024-04-27
b0a0676487e3abce0c4407e395d5c4e6,4974.0,2024-04-23
b0a361163d1172f911359855a07288cf,4337.0,2024-04-26
b0a3a4900bc3bf736abd0dbe88e63b93,4000.0,2024-04-23
b0a63c906b3aefb86899d5ff05aec075,5901.0,2024-04-24
b0a90e0519c7e6d757978793bc086a53,2427.0,2024-04-26
b0a96f7807f890810917591584815722,3848.0,2024-04-29
b0b16fa98825a1c5db9c538aa0298388,5454.0,2024-04-28
b0b34d9889a144a68ab40f1db2c10daf,6069.0,2024-04-28
b0b515056a63d552a7800d6defb729b9,6923.0,2024-04-25
b0b51f8384cfaa51e88d96762245918e,5863.0,2024-04-24
b0ba08d0572893d554d3a3e48994af9f,3283.0,2024-04-29
b0c3629ce815851a851bed6bae01c018,4155.0,2024-04-26
b0c87c6297bda477b2712fb2bfb87fe3,2831.0,2024-04-27
b0ca5a41366f48d5651ea5b31aa93a52,2242.0,2024-04-23
b0cc6d9c3e001393324ba4e1d7e76959,2465.0,2024-04-29
b0d46558059d0ab01fbf7115ece8442d,6437.0,2024-04-29
b0d824f0547044bdc77d3be27f3dd02d,3372.0,2024-04-26
b0d92009eb6b935b1faefab3d7bf0492,9674.0,2024-04-23
b0db65fe3150d3f8bc4cb87d418a3a15,2752.0,2024-04-27
b0dc3eec19f70294e51ed95e593addf7,2950.0,2024-04-23
b0dd0f810d881437e37bd19cdf3589f3,3749.0,2024-04-29
b0de479184b9d488ce1d827def4bb332,8300.0,2024-04-26
b0df4dee45eafce6e1a7fecdd9d8ee0e,2330.0,2024-04-29
b0e8aed5ea2c89fc67a9dadd45bdbb97,8149.0,2024-04-24
b0f09e8c7aa1aa034be81ff58174ecfa,4005.0,2024-04-29
b0f48a9cdca13a32e7814cc11ed0e4ca,4452.0,2024-04-24
b0f4df54344b0d30bc3d34153e189cdd,7401.0,2024-04-28
b0f67f573adfa0e551dcc64599513771,7199.0,2024-04-29
b0faa080a801b0fbe845c70f4376682a,4659.0,2024-04-26
b0fd158f9d895af7290c14344f21e3a9,3116.0,2024-04-27
b0fde4f039813ec2af8dc9f7e7317dd6,11766.0,2024-04-24
b10097812e8b87425669cb0609e3fbae,12252.0,2024-04-27
b106d44f87e4f33172e52d67d8ee8d70,5646.0,2024-04-28
b10ac065ce9b60312eb8cfcb54e59668,2812.0,2024-04-29
b11426fa772835a69ad1987e8d1c42f5,1864.0,2024-04-24
b1161bf4971ac533d791942a57a5776b,3883.0,2024-04-25
b11820a584b9049917f7a55cbf5a24df,7093.0,2024-04-27
b11cd68ad5c328cdacb87f14f76e4d1c,7550.0,2024-04-23
b11dfe06fc4814abb339a2a0be6e570d,4819.0,2024-04-27
b11e4ad42598cf166ea224e8086fb3e3,6473.0,2024-04-26
b1205e5224db3122661e966317f45390,7933.0,2024-04-25
b125fa04158f015c7b40d8b2ca28268a,4466.0,2024-04-28
b12b2dfd0637a86b7513a1d6f206d07e,2817.0,2024-04-27
b12c4835babf1648a7bc64d96294899e,11659.0,2024-04-28
b13112b13c2b34b0b3f8e7b96d551d63,8237.0,2024-04-26
b1360900531bffcc8993721474d054a8,3484.0,2024-04-23
b13fceb03ac510cd543a80ed699ea4c3,4592.0,2024-04-23
b1432fd1149f69f9524c78106abc3ac4,6420.0,2024-04-27
b145eed0ddad1aedae24b0143620e632,3739.0,2024-04-27
b148eaf79d6b115723b0416fdea7aaa1,4225.0,2024-04-25
b14b9de2b5deed185bd4fd63c4ec585a,10937.0,2024-04-26
b14c1941e68077959a1785c825cc0c89,2564.0,2024-04-25
b14c9aaaa14da2e62bf638c1e83befee,4095.0,2024-04-25
b151ca0a47ed7653fb2a2ffbc8aa7bd8,2505.0,2024-04-26
b154cba22f1a6b22e21f4bd2ef0c4316,3730.0,2024-04-28
b156b28a0a2be33bdf73b5060a870614,7890.0,2024-04-24
b15a60a36191ad7878113e327ed8bb33,7528.0,2024-04-26
b15aaca01920c7e10dfc232a0a43d4d5,3965.0,2024-04-25
b15b4de0cd9b4e6ad3d502f25deaa2d4,4555.0,2024-04-28
b15f3c6ece8510e2bf97bf7963979da4,1881.0,2024-04-23
b16f2813eea3738a5d160567460ab5d5,4087.0,2024-04-23
b171de06e01435d277745c77f3ee171c,9138.0,2024-04-27
b1752c7b5ce72abf4f4e9ff15def8cbe,6259.0,2024-04-28
b17bbbae80fa2969c1e464a9cd2774e2,6568.0,2024-04-23
b18637ac85d6feb8c10420247b1fcbcb,8416.0,2024-04-25
b188a5506ddb4acadce04ee6f8e296de,13055.0,2024-04-28
b18c4bdbace14200fbc1a534b6f39a0e,6398.0,2024-04-29
b18d931ccd42721e5044ea0e0e18cf9d,9120.0,2024-04-25
b1909e19f67ad0ea3771d10b45ac35fa,3135.0,2024-04-29
b195fe0e9d3f814bebfd528664c74f2d,3685.0,2024-04-29
b197420b430709a217292189d16afb61,6499.0,2024-04-29
b199774339aaf76a2db092998062dd6e,4088.0,2024-04-28
b19f6b5a47775d81f4a7a1259ed106b4,10130.0,2024-04-26
b1a54f9028c485a09f02f9be154a4591,2193.0,2024-04-24
b1a563c3b1803ad515be4cf537ba8db9,4092.0,2024-04-27
b1a84fc6476bb3b334753c0ddea15a20,4239.0,2024-04-29
b1ab2712ab73fb2076e910be390a8046,2995.0,2024-04-24
b1ace1f646b2636532c51fe6df9227be,2969.0,2024-04-28
b1ae6c44623c52c343d110179ecfd6d7,7600.0,2024-04-26
b1af13fa4393da36cbe50896872105a5,5535.0,2024-04-25
b1b107308838510cee93f3169dd16f17,2416.0,2024-04-29
b1b5728451119f3e60c8a0ec1fc923d4,2101.0,2024-04-29
b1b6c9b8dac7b3b19ab45b16ca20056f,3886.0,2024-04-24
b1b84d710c0dd87b701cf3d868e0694a,13867.0,2024-04-23
b1b8d5df24393d32bdef64869bc11dbf,7355.0,2024-04-23
b1b8f15633755d67c596d522e2a521a9,1522.0,2024-04-28
b1befbf6aaf156e9fd738a0f423a319c,6240.0,2024-04-24
b1c0ca6a79b6f8408b2e63f8c44881d1,5154.0,2024-04-27
b1c695d065bad47ce2fe15c577b4a554,1292.0,2024-04-26
b1d0bf799ca751c5f61afc02aeceb522,6634.0,2024-04-24
b1d5b18a1e7e33033e302a75f7d7c7f0,1304.0,2024-04-24
b1d67a9f964e5b6e2aa0ba761bfcd281,11411.0,2024-04-23
b1d7f164a4ef0353f6c1a0b1ec61bef7,7878.0,2024-04-24
b1db3ec3f62694e07d44e6c6c351ecba,12780.0,2024-04-23
b1dd27a6d909765aaa69ad52ff9ba839,7535.0,2024-04-29
b1e16d92fba6f96740db6f7fc6d63855,12682.0,2024-04-29
b1e2dca0f4d3f6943a83c2eda37c02d5,2484.0,2024-04-25
b1e31836bb814167938330419bb82c86,6117.0,2024-04-23
b1e50befd102db504769928f47b5f87c,5376.0,2024-04-26
b1e577dbd85fa328d85a5413ff70667d,8369.0,2024-04-27
b1e66304f2120625f8cc36ea6fc77cd5,10024.0,2024-04-23
b1e9082b71c68a057df6c8914088f8ec,7329.0,2024-04-27
b1ec0311833882a5ee3eb4a58b628255,4841.0,2024-04-27
b1ed574163f93a30728bf7e13be2eddc,8253.0,2024-04-23
b1ef096a0a0b2944b08eef3b2db22a4a,4203.0,2024-04-23
b1f1dea5d9ce365ac7e9a8bb5b497016,10497.0,2024-04-24
b1f30bacc21c26a9f1be311af1519ffd,2444.0,2024-04-25
b1f9d87fb1350502cfe5db5cf5905b8d,4221.0,2024-04-29
b200a885fe673e842eaca19e909ff0cb,9874.0,2024-04-25
b20301e3ab60b1d484457e30d2b43420,9030.0,2024-04-25
b2042591ee01dc83f33c4b652500abe3,11336.0,2024-04-25
b206a2994b423832ee323aa650f7d7b8,3854.0,2024-04-27
b210926c41ab61eba8dc4abf030fe25c,3180.0,2024-04-23
b21215f25fbe98773d86ab04f3da5de7,2287.0,2024-04-23
b2143af1714a92b55851e3a6bc69926a,5632.0,2024-04-25
b219aade9f4b1508a062fbb0f09021f2,6397.0,2024-04-25
b219f337b58f90b509f003b569472ff8,3263.0,2024-04-26
b21f736ec795cadade9ca4604018c2ba,4008.0,2024-04-25
b2278b10d0bbb3be6a47c182bf93ebfe,10652.0,2024-04-25
b22acb85b1c133d4dac3d10f80da97d4,3274.0,2024-04-26
b22eeca6388845484e51f8fad0eb4691,3530.0,2024-04-24
b22f45087b9ca0a6766727e969ad9e3d,9877.0,2024-04-26
b22f745424f191572fdfa009f0e0ab5e,1906.0,2024-04-23
b23915826932603f2f4f53cf4598e16f,5486.0,2024-04-23
b2407b77ad1aef57469af99f60683f42,2858.0,2024-04-24
b2430d6106a206dad827349b7cc74b5f,5522.0,2024-04-25
b24bbced306d43c30cfe85d7a0114901,4168.0,2024-04-29
b25397e075cb4c5c4657d379b16a2806,4163.0,2024-04-28
b255a57af55733216258d8bc90314a9c,3851.0,2024-04-29
b25b02f1a0b916817244dbdec597c87c,6053.0,2024-04-27
b25f8e3d8a7b88b08d6593c325a3aada,8351.0,2024-04-24
b2609bcdeb8e501c7630525ece09929e,2099.0,2024-04-24
b263d6523e5e820f91a08e811b55564b,6027.0,2024-04-24
b268142a526fb0c9baa504f985fbd75e,1417.0,2024-04-28
b26b022e64f962e6f868845acc672dc0,7955.0,2024-04-27
b26c3344e95f8c3e519f221bfed44b42,3606.0,2024-04-27
b26f28c0044668bb389b8d777719c00d,3588.0,2024-04-27
b26f52a420983fb906083df2d736bae4,5826.0,2024-04-23
b273b9370356caf09a81e4ec64f65daa,5741.0,2024-04-26
b27b521a771fc49e14d5890a316b9123,2121.0,2024-04-28
b27c34ff2fc000e1b264580c05cc3515,4487.0,2024-04-24
b27d69888bc57eb1654e2a0459b3b7d6,3589.0,2024-04-24
b28224762f0b88d7d1f1e4976c4211f1,2224.0,2024-04-26
b292a80e8aa68895403b0b91ab950b4c,1703.0,2024-04-25
b293cfa63df0dca431cd2753e0f6c567,6889.0,2024-04-23
b29cc25600a5ce0ccfec45e04a85bf28,9546.0,2024-04-24
b29d7dcf8de917d6ed405bb62c8049ea,10033.0,2024-04-28
b2a3961fa15ccc6588bd1e864e667049,11480.0,2024-04-28
b2a8f5131430cc29dc18d5876532b649,2330.0,2024-04-29
b2a9fdad793f00cd42132b4644d5bf02,8153.0,2024-04-24
b2af1fe151eafd22befab95f9b1a2c5a,5012.0,2024-04-27
b2ba1939bd153be6c99854f5a0788e59,10459.0,2024-04-24
b2c021c84263afd6cbe5038bac8574b9,6619.0,2024-04-27
b2c1392a20350db8906ddfb66dfd25dc,6347.0,2024-04-28
b2cb784a8bb4ee522e61a3d99caff6a6,9853.0,2024-04-26
b2d34a87ef5e94e837fe3f9dc78c9ddc,4181.0,2024-04-25
b2d64ac7e0ee74c6e108186d6909ce06,558.0,2024-04-27
b2d6c561f2b1c83e846b1b46ba6113ce,5155.0,2024-04-28
b2df07c62665290c6a1c1ea13c0af6cb,4559.0,2024-04-26
b2df10db0b7c81ea5dafe1c75a436fbc,4200.0,2024-04-29
b2dfa59a2fe6b2d425f072546a729c8f,9059.0,2024-04-29
b2fe70366c2a450355602ff8ce678307,4004.0,2024-04-29
b2ffadac5afadb1912c2bc151807bd7e,1500.0,2024-04-24
b3047d2b3bc4577b66a127f3d5fa0911,8022.0,2024-04-25
b3085c3df83dd0932aae9a43471bc99d,3526.0,2024-04-29
b30b5b56f55cee66398f553a1dcaee5f,14004.0,2024-04-28
b310fce809ecda0207cc8fd7c0bc47af,10337.0,2024-04-24
b318f1ea5e65818f78ad9d06b52954e1,3815.0,2024-04-26
b31c9b0580ab03277b1d3df0838e0e4c,1976.0,2024-04-27
b31e68ceb4a4fd03b1ef3733cd5af328,3808.0,2024-04-29
b31edbf0076ef56e092e0e7673c1f0c4,3453.0,2024-04-24
b31f1fa46e3cdad3c8a25d4902299862,3357.0,2024-04-29
b328a081150b1084127e977c34e516d2,4557.0,2024-04-28
b32b43be8ac13e687b79981694e0905c,3426.0,2024-04-23
b32b90bb29862339a45ae57c6fd3a158,12547.0,2024-04-24
b32e3b930db6c9f5413405db19cdf2ae,3102.0,2024-04-23
b331002aa030c5f7148360cc1477495d,4771.0,2024-04-27
b33592e5b4eaec2d9c424a80e2a0ae45,10125.0,2024-04-29
b33aabd7fda7f00386328d45efc5002c,7684.0,2024-04-26
b33b79296527fb8669a9e5f2054a241e,3637.0,2024-04-23
b34daf3e63ee738064c2b211e3e3ffd4,6001.0,2024-04-26
b34dda66b1a68e4d04329d5ee1efadba,4647.0,2024-04-23
b34eadf240f87167b60df503c98af6ee,5676.0,2024-04-26
b350cb4c77a9776a9c69f6a970a3fcd0,4028.0,2024-04-27
b352c58d33da85a6bf9baf2cac7af7c9,3690.0,2024-04-29
b357a098b50efcac038ccecb19097474,5476.0,2024-04-23
b358926a430bbbaedd3f2c00521dac9b,8105.0,2024-04-25
b3597fadc86df1fd1046169ba0479c35,4111.0,2024-04-28
b359905cbd9cd20cd3f6cb2d20367bfd,5527.0,2024-04-24
b35b2d4e0aa8e5ad1d5fba2129c817f2,4245.0,2024-04-24
b35b4408a281a5d1188c2eed1fe5d367,4118.0,2024-04-29
b35bbffece6110e6dbdf4b8d2c46651a,3092.0,2024-04-28
b35c15fc2aa5dc56e61dd024acf28875,3051.0,2024-04-26
b36029c16f3e81e74dc47e0e07d11f77,6432.0,2024-04-25
b362ce105f94018a0782336f8928128e,10332.0,2024-04-25
b362effe7f51351e4349b067feef8b0e,4712.0,2024-04-27
b3634f15c1a148c2d738c7c02f52a323,4568.0,2024-04-23
b368b39b4ab38e7d8146cd4696eef671,6310.0,2024-04-26
b36b7eb83d69d5c98b0a5b814e112518,7500.0,2024-04-26
b3708974c2e69b67270d4c5fcca20f37,5033.0,2024-04-29
b37ccad793bc309aa508c9f42183b2f7,2995.0,2024-04-25
b381894b16ca62bdc1eb1f935d641a1f,4471.0,2024-04-28
b38a377af05102ce9854edf0ed131169,2712.0,2024-04-27
b38e61b338afa43e6820c18b97b430c7,7345.0,2024-04-28
b391ff5cc89aac5d4ddce49dd05965c5,5948.0,2024-04-29
b39318250c282477f686298d09ea4a16,5121.0,2024-04-28
b39616e9f0ef588640ebfd394d029e7f,9385.0,2024-04-25
b39731e36779c65c7fe18447fd40d2d7,3197.0,2024-04-29
b39a0e58d04c73dfe08a7cf6744c848f,5059.0,2024-04-23
b39a99a14cb43760cb8cb700279d6cde,4009.0,2024-04-24
b3a34ea82ee7e156d872922772445f3c,8599.0,2024-04-28
b3a57d0fe142ffb64bc367c446ad8c5f,2865.0,2024-04-25
b3a9aa3dd8ff6a14e3c40ad063840a24,3383.0,2024-04-26
b3ab6e7dc13f601f9c073d3724d48e4c,1790.0,2024-04-25
b3af61b09b69b3784daf60f9ac81cc6f,4651.0,2024-04-28
b3b25cf08f707f22523578e18325f027,5058.0,2024-04-29
b3bb6628bbad920c95fa51494e474eff,3568.0,2024-04-28
b3c482101b2acf092d8698c8f975d2d5,7487.0,2024-04-28
b3ca587075e7fc2213bcdd40b41338b4,11176.0,2024-04-27
b3ca76f2e5de14be87df22f63a215c8a,8907.0,2024-04-28
b3cdcb6adf0eb7603269c5b2eba1c44b,12708.0,2024-04-26
b3d215b7060b775b8e09ccc32b0ad8ee,4991.0,2024-04-26
b3d3249289de7e8c85357600cca89ce0,5328.0,2024-04-29
b3d421d188ebd2206ec1a8f3e80c683b,3002.0,2024-04-23
b3d94e460b8e5bb30c86971ec549bdb3,2324.0,2024-04-24
b3d9b77bd7303fa017025ff9e8a438cb,2210.0,2024-04-27
b3da149857589e560f630136101fcd84,2947.0,2024-04-23
b3dd89af80c5ce96c1f51131eb69f5f9,4767.0,2024-04-28
b3debddf9aefc31637026c02e39e0449,6565.0,2024-04-25
b3e3843b390a70e4d5a8bf72c3023ccb,2595.0,2024-04-24
b3e7062f4f7427aa7e0acef6e9fc549e,2972.0,2024-04-26
b3ea795285b05f26d33b462018edd81c,4546.0,2024-04-27
b3ede6f82e221c2043689be4565221c3,2743.0,2024-04-23
b3ee18d663a061fef86c4a94f8ecb306,5176.0,2024-04-27
b3f01dbe1105dadb2340a0d3f81200ad,10570.0,2024-04-29
b3f0244f18cc21ec41707fa9b56f73a4,10653.0,2024-04-26
b3f0ffc2f0b67f06ca9b92689b878970,11020.0,2024-04-28
b3f1712347bc3cfe688c9bc3659a0276,3767.0,2024-04-28
b3f527a26394dca25bf1671bee694bd7,8461.0,2024-04-28
b3fe8074eea42be3f84d6ad6313fce5b,3858.0,2024-04-25
b405c72faef52baf0b3b9339dcec5f91,1849.0,2024-04-29
b406955fc2b65638b0e41ad75dcbf937,6715.0,2024-04-24
b40afcbc9ba966b0c88e845ba7c49456,5818.0,2024-04-27
b413f36ebb48b94a18b2edd9579a6644,11709.0,2024-04-25
b415f88d2f880338b4af01d82b298216,5343.0,2024-04-24
b41802bc6580c0dcde0d24d766498fd3,2361.0,2024-04-24
b4180753425071a934de18d2a6b86987,4943.0,2024-04-28
b41e925833dddd178e1c126046a4009e,3284.0,2024-04-26
b41fef577ebc7ae4af8b4142e592a2f0,6933.0,2024-04-27
b4201560356887f532a68e0d09b2e03c,8413.0,2024-04-26
b42164eae37ed43ced91fb64a82bd021,1886.0,2024-04-25
b4218ec8bbc1ab0632990e4ee9289b73,2059.0,2024-04-24
b4227a54216a24010f478bfd6185b96c,5240.0,2024-04-25
b42527e4b07e194630674af9b2b42e7d,5824.0,2024-04-24
b42612e030ca496df59e47d5e6660507,5770.0,2024-04-29
b428c19b5321ec673f0818ddbf253496,7295.0,2024-04-28
b429e2dc5d8f5f361806e9055b732527,2642.0,2024-04-27
b42a2ebb5e58de7e2df19e837dbf8ada,5409.0,2024-04-27
b433c2b24705d3172e75b3302f146aae,2425.0,2024-04-28
b435cc9f28f7064ddf0c63e354ce7204,5872.0,2024-04-27
b43995401035eaa8023531935e89d262,5731.0,2024-04-29
b43daf57b5db965a0cdcc2b95356ef37,4525.0,2024-04-24
b43f572639bcc886e02e70f966182f7b,6238.0,2024-04-28
b44577a94e69997434545b9aac0bff79,8159.0,2024-04-29
b4483e3587f2b18ee8131438de43540c,1385.0,2024-04-28
b44861c447fdc0f76607558456d2d02e,5369.0,2024-04-25
b44d52af6ca6c4ce95fb88fdaf02f15f,863.0,2024-04-25
b453bdf9eb076ea34cf2b6e297f78638,6964.0,2024-04-25
b454ebbf6214cb2af234d80064329101,7103.0,2024-04-24
b45aa3fe004c59042dbdc414ddba93ab,4995.0,2024-04-24
b45e3c0d80e1ec54ab40b6e5569b1656,4032.0,2024-04-29
b4624a6ac6af85a43cf354ca2b95c5fa,7288.0,2024-04-29
b46b6d2ed14bc510d74386b448a74495,4795.0,2024-04-23
b46c53422f999ff4d2f491966e3474f1,2149.0,2024-04-29
b46d535729db3c212e726f29d67764b9,2372.0,2024-04-24
b46d8006bd6cbed52574029c1772cdee,6269.0,2024-04-26
b46e3a2c79a022e6ea4af9a8e93d4036,6958.0,2024-04-29
b47181e4cc30fcca2616d721a9aa52a0,2865.0,2024-04-25
b47448b41d9b97f78a775c680e7b5afc,4348.0,2024-04-28
b478376c4895fccb56405545dbcb2b5a,4348.0,2024-04-29
b48c6958fe26973fe2bf404344e6a4aa,4883.0,2024-04-23
b4991ee7853906f32dff2f85104b9823,2942.0,2024-04-27
b4a39fabdd81adb4170a127c7837a922,2244.0,2024-04-23
b4a6c102acba2c7efad21d4db208d05d,6696.0,2024-04-24
b4a7834de8e180eab1d23b553c810a65,4099.0,2024-04-24
b4a8067f219e153f4ec2223d9401d0e6,13856.0,2024-04-25
b4a9722e6f510a94d4bb2e62bc1513cc,4790.0,2024-04-25
b4a98a5e6fe38ff5e543434d2981a9ea,10554.0,2024-04-23
b4aa8effab4206c4a804b93573a7630f,5660.0,2024-04-27
b4ab374a5df86a7f8aea2ded193ae86f,2814.0,2024-04-24
b4af440b017b0a3b339f10254014f459,9285.0,2024-04-29
b4b1596adf27ef8bd365eb135303f061,9992.0,2024-04-25
b4b37f9eca6d3ecbf3c1724f039a90bf,2474.0,2024-04-28
b4b48c1403fb3610e9190b4c9192e724,5258.0,2024-04-25
b4b508da4d9ccb1a69efb9fe54ca733e,3379.0,2024-04-29
b4b52b7042aae9cb4389425a9a95cb06,2940.0,2024-04-28
b4be019303ad07669680f380fa5a7694,2799.0,2024-04-26
b4c36ad45ab19fde9b8e85c0a794621b,9025.0,2024-04-28
b4c489b316ac0838e7094906a64be379,5682.0,2024-04-25
b4c4bd74245fe14ee81ee45e3f3bef65,2816.0,2024-04-23
b4c61f5ce5b655652821445f81da80a2,13060.0,2024-04-26
b4cb9c0cc942eec391cf7df849311c5c,2679.0,2024-04-28
b4cc3f74be634fa4f7250fdbf57b9ef4,7468.0,2024-04-29
b4ccc0f4a6db58b83f1e0b3fa0c6fb7a,8635.0,2024-04-26
b4cd87e58040f140fd6af368a84a08ab,1533.0,2024-04-25
b4d121bdeb9aa24ab25d088ddfc5217e,3143.0,2024-04-27
b4d192b00608c766841179643e8a1892,1358.0,2024-04-26
b4d194b67b73d0530680c34bc93cbbdb,8138.0,2024-04-25
b4d4e643215f3ad87dfe3787718b590e,5212.0,2024-04-23
b4de257f5158534e69fe2074064c7957,8008.0,2024-04-25
b4e674b36e34fcbcb8b6d62adbff772e,1485.0,2024-04-26
b4ee5c84f083b327fa2902f102b3de2b,2837.0,2024-04-27
b4f0d7ff255ace4e12c7ca2a4247c3ff,3665.0,2024-04-25
b4f1af75bc704490cb26a4d70e4d3917,2903.0,2024-04-27
b4f2075137a17537d6d2609fcf0d4f8d,5154.0,2024-04-23
b4f3e135c69b6e39ebbf0ba5da388183,4311.0,2024-04-28
b4f40eb2bbddab22055de90ce5edceb8,4739.0,2024-04-26
b4f519989ca9f18bf905307152d14b0f,5586.0,2024-04-25
b4f6ca931c75cee3eb5c5050a593e627,5751.0,2024-04-25
b4f710f0c4c7eb1f205cdf9849612b9e,5117.0,2024-04-25
b4fc05247646b23289d70b2168bdd5a0,4918.0,2024-04-29
b4fdfb5e7b809fc6bfad52d4493d4b2a,1482.0,2024-04-27
b5040c715456557bd6899b2754cf28e7,2747.0,2024-04-23
b5045beb2779db3a4f3693e201f9fbc8,5892.0,2024-04-24
b50804067c1f14aa063342ef81385cd2,3326.0,2024-04-28
b508eef098dcb7bbc072add85e85de40,2920.0,2024-04-29
b50caf1493157e4cffc6e2bd9e1452d8,3649.0,2024-04-23
b513981b676a0119bcf639b53b5b4d60,1086.0,2024-04-28
b5144dbdfb34005f3b10272184303f95,4251.0,2024-04-27
b51689c9b1eacbebf3f120a29ee7ed92,3482.0,2024-04-24
b517f8c2207cc10f4aa5f2b87168110f,12279.0,2024-04-23
b51eb5156aa0f35fa561572448620960,6268.0,2024-04-29
b523138a39cf73cc608521257c4e2600,5131.0,2024-04-29
b5242f4659407b77f5acfdf79cf717fa,11170.0,2024-04-27
b525dc695456a451e613f69b7c2bea35,4638.0,2024-04-26
b52a6143ecb9a6245bf911e39f3c9599,2515.0,2024-04-27
b52b7071d85be540480d11d9d6f97e90,3082.0,2024-04-25
b52b7d10546747e81efe7a637d2a894b,3989.0,2024-04-29
b52bcb95fdb7ee223b7098a5b9979b45,7735.0,2024-04-26
b52d74917e0d171021a4f0d086d846b7,7172.0,2024-04-28
b530d9bf9737753de90107c53124e63d,2289.0,2024-04-25
b5333cb1392e8b9fe458e8cc47648bb2,6138.0,2024-04-29
b53432bc0aca27219a450cef9d997d0a,4924.0,2024-04-29
b535257628608d108eb31064c8907d97,4401.0,2024-04-27
b53544cec34db7c3b4e25d05a00826e3,2743.0,2024-04-23
b53dc176f3d9dc7aad7a5eade218b9ab,5771.0,2024-04-23
b53dedda03cb9d494992393a3bc89004,4750.0,2024-04-23
b53f76bc343dc57bb627b4c31567b963,6646.0,2024-04-26
b54e924687b31e624dec4d203a50c30f,6463.0,2024-04-28
b550faa58d731711aace5347c30f1d04,5937.0,2024-04-28
b55345972233f12a5abd7f29eb01adab,7389.0,2024-04-27
b5534a19e72877eb219df149cc079802,5746.0,2024-04-27
b555dd3401a49364ef79e9dd42e99a92,9261.0,2024-04-28
b55785a0536a427c183b196e98689d48,2027.0,2024-04-23
b5583a082231f4afe2f760ff1c509711,5895.0,2024-04-27
b558690d15f7a3cd0f9cda05b944af15,3612.0,2024-04-28
b5599e273bf1c33b8c71ef689c10ecdd,5367.0,2024-04-29
b559b34b36d4c7fcbf2722592cb2e775,3166.0,2024-04-25
b559fee9a3dcf9882e436400e0d1e3f8,10903.0,2024-04-25
b55f005a7bdce008c7bb38c1453340ce,9252.0,2024-04-28
b564713a23765aa174383602de89aa75,5722.0,2024-04-23
b5656af64b8c2e9f996dde8c3a720224,2694.0,2024-04-24
b56a4a002ce1ed0513c41ed004abe1a7,4971.0,2024-04-28
b5710680444127deaadf07aacda22c95,6933.0,2024-04-26
b57668e65466d69bda1963b488089d39,8538.0,2024-04-23
b582d0fdd6eacc35fb7603649de029f2,2373.0,2024-04-26
b58bc959e84529f7d7189c3c7e320c42,6831.0,2024-04-23
b58bdc36cbc6ca76a47891b88f5fd6bc,3530.0,2024-04-28
b58fb5857007167dfb008a71b7f0cbaf,4568.0,2024-04-24
b59367c3985be1aec1120eb97b20e0b2,3473.0,2024-04-24
b598208f6fe10b536cc35bb1f98b24e2,4622.0,2024-04-23
b599cee2304725720986661d21f54e41,7200.0,2024-04-26
b5a1add48567c362bd6b0ca17be0efbf,2502.0,2024-04-24
b5a25394e3eeb2ae9f26ec2ea08a9493,6080.0,2024-04-24
b5a3d22789178993bfcca0e8dd42463b,8323.0,2024-04-24
b5a66c886d977bcef8002be5bb9f0b11,9296.0,2024-04-24
b5a99e5fc2bb6a856fce3cbc315a9382,7289.0,2024-04-29
b5ae1ed9aa667316aa64178a4512a14e,3381.0,2024-04-28
b5b21ba8c0c075f4e5a82fe7d5558fe2,10002.0,2024-04-29
b5b5cab968cbde272a62a843fb3be757,3100.0,2024-04-28
b5ba6b8810c2d3038b0f8d45c1d268c5,5297.0,2024-04-24
b5bf88077b6a8aff76fe8a583603b400,6602.0,2024-04-24
b5c23e3ccb452669e90c72ba69a68ed2,4000.0,2024-04-23
b5c9bbb8acfa632ac25c6680c1b244ce,6520.0,2024-04-28
b5caf422ed712c4a1ac240815727ba75,7827.0,2024-04-28
b5ce12aae4e8a4d822b9c33f53b97f7c,8448.0,2024-04-29
b5cf20848dc4519eea3c62e87b0f41f5,2197.0,2024-04-29
b5d2c740684da63dfeb6f02c3f38a492,3667.0,2024-04-27
b5d7046e410f706aa507de33a11dd3f5,5511.0,2024-04-23
b5d795d439920aa216d0d7d767f78d38,7261.0,2024-04-24
b5dbc829bd7a374af9730b6b8c3a7b42,2889.0,2024-04-23
b5dcf76a10acfd2226386753ce151854,6035.0,2024-04-26
b5dfc41a8f97a5eb200deeded75f45a0,2869.0,2024-04-25
b5e068f83301366fe5cb900b696aeca4,7117.0,2024-04-28
b5eb9289aaca8054daeb4d8b745c3e22,5072.0,2024-04-24
b5ecb51f737a9068443d57eaff4a3e60,2170.0,2024-04-24
b5ef80f88a0201e388b547686509b6f2,5375.0,2024-04-26
b5f07588d84585ac5095be22b45bc4f1,4345.0,2024-04-28
b5f313b40074172de66dd85db953ba67,7012.0,2024-04-28
b6037629c2f67a36b4b2188435ee4c59,4960.0,2024-04-23
b60e9b2d38d44d74492b7af8106c237f,5246.0,2024-04-25
b6131297dd398d107a7da08f85037f48,5624.0,2024-04-24
b61a7588e089abc2c7e506474b042c66,6892.0,2024-04-23
b61c7978f9ef87acd40b289d1fd6e37f,4107.0,2024-04-27
b6247565f0921084b34042cbc43ca664,5863.0,2024-04-25
b626a9334e2d1cd824a9f0321818e74c,6550.0,2024-04-24
b62ad77cfe8fcf7fc3cf7c099954914e,7205.0,2024-04-25
b62b16678f4ad8168031d6b2f8639300,8477.0,2024-04-25
b62fc7e9e01dca1e68f58b981ea3a38f,4215.0,2024-04-23
b636b42beca3306736ad0c43770331cc,1678.0,2024-04-29
b637da27d2959964f777b838591a3eee,7393.0,2024-04-29
b6391ae167750f29f26c33ba97b8026c,2782.0,2024-04-25
b63f906327536f952e83e774b9822f26,9949.0,2024-04-26
b6411836bf1db07c6590e0a35c631384,4938.0,2024-04-24
b6521aeef0a9cdb2a988c306f2d2a00e,5472.0,2024-04-25
b65c0c9c066d6e096fd0566a0bbf9d88,6091.0,2024-04-27
b66136b7595a5a378c817ef5937e51e9,2951.0,2024-04-27
b665673a5b75bb184285c1a111de3192,3443.0,2024-04-28
b6657a23a6d8cfdfcf3cd9ebc7fcd545,4708.0,2024-04-25
b66e6306176808b62f4212014950e5f1,5049.0,2024-04-29
b66fc84ffe7d790146de9bde96908034,5538.0,2024-04-27
b67c04ac6da93adbdf70743a840d9c62,8869.0,2024-04-24
b67db7e5b213404c95c472fb5791b772,1233.0,2024-04-26
b6821f7d20e33eede05ec3165efe4e4a,6304.0,2024-04-27
b68b2cfe2f6f917c75554863b3cf1442,12609.0,2024-04-27
b68c69a28de316698220418ec6c161e9,3756.0,2024-04-28
b6919f90ab084c129bce4b32c43c5317,9093.0,2024-04-23
b6941bf76a652e8650d6d782d608133d,6026.0,2024-04-28
b694ee038f587ca4e89f409680d4e513,6198.0,2024-04-27
b6997e5c8b7a14628089e3f040b956ac,5633.0,2024-04-29
b69e525e835555702b370245dbbded78,3462.0,2024-04-24
b6a10dc98c763b22663ed4fa4d29f8c6,4384.0,2024-04-24
b6a32c26e8b17631e349e49f71b77a02,966.0,2024-04-24
b6a5e963ffd6fa160759f3a06a3b20cd,3868.0,2024-04-28
b6a64ffd6eab19b5fbac708ab437fcb5,8833.0,2024-04-26
b6a81a6a51129c62ba75d0fb1afe2ada,10545.0,2024-04-27
b6ac8e344eb3026a6edc98e64b69217f,5109.0,2024-04-29
b6afd3218ccf6991af476d80c6c43623,3181.0,2024-04-23
b6b79c0ab44cc720f3efa40a5cb703e4,1643.0,2024-04-23
b6beaebafa99cf343fb7d44b708aef70,9145.0,2024-04-28
b6c0016cc4452016e2331637c798809f,3410.0,2024-04-29
b6c0d47fe98958799135e82733f42e75,9468.0,2024-04-25
b6c2a872c2d6cd3f9c8ee4df85b3e15f,4790.0,2024-04-25
b6c590baed1a73068e9675b1358020fb,9815.0,2024-04-27
b6c6672a41a3c0884a431b249bdac980,8869.0,2024-04-28
b6c944762de587e7b7703d98eebf4641,11023.0,2024-04-26
b6c95faf155d9f86b7af41b10f02e5bc,3610.0,2024-04-24
b6ca3de11c17f87b65d7614ff2b75b5a,7839.0,2024-04-28
b6ca482673f67526a889f59af1b9dd32,6165.0,2024-04-27
b6cc949f52fcfc2c8f3dfd155472cbd6,3645.0,2024-04-23
b6cde192330679030ab0d3c52d5c2c7b,6214.0,2024-04-27
b6cf56e3ec03077d1d0af8d377e028bb,4437.0,2024-04-28
b6cf70b2c4f7ac7e187e117bc77d0a0c,3636.0,2024-04-24
b6d319ec72f9ef1d5221acd7d9d9aa08,5243.0,2024-04-28
b6d89615bd94f20cb5d2ccfbe37a94da,9587.0,2024-04-27
b6dd60bea64c3f6db3b6b16bbf01e52f,6381.0,2024-04-28
b6de4c44d9179cf6840da44c9b9dc03f,5323.0,2024-04-27
b6e04820e3d8d7d0bd171ae1151d59b1,2422.0,2024-04-24
b6e71f798f8dd4de172121d84c95ae1a,5420.0,2024-04-23
b6f311be0af39ec0566fdb6bc097878c,12926.0,2024-04-24
b6f353365ff6609a2f491af603a395ce,6276.0,2024-04-24
b6f82d26ee7672c73770feb66d004de4,3790.0,2024-04-27
b70177331fced95e656e366e73739bef,9398.0,2024-04-26
b70fd8c2095110e9c56e62254e82591f,5244.0,2024-04-26
b71ea049a21b4348c6d3a99bd4abb288,4516.0,2024-04-26
b71fdd794940e4ead1bc1742091e5fe9,3404.0,2024-04-23
b728e294100ee293e8ee4d739f632004,3297.0,2024-04-29
b72becebe1d7e0e46ddfd32b2451768c,3353.0,2024-04-27
b72c4b71e970ec22542f927f1318034d,4394.0,2024-04-25
b73d63b4e1ceb46df3b572deb82363ea,3591.0,2024-04-25
b746c0928391c549b3a8e022c5ef0971,6309.0,2024-04-28
b749b25dae5483b4d74dc48bb3363c25,4841.0,2024-04-29
b74b09e450472f9c2e4b3f4aeb92d8ec,1265.0,2024-04-23
b74bbc940b7e910934861f30769f4ecf,6811.0,2024-04-23
b74ca3324a1581edfac9362520b0afd5,2159.0,2024-04-28
b74dd46872738ef86d22a5634ad34244,4357.0,2024-04-26
b74f5ac5ac86d8d006de03aad2b7dada,5956.0,2024-04-25
b7549f55d9f2aefb784f89a608470f2b,3799.0,2024-04-24
b75960dda48061823ca9cc09bfa6adbb,6531.0,2024-04-25
b75f1eb9ce6dcbc95f7744b3082aa11b,3718.0,2024-04-27
b768235996008bce7c33d5ebc783c208,7559.0,2024-04-23
b769d3d69cb4bc4ad64fcc98fa74c9f6,10856.0,2024-04-27
b769d6521ec2667ca38f6676ee103fb6,3427.0,2024-04-26
b76ad2b2bad0db4d74f7eff64a2b2836,6613.0,2024-04-27
b76b33ea93bc18570633540cbd8605c1,7884.0,2024-04-29
b76e787b561c853e0c4334171baa019e,5322.0,2024-04-27
b76f231c361f210f0cddea31a7f8e602,4765.0,2024-04-27
b7748964079e0685d8a80998cec96429,7008.0,2024-04-27
b782a0cde709044d30bbe2e54b79a149,5225.0,2024-04-26
b787515e1d5e422d66a664c9bb26ba23,6972.0,2024-04-25
b792ae8fd9d9b3ce3c64b3afc10b6f77,1687.0,2024-04-25
b794f9bec09c3e7cd3327a7125224bb3,4358.0,2024-04-28
b79aa207f38616546505790800156a00,4778.0,2024-04-24
b7a274799833a59475b037512814dc3d,5414.0,2024-04-23
b7abf7743721179535623227021d7023,3336.0,2024-04-24
b7ac41455c96943ffbca7825515f9863,8046.0,2024-04-27
b7b894511b93ed8896d2f26eaefed38c,4239.0,2024-04-25
b7be46dcdaed88200d5803ec7cfff9dd,5385.0,2024-04-26
b7be4870cfa0c39200c13dc4028cbdcf,2216.0,2024-04-29
b7c4edb76229bca1b7272ee5908c1751,4794.0,2024-04-28
b7c5c01c3a34d3db61cb8fd54d8877e0,3837.0,2024-04-28
b7c7a8e87e506bcb688882b90893f83b,3514.0,2024-04-29
b7cb0d513e0f3fdd413baaefb2dd2f28,3892.0,2024-04-25
b7cd2ceff4459c805b9a32fa87fd5aaf,5070.0,2024-04-29
b7d37368b162b4d7acaa465a426be5a2,4979.0,2024-04-26
b7dbd53fc5ca9e4de2298e88ec4c1e9c,5125.0,2024-04-27
b7dd2d8b033a1f420db953277c6910b3,2395.0,2024-04-23
b7dd8a5ff6bb8dd070214e497e9dc180,4552.0,2024-04-25
b7de641f87fa7f572345372ee9269815,8617.0,2024-04-23
b7e63148beb724a4edaad41fd973b42f,3990.0,2024-04-28
b7e9adfd49c85278785bf3775fde9f03,2278.0,2024-04-26
b7ed192d58e30f32e20a5c5436eaf3f8,2695.0,2024-04-26
b7f50a84e700954cc8f7e54f5809d596,4693.0,2024-04-25
b8012cd1c447651438201bbcbb176a8a,6715.0,2024-04-26
b804724cca365b6ff9033e18d3ee94cf,7919.0,2024-04-26
b805bb0d716e29b1a4fe09ea766fc993,6066.0,2024-04-23
b8075117137d9d0817ac7ff11e8eb5d3,2973.0,2024-04-28
b807e2968e09dffb4fc6dcdd614fa21b,5321.0,2024-04-28
b80821d430b6e112a932ecd15c8b42d5,4291.0,2024-04-28
b80987abb7cf2d3b91b1e6e36b76bf26,791.0,2024-04-26
b80bb0756bda1bdbe7eb5e3f04972928,4016.0,2024-04-26
b80c4581ef03a150ced6248fc640247a,2961.0,2024-04-28
b810531ccb8b3ff406065c846b9efe90,3473.0,2024-04-27
b812d0451052c8fa3e40ba0b146d39f1,6638.0,2024-04-29
b8182fefaac4cdb9f6955179a210a566,7861.0,2024-04-26
b81b383aaf2f06c74f8792b7690cb4bb,4822.0,2024-04-26
b82029a6f6e2595dded4cb1e09c6f6eb,2730.0,2024-04-26
b820760f7a084ac6c10d95fc49c46ac2,11283.0,2024-04-28
b820e10ea85691f3e2e6b25944f75859,8422.0,2024-04-26
b821dc32a36152c81c0ded7a3aa975c3,4034.0,2024-04-23
b823f78afacc79441e74dfcda13fc456,4323.0,2024-04-27
b8295d9cd2b5b809a9e0a8cfa4ff79b1,4451.0,2024-04-23
b82ce587a0352028a87cbed1b7d0ed2a,4695.0,2024-04-24
b834ff95dc83b832e150ec843d4e0251,10915.0,2024-04-23
b837eb3dcee1c0324524d163eaddbf23,4666.0,2024-04-27
b839c9cbb87e4f979aca8dd8d85ac22d,5580.0,2024-04-23
b839d1697e1d708b422ded31aa5f1943,5013.0,2024-04-26
b83aaa51558212872ed01d2c7b19d3da,3964.0,2024-04-26
b83b81f62fcc17ab0939f673e94f95d3,2969.0,2024-04-25
b83c1e1c9cd2462332bd0e8b9bb1eea5,6104.0,2024-04-28
b83d2913da4d1d21f27c2023d9434aef,7840.0,2024-04-29
b8410468af114eb351ce1add623739a8,3072.0,2024-04-26
b841fe49056c70292af69bfe0872a0e1,7342.0,2024-04-26
b8491d7944c9265cc1f27fcc54b47d7c,7634.0,2024-04-29
b84c1f1c94b87f20c8174ca3c3711257,4569.0,2024-04-26
b858dd7f1f15ef83a6e7c100f5fda964,10181.0,2024-04-29
b85a1de1184aa8c0911e73aaff5b93d6,8668.0,2024-04-26
b85c0f61ba888ede3de40a5d01a6a1c0,4698.0,2024-04-25
b85e34ee8055a06af7b41c4ca9866b96,5237.0,2024-04-24
b862e9caa5a8caa0c3b9b7d2a004de95,11076.0,2024-04-24
b863c24a8b435156b4e3cf185835e350,2622.0,2024-04-23
b86c6fd0ffc8e05ef62184886a50d0d7,5793.0,2024-04-25
b8736b3f46155e4f46a6581d44ecd0a6,3638.0,2024-04-27
b8740d29f3e230b2dd07f0b8def5e487,4493.0,2024-04-26
b874ec3faa63124d53f9afebd07c414c,7086.0,2024-04-29
b877dff51e41a7e8b90f95575cf6be80,2572.0,2024-04-28
b879ae63928b948573eca87a0c1e63b9,6348.0,2024-04-25
b87ddb8b21cbb1f8b4dc671cb8315a4c,1914.0,2024-04-26
b881637bab844e33685a9164d242e008,5894.0,2024-04-27
b88572692d722116e66e65121da8ee53,2608.0,2024-04-27
b886db388a2435494506270a08fd7395,6873.0,2024-04-28
b8895b5245a2ee8b0c15683556b69d48,8384.0,2024-04-26
b8980f86f3223dd1520ac84d3f0b5b67,2168.0,2024-04-23
b89b77209645dbb6a47e5e4a6bdd33f3,8681.0,2024-04-29
b89e744df14256d917dd664b79749427,4396.0,2024-04-26
b89fea81ebe9708941b30eec82336c08,2251.0,2024-04-29
b8a213c209f0af6d83eb802f6f32fa38,3882.0,2024-04-28
b8a4ec3d9fef17d7c9035dac9235129f,8287.0,2024-04-26
b8a5f9d9a8ed51e68d34131f237c86f3,3824.0,2024-04-26
b8a782dc08cee1529003518e3e0999cb,5961.0,2024-04-25
b8a800f7f5d2b473dd1005cd45a8c0b9,4266.0,2024-04-27
b8a89dc653a4635a62e541458fa4eca0,4799.0,2024-04-27
b8b03ca39324975faad14da9ad73ad13,1293.0,2024-04-23
b8bde3cd0513eccfa89190db4327561e,4285.0,2024-04-29
b8bf7b85e83ea4b4ecd362825f1c9a0b,2465.0,2024-04-28
b8c10419e13ed829809ecdd0950b234d,4843.0,2024-04-29
b8c83b01ca58d3e58adf5c13f82ca6ee,6036.0,2024-04-25
b8ca8bc1aed63782cbc1f6a5f6f8b4cd,4827.0,2024-04-23
b8cab88ee576f029ff2e7a14f8bf6a59,4612.0,2024-04-26
b8ccd08cee8014e7a547ad219f1f1091,5469.0,2024-04-23
b8cced43ce5d987936372f84d7893948,4945.0,2024-04-23
b8ce44a9a23978da4e259e0fe4806873,5332.0,2024-04-23
b8cf3e3763a73d6a64293d873b080aca,14545.0,2024-04-27
b8cfa88f1527eb6e89ec68908afa2612,2989.0,2024-04-29
b8d10d7f9951c7b95981b2c70a3ddf75,5278.0,2024-04-27
b8d3c7fb5bc5ef9093904fb5267db410,7894.0,2024-04-26
b8d74c907bc022aafd98c660da10f728,3710.0,2024-04-26
b8db76dfbe479a6538aebc9e6919791a,1484.0,2024-04-26
b8f162ebe1f184d9136d40632d310b12,4988.0,2024-04-29
b8f22f2a885fbe9482d4002af45218dc,5027.0,2024-04-29
b8f3830bf4d4c92a4ab8e160541556ca,7731.0,2024-04-24
b8f5db1867e819a9d6e96a11727471e2,8484.0,2024-04-26
b8f850ba356ad43a5b5004790500cc6b,4050.0,2024-04-28
b8fa731bfc43dd2456f7bd162e3abec5,6004.0,2024-04-23
b8fa9d591a09eef812a0cf8aa0bd58f8,3575.0,2024-04-29
b90d8fad907009122f0fd8a66e5d70d1,3688.0,2024-04-27
b915b25bba4b5adc4de15d43e2799b88,10041.0,2024-04-24
b915f63aa189ee18bf5b678c13de1b92,5499.0,2024-04-27
b919b3fac840fff27435a7e1290bc8cb,10451.0,2024-04-28
b91b942445fba9dc6dd4440fe8a41f53,7640.0,2024-04-24
b91da5f58c332076968d785b095b4ad3,14230.0,2024-04-24
b91e13fa994bc2fe1f37851d02fee965,7545.0,2024-04-27
b91e191e6751e9834440e7326b407b23,7503.0,2024-04-27
b91ef739470a122ac175dde71363dfb2,3365.0,2024-04-28
b925155bac8ab9dd327e6f546b91a22a,6036.0,2024-04-25
b926af68a20e226177c0df30be7bb68f,8870.0,2024-04-25
b928f2f586483f098d424f46a2903f04,12128.0,2024-04-29
b92b6365b71bc0fada45b0fd259daea8,5851.0,2024-04-26
b92efa8fb7c417a9cc344c61bb460e3d,7726.0,2024-04-28
b932138a8ce697f5c7ec4de02f6b936d,8421.0,2024-04-24
b93233564ce309d758c2586615f3065e,1331.0,2024-04-25
b9357ea0cd507c3d0482efd58a241f47,6405.0,2024-04-28
b93cd8372c182163c49f0070a6e9dedc,7869.0,2024-04-23
b93dd6257199b4b29380e371d8a263b4,2928.0,2024-04-28
b9432df4160d40cec36de3362f33bd78,3049.0,2024-04-28
b94971b03c4669d53ed244c438637c8a,2819.0,2024-04-23
b94ab7d2cc7002d6b7440e34ba3a4649,10215.0,2024-04-24
b9599e1458a8eaa52190812c435ddca3,3515.0,2024-04-28
b959b9e752655b3cc2943fc7cb3f9ea8,2523.0,2024-04-29
b95b0eed2cd47dc92ed1e1d354446ed4,3326.0,2024-04-24
b95d51c7c2a4e06c64aae421b6141441,5616.0,2024-04-25
b95fdb5e6b73574dedd7ce2a0b12506b,5699.0,2024-04-28
b960455d6b77c0513f4ef5a7ff9001e8,7253.0,2024-04-26
b963836179666de050cff96399d86590,5265.0,2024-04-24
b9683dc6bc2121e20bf6bcf0ff728b7f,4188.0,2024-04-27
b96a6fb6e3c2c889d70639e722b65371,16390.0,2024-04-27
b96cc2d3b5ecd552f0898a0adb9741c0,2870.0,2024-04-28
b97011edf7dc787224839c3e3d0f010c,3456.0,2024-04-28
b9708cc7b4a964abcb0fd21eac7b8d53,6518.0,2024-04-27
b972320acbedb38672dc03825d9fefdd,4174.0,2024-04-25
b97abfb8903310f87d51974fc9904193,3861.0,2024-04-27
b97fbc6a073f571210b85e73179edd06,4348.0,2024-04-29
b985bad52472984224bd23f3e931b1c1,4408.0,2024-04-29
b98614ea775275c9a7a1b3c2355d5433,9359.0,2024-04-26
b98a30d378b9e6795bd422ac0af35c56,5697.0,2024-04-28
b990f7eb8cf2b2cc773713bcc49a8cf3,3224.0,2024-04-27
b99371f31305903fc8f6e50b6daf1591,3875.0,2024-04-29
b9953734e6ff167b4fd2ff820fa4ecad,5364.0,2024-04-25
b995b80770842ec8bd0bf348d98a4924,6474.0,2024-04-28
b99c8efa41cc453eb6642feb2f5a66a9,3093.0,2024-04-24
b99dd487fa0295ecdf82511645e1b6f1,4415.0,2024-04-25
b9a33c1445552def67326c458d92a244,8670.0,2024-04-27
b9a4eba2d511d45f40f4d93488b9d23f,6345.0,2024-04-26
b9a64919247ce186ec6cc9129dbf2375,2930.0,2024-04-27
b9a7acb928b89e9937a0850c2ddd3fb6,7053.0,2024-04-23
b9a94377f789ecf9edcb2fff3289c1c6,12692.0,2024-04-24
b9ae3c2c3aad852617f344b5a30f029d,4576.0,2024-04-28
b9b03068e40336e72e211ebe8cb1eb08,10440.0,2024-04-29
b9bc6e3703244f9ceea0f7c07a6debbf,9543.0,2024-04-25
b9c2e610cca9df21e4b53b16ae9c0d58,6619.0,2024-04-29
b9c38581bc0f38219ca3a6d573bd1d42,2328.0,2024-04-26
b9c3e5d05e0ff639b26808d6389d7bc1,4832.0,2024-04-25
b9c45a99f9d53795627696fab3b96c54,2491.0,2024-04-23
b9c84d67008ed74e7dd64db09619d667,6454.0,2024-04-28
b9c85b5ee9cfc199290014a1045cacaa,5888.0,2024-04-26
b9ca0ae3edddb06d6b08fd1a5c804e39,3762.0,2024-04-23
b9cc6def11dd9c6475fc263a6eeebd3c,3650.0,2024-04-23
b9cd1a2e33e60ea84b9352a897d75b40,5884.0,2024-04-23
b9d075c3ac3ebfdb985f76a3d413564a,4054.0,2024-04-24
b9d0df5b3cfde0343addef53acb97879,4921.0,2024-04-25
b9da7bc2b01bcedf63fbcabae54928fd,8120.0,2024-04-27
b9df7257e16a74dc1b4fafb9db456f9a,2201.0,2024-04-25
b9e3013038d7f6e78ef4f9008f536118,4148.0,2024-04-23
b9e326a106a7da7f691b5e24a3444428,3198.0,2024-04-26
b9e7ebda40b8159d54bfff4c19bef4a5,6457.0,2024-04-23
b9ea208b18f90aa91872d9d073c6f9d4,5899.0,2024-04-29
b9ea4d3d885cd5910dc067c3f166df36,7228.0,2024-04-25
b9f78e5ae2adf93503406b7225829237,8090.0,2024-04-26
b9fa3d2ad450b589c23ebaea0bd8a130,7979.0,2024-04-24
ba023f676881cbb6b003d375fadbead2,7719.0,2024-04-27
ba025a804f2f852188032d5b6de6e538,8442.0,2024-04-23
ba070bc1e34d298e49978968f8fe5d8e,3974.0,2024-04-28
ba0ad28e5e872296b46c9d75981cd0bf,5045.0,2024-04-23
ba0b214b8f055003e8cae613bb031d75,2954.0,2024-04-27
ba0cea31ca60663637b3e55a2d4e3bd1,4110.0,2024-04-23
ba10012e4ffbc0cee51740d9fff489a7,5700.0,2024-04-25
ba10270574375852a544bec47bff2c03,6345.0,2024-04-29
ba11bebd08ec24fe9d66f247f910266b,9886.0,2024-04-26
ba14ce9d851b53208f3930d7e6b708a8,8519.0,2024-04-27
ba1af0ca554fbd3286b8a119ba51b33b,9119.0,2024-04-23
ba21576aee0864655554ebf99bf77526,3293.0,2024-04-26
ba23f74a46c55e13701b79b9fe2205a6,5531.0,2024-04-23
ba27330c2a2725ebf5f27b1000971c0a,4643.0,2024-04-28
ba2734324673cffc76d6609b3bf18826,3956.0,2024-04-24
ba2748680398e69b56d9890dc70d5f64,10802.0,2024-04-23
ba28719bf3872c52ae781dfcf647a76b,3123.0,2024-04-26
ba37067e03b933509c9102d571d7c877,3007.0,2024-04-24
ba3be51c4517e6b6f2fc61e0b503b309,5720.0,2024-04-26
ba4d3e7343ae3801e4aa1cf6a60a7a7a,3900.0,2024-04-25
ba4e836120d168f35c78d402b2a5df34,10281.0,2024-04-27
ba5ac45b86766278bc9cc4eb4a0e701f,3131.0,2024-04-28
ba5f8f5ab5e68d37bf68a788af45d61c,4027.0,2024-04-27
ba637b727d898a05074d283966d9c67e,5768.0,2024-04-27
ba67b9f05d325951bf20f58ef21bdebd,8037.0,2024-04-26
ba69875a0ae0556f6565cc799b7c4bfe,6283.0,2024-04-25
ba701ee04e4a2aeb65d6bba4189dc53e,5331.0,2024-04-29
ba732ead812a5b2b0d10aa6f41cdd849,3912.0,2024-04-29
ba75ea6d4db36f08137aad6c823d03a7,9160.0,2024-04-24
ba768603cfdaacbf36f4b28ccf12eda6,4504.0,2024-04-28
ba79d5203bc15cd81c8d2c10668633c3,5538.0,2024-04-28
ba7c495dc9618b43a5c6ad8c755a3403,4114.0,2024-04-24
ba857c0faebb471a9b5b313b2023f9f7,6639.0,2024-04-23
ba8800e3cf35a989506c7888c0951563,5150.0,2024-04-29
ba897ba3fe7763176f6fdf6e704075d9,7957.0,2024-04-29
ba8f75e7e2a8f2079b8d181016e01574,2821.0,2024-04-26
ba9d5123e0238f7ec9dea8d853db7336,12301.0,2024-04-23
ba9d7908f1e1160a08329ce1cb517fb3,2908.0,2024-04-23
ba9fdc24674a0521dc55d2386c331841,3406.0,2024-04-25
baa51e82e1ed0b7871403cec0606c8fa,6881.0,2024-04-29
baa80d0ed299806c56319a2b9672bd6e,4852.0,2024-04-23
bab04749e97e3eb78fe5fb6736ae30ac,6326.0,2024-04-23
bab1e9300412132e645aca123c41e81c,4282.0,2024-04-28
bab7c9f9dae062c1f63c21a15a05b69e,4469.0,2024-04-25
babcb21f59836aa85cdf76215c87a4a6,3916.0,2024-04-27
babd90c2c8a30cc45f425713b3b42840,5108.0,2024-04-24
bacfdf910f5dddcf6acbedf6e62ed473,4879.0,2024-04-29
bad0003f369b45be4bd3f3e6013fdd6a,8049.0,2024-04-23
bad0030805a07cb372a777a00c6401d5,11650.0,2024-04-27
bad447ad11ce3a5b5878146cac67de41,4660.0,2024-04-23
badb3d15dc41de4434b26c6527b386d8,4914.0,2024-04-23
badfbbfe96c6e3f860734563fe4bd190,4204.0,2024-04-28
bae19197ac0faedcb148639baf137f9d,4646.0,2024-04-26
bae2a9d3d42be953bb1ae3c5605d568b,8903.0,2024-04-23
bae98428c9802ed553b1ae80e9242269,4414.0,2024-04-28
baf51c9778455c72366e9c1220bea773,3854.0,2024-04-29
baf84f5c7f3b4368ca152aa21ad08463,4965.0,2024-04-27
baf87572b9ed86adc083ead70a48a8e9,7040.0,2024-04-26
bafcc17ef1aafab615ff8c56020db715,2918.0,2024-04-25
bafed73f4d3201a129b12f725354dc4e,4363.0,2024-04-27
bb03536761a173c95eca432f094df3b2,3808.0,2024-04-23
bb07f514e41b7685a705cbd48242cf32,3261.0,2024-04-26
bb0a9a2ec5bd7e9eb39095552047601e,4068.0,2024-04-26
bb0fc844780aa00fc9e0233eaf2d37c7,12518.0,2024-04-27
bb10f1fa3362b20c538a5372fd180ced,3622.0,2024-04-29
bb13a073b847ce22b5f9acf39892decf,6003.0,2024-04-29
bb17320f8669fe6dd6503880e22ca04d,7536.0,2024-04-27
bb1fad8fda58c3e70178fb14ae6ec6e0,1404.0,2024-04-28
bb20f9b5d6016d1095d9b322e7c7adb8,9228.0,2024-04-24
bb214b0e5e4504e8d646e706c1448cb2,3077.0,2024-04-26
bb2427b801710e04e9c8975b2a2038a1,6883.0,2024-04-23
bb294a51960bb3213ad68a4762f7dcde,1424.0,2024-04-25
bb2993429960a39b0c2339ed56d6a019,9842.0,2024-04-28
bb29d3e55143e2527746280556ae50d0,4711.0,2024-04-29
bb3106e46035a22c410415e4524e71de,3673.0,2024-04-28
bb31fb1397944346d4b84fe774458dab,9507.0,2024-04-25
bb36af167b028804cab3202cb549983c,12415.0,2024-04-24
bb3bfdcef81cbe1aaffdc887dc7707ae,7871.0,2024-04-26
bb3c40eb87a0f454a9e291b5d2af27f0,5350.0,2024-04-29
bb3cf957c98ddb35a42213f2a4a786d3,14313.0,2024-04-27
bb3e050cb94a82d8a3fdac0d8fb112ae,5425.0,2024-04-26
bb3ea6d0cc9f77d36cc97d1003bcfd7e,7423.0,2024-04-23
bb40c14f2da1ebad70c9f2aa554a9d00,4919.0,2024-04-29
bb53a807a43b553dd02440073d0c7162,7318.0,2024-04-25
bb5427f9ddcb70e42f0811eada84d02a,2692.0,2024-04-24
bb565f38b901d97c5cac733618afe738,5887.0,2024-04-28
bb58a4500a3921cc3e3ecda4214a5608,995.0,2024-04-24
bb58e842190e22c961b822d4d5aba301,2668.0,2024-04-25
bb5b7693f5ea2224f1a74781693f2247,5590.0,2024-04-28
bb6445bf9cce76b25af4b4f457378480,7904.0,2024-04-29
bb64d531c9607549c5ddb1069616d4de,7601.0,2024-04-25
bb6cf1b6c3198cbe89204aca3f3c740f,5114.0,2024-04-28
bb6e458c5966f83e80d985251934f11c,5902.0,2024-04-25
bb730c07875740c0533f3d51840a53b7,6838.0,2024-04-28
bb732e500f7c54d63e0288921775c803,11992.0,2024-04-23
bb7bb751d1cf4f4820fc8214e0ec9030,3924.0,2024-04-29
bb7fa9f01e47ced81abf44c6e3c9d378,2547.0,2024-04-23
bb85401f3d028b324da39c6452d0587e,2768.0,2024-04-28
bb881748739c3aaf14f7be285f3cb380,5916.0,2024-04-29
bb8c107406825569478d45d8e49de502,2049.0,2024-04-25
bb8ceabf4144bf2c090526c3711e120e,2751.0,2024-04-24
bb924711541add02564b4052e63d7176,3711.0,2024-04-25
bb926f6019b372cfd503f1cbe9474af7,2471.0,2024-04-28
bb94d0eef2f91397284d831ca34af2b1,3020.0,2024-04-25
bb95081a14f4d4bd5723f90356d9e4ff,7784.0,2024-04-23
bb98767edf76f8db2135fa8ba7f774c7,5932.0,2024-04-28
bba179979933de4a2b8cf1a6c5cfeb54,6555.0,2024-04-25
bba40d311af20ccdb7f4b42ccddcfd45,4685.0,2024-04-26
bba5e14f06c32c676c1f653fd78bdd22,6027.0,2024-04-27
bbaa5c65f08da0618f2d4bd3cd6993da,8826.0,2024-04-26
bbae1f16defff57d3f785ae69480bac5,10380.0,2024-04-23
bbb121235e788e17c959977f26f44ada,4315.0,2024-04-27
bbb22f7df9978fd157662add0f5d93ab,6767.0,2024-04-29
bbb2405229d3107809f2917e77b604e1,10687.0,2024-04-24
bbb2780ae9aa95f1fc662d0f59db2cbb,3275.0,2024-04-26
bbb6356d12b744fd3e5ec7d2bc53209d,4946.0,2024-04-24
bbc0579d74c1f8d5874a4ced12b27f9b,4803.0,2024-04-27
bbca2e955a0290193b88ba2299b80601,3118.0,2024-04-23
bbcaa901a1d8095e359deb82ff77a096,4630.0,2024-04-23
bbd2303ae9f1b084def869e33db7dc5b,3706.0,2024-04-29
bbd4745c731166e2377fefb25e278585,6792.0,2024-04-29
bbd71bd7449dfd4fbed951c0e5ec427c,3003.0,2024-04-24
bbd82f3cdd3f3e002dcc988ca10e4a6c,11901.0,2024-04-23
bbda9c7018de7bdbc969c236210405ec,3451.0,2024-04-26
bbe5bc56a7bcb5dae986cf6b37eef0a0,6925.0,2024-04-28
bbe6ad5677d0fd2788dbe85478b39570,6372.0,2024-04-29
bbf1ad256164ae1b558c4c4c4fcd784c,5410.0,2024-04-23
bbf22686533fc5fefd5bdb53bc6d7903,3653.0,2024-04-27
bbf357d3259f4f66ebafe75a70a19cc7,4801.0,2024-04-28
bbf60f0942d2dd77babccc2fbdc96755,8622.0,2024-04-25
bbf6b76282058b977130e902f55517cb,5920.0,2024-04-24
bbf8d4340b5f094c66433d1cac4e8e40,3627.0,2024-04-29
bbf92c615a75ab24f6b84c7a7962d71f,7027.0,2024-04-23
bbf9715b6582111355277c4019f1cbfc,5433.0,2024-04-29
bc02d983c91065ce76031089b799660f,7594.0,2024-04-28
bc030094234b86a7f8ec6fb9c009426b,4827.0,2024-04-28
bc07db1c9d43e3fa38fa436892d79970,6036.0,2024-04-24
bc1194229df6019e7694391b50a9c26b,7540.0,2024-04-23
bc1453ef127ccbe2a0707ec9e1c3195f,5951.0,2024-04-26
bc16935966fb648f89250c25342e7411,6911.0,2024-04-27
bc174be0fb05c9bd99f0bb613e780672,10420.0,2024-04-28
bc1d1797fafe5e9caaafffe0e6b28704,6924.0,2024-04-25
bc23d0434ad9c759743e763635ea0556,5833.0,2024-04-27
bc280a474011649e0c5e03510002b7a6,7582.0,2024-04-24
bc2e550b19be775e0a9fd46183215548,7033.0,2024-04-25
bc3129359fbff938aa270fcbf7b2e600,13828.0,2024-04-27
bc3225c9ecfbf66a0650c65f046834e2,5911.0,2024-04-24
bc402adf1bcef8eac27bd7efa6d408e5,5210.0,2024-04-29
bc43d4774757d53cbdd2766f708cea56,4842.0,2024-04-28
bc4419e3b1212936af53cff202ca1c79,9339.0,2024-04-23
bc4524e467bfe2d48ecfc2ae0bb968dd,1931.0,2024-04-23
bc4867f409ae8e5ff170917e26eb547b,4137.0,2024-04-24
bc4c1f512f094d40713f7286ea3c7b2c,3186.0,2024-04-24
bc4d4f71ea0c6dc2d5bfefec042f590a,3177.0,2024-04-28
bc4dc8aae9316bd6c52ec19a425582e4,2026.0,2024-04-27
bc4ebf22de5a1f052228fc1a45af31a5,7091.0,2024-04-25
bc63c0408c13d00c9d101bd71568621d,5584.0,2024-04-25
bc67474a779bc3bbc567d1e55cad9cfc,3649.0,2024-04-26
bc687f86481ca804c03aff0d9a43e114,3099.0,2024-04-27
bc6ca07431e490b55aec9f0dddfaca4f,9406.0,2024-04-29
bc70b29b0f3d0ad35b83a5df8e2617bb,2831.0,2024-04-27
bc713d774cadcd31e3dfaaed15f035c8,4468.0,2024-04-28
bc7359086038f992a30c1fbe36ae5aad,1656.0,2024-04-25
bc83515eeb37f0a75cb27c27040c3e94,2436.0,2024-04-28
bc83bb7603331be51d2f584cffddd19c,2964.0,2024-04-27
bc861698ccf57c9cc6a16eb2d458968a,3494.0,2024-04-28
bc891f49c98057c351fd00bda5e3e652,6922.0,2024-04-25
bc89988dba380dcd42af3b16e0312af6,5150.0,2024-04-24
bc8b525b2a48a4516d381e63894e89e1,5918.0,2024-04-27
bc901f69d5c9254b192c7fc7e07fa4a0,5637.0,2024-04-25
bc95b1878cb7237ccd34176ad8e16462,5458.0,2024-04-27
bc9b3eab722a41d99bf58aa5f6c473ad,6947.0,2024-04-23
bc9caa6de62e6685bae4b1748f0398ce,6412.0,2024-04-28
bca0e226c78a56b8ad9fd3f19d220754,4876.0,2024-04-27
bca2cfa1cfa790c4241b618e99c9f9d0,8165.0,2024-04-23
bca85c097d591c3b325bf3cc29390f33,5346.0,2024-04-27
bcac3fd00a3e04b80dd45e57317fa947,1034.0,2024-04-23
bcb053564435dfbf27aec9f116072d1a,3931.0,2024-04-29
bcb1dae38c83931528505cbb84d72be2,2986.0,2024-04-29
bcb6f3259f667c54a0cbe10fc761d362,3337.0,2024-04-25
bcb75ae242972122787a2b2e3837d803,3155.0,2024-04-29
bcbbf53b0101420b968a6eec9a3e5aa7,4003.0,2024-04-24
bcbee66e6c56b1d2810870e2eb73e9e1,1042.0,2024-04-29
bcc1ae53bbdc83d95f2baba588db384e,3944.0,2024-04-26
bcc278b29112dee5248569c207016802,3778.0,2024-04-27
bcc6fc68ce885e2371170f11a751ea26,4179.0,2024-04-24
bcc9b8b885ed181b7e222c6654dd4270,4776.0,2024-04-25
bccb23294cc320e4e5733b5bce055770,2993.0,2024-04-27
bcccb488ba696c35df98f1ea3e1e2869,2989.0,2024-04-24
bcccf8eab0cafaf2d374f6a1a92a9d38,3007.0,2024-04-28
bcd2ae3a98a43442f0aada74b257e0b8,8671.0,2024-04-27
bcd65799c616018a9296b622cb1e43ae,2229.0,2024-04-27
bce23f10c8ad8c17f279953b6256043b,8138.0,2024-04-26
bce97623411add017f47f13e01f0a710,3041.0,2024-04-25
bceb75affb6756abb85f5ce4c0456395,3996.0,2024-04-29
bced98437b6aacf1aa5fda037064f0f2,4948.0,2024-04-24
bcee68c0a7b15e388d064ae1ce3db565,5084.0,2024-04-24
bcefb55afb45c8c3d8bc92e662c7a6b1,9968.0,2024-04-29
bcf519bef742a7bad0b6bc605031bfec,4520.0,2024-04-27
bcfc1a06934b43d99acec558a3596978,6328.0,2024-04-27
bd00e93e2d1e318c931d8691326be5af,5686.0,2024-04-28
bd03ef52c817bc8ab283ee020df7ecdf,7247.0,2024-04-24
bd0be05beaef0f58168587b00f311506,4423.0,2024-04-25
bd0e635366d9c9ae624ed92c0d18b5f3,5015.0,2024-04-24
bd0ee195116ad706f40d99b865d32728,1541.0,2024-04-29
bd0f172c82fe62239d593fec6891cf7b,2887.0,2024-04-29
bd165ae94ba4346db285ef83726787ec,3340.0,2024-04-28
bd16f6b6218c35fdb29f55cacc15d8de,7438.0,2024-04-26
bd18fe072a82032b7e0dde955a1fec32,10594.0,2024-04-29
bd1a804d01779b438ae036a0aafc8431,6426.0,2024-04-27
bd2889a2cc67d5e38547cbfae1dafae4,5985.0,2024-04-23
bd2ce6d6f143ece1d2fc333598162cec,6073.0,2024-04-24
bd2fd9437a7cd299a148e02aebfaa427,4396.0,2024-04-25
bd39b3c4d6fd19b154af963beaf85e12,5186.0,2024-04-29
bd3a547932844555f3c7eb1b83a0332b,12035.0,2024-04-29
bd3b0135812ce8d23249d6fee88ccbbb,9242.0,2024-04-29
bd3e7394c7e0e414b9f917168d97325d,4088.0,2024-04-24
bd3edc2c90dfd622ba2e8db3e73c0bbe,5730.0,2024-04-25
bd447f3452d5387a0a3fb3b84dcb91f6,4373.0,2024-04-26
bd44d97dc44695cf8d1fc94b8df3e0c1,5961.0,2024-04-25
bd4782aae5934687b2cdfef941aeb276,6825.0,2024-04-29
bd4fd5c38c8eece371cd35da4c01f9fa,9879.0,2024-04-29
bd5623b7dcce3162f4d55a925938040f,5232.0,2024-04-28
bd5767d885b3e07374695fb0f0c6b6f5,2646.0,2024-04-23
bd5b95138737caf521a31f11a0d04dcd,5921.0,2024-04-24
bd63ddfe357b73c7e3133a6247ec2298,6286.0,2024-04-25
bd66c0c868e5250d766728a106bf9d2c,9243.0,2024-04-26
bd68d917994dd00a9b87eb014d08c49d,2979.0,2024-04-24
bd72406088f2ddbee69310d1a9e5d9d0,10198.0,2024-04-26
bd72cc26a342bee0c3e13847a8b71a75,5231.0,2024-04-27
bd7441ec312d5c7b76632f3d6ca2e704,7383.0,2024-04-24
bd7f44b9af30471185a737f4dd9bdeba,9016.0,2024-04-25
bd7fc22b097ce986dc930d5cfa094513,2396.0,2024-04-26
bd7ff4606a4fa66b3c7d632d3592ec80,5805.0,2024-04-23
bd82057ffb4f8c603d0b36c1ace2ef55,4240.0,2024-04-26
bd83c42637d830bc0ae95f1ca6cb45d8,12021.0,2024-04-25
bd8aa4637a25d61b1d2af7b036a16fba,10726.0,2024-04-24
bd8c8cf6694446a10a00d68563975b3d,7815.0,2024-04-27
bd919e3118fa011329e97be6b342980b,9368.0,2024-04-24
bd954e0f04e4ee886bd90990ef5a1084,5867.0,2024-04-25
bd973fde421e6363d907b5207071a61b,7969.0,2024-04-26
bd983f8f03dfad7c1be3c8801b5da3f9,12157.0,2024-04-23
bd9938fed55ddf954e1c9508e11b66b2,7053.0,2024-04-24
bd9d06cd94ac355611b021b7861417b2,7894.0,2024-04-26
bda08b688c87606bd0ffecdd9f468ef9,3236.0,2024-04-25
bda12a0e3aaa21d894414908c1f38101,3971.0,2024-04-29
bda3c26356a95ef2c682f64406e01aca,3597.0,2024-04-23
bda462a21f346648fff84f8cb6ffe5e7,3553.0,2024-04-24
bda5cc702bac8e502080935098371501,4852.0,2024-04-25
bda6685dac3ecdf947017f86a4cf2f6d,2926.0,2024-04-24
bdab4e44b6943baec1e3566a010bf3aa,4549.0,2024-04-27
bdad9e22098c0a8092f8b59570450ae4,3366.0,2024-04-29
bdb13ed3e3ff697949bd4a7053c9f2cb,6314.0,2024-04-29
bdb29e573ed76fcff666da6bcc9ef2d3,3554.0,2024-04-27
bdb35bd232bacc56b94250f33ff4deb2,5665.0,2024-04-23
bdbc01cb5da4fdb0db29e0ecebf02b14,7666.0,2024-04-27
bdcdf602ee0cddf73d42be25fcdee81f,11360.0,2024-04-25
bdd5b5af04b2e03d79a41930372bdb43,3722.0,2024-04-29
bdd9cab617f5dbc2122a2e18d6729adb,7808.0,2024-04-25
bdda78cb3092fe3e759ef1b4fbd00885,5984.0,2024-04-29
bde1f246575a441e30a6fbb109ba2faa,2999.0,2024-04-27
bde3c1c027b4b64127360553d6bc2861,5799.0,2024-04-28
bde49197ac051822c5b6421b99e38bf5,2782.0,2024-04-28
bde6e7c28d15b1f604f5066ad709c6da,6188.0,2024-04-25
bde9facdf69ff145a074b309741aa91c,3629.0,2024-04-27
bdea0264ca727eecebd890356d17206b,6242.0,2024-04-29
bdeb1f4f2053a2e6f18bb3132d052316,2818.0,2024-04-28
bdeb712b2bd85218b4f31a2e42eea83e,2153.0,2024-04-28
bdefb5e3297bec0383c5825bc6260a60,10198.0,2024-04-26
bdf128ba2e7b0abc22f25dff7d42744b,11716.0,2024-04-29
bdf3dc250727342a0002e6d7f5af59c7,10638.0,2024-04-27
bdf4e9060573fd3515540d558603cd7a,3309.0,2024-04-23
bdf5f8baeec06a1c03afc80c73de2566,1707.0,2024-04-25
bdfc3910c965c912777c8b10d878e357,4562.0,2024-04-27
be0291188b77e1cd19ef5ca095802ad1,4772.0,2024-04-27
be0cab4a688c562ae6f1118e8405487e,3833.0,2024-04-28
be1160557f9dcd4310fe47ae82e2ab2e,8410.0,2024-04-29
be1a52f9afa4539411085321706873fa,4048.0,2024-04-25
be1ac9c3230a0088df3e00fba3234530,5966.0,2024-04-26
be1cce9c83b55814a4ee717bd8fc1c92,8785.0,2024-04-28
be1d5bca36c731cee479b40936befd8b,3955.0,2024-04-25
be254332f5c9ff08fb103b39e7b9cee0,4011.0,2024-04-25
be2d66970b7c44b660db9d45e1fcc6b8,897.0,2024-04-25
be2daa69c48666891c4c3b9b4592784d,5086.0,2024-04-24
be2de13f0efe34e2a977e9dd4372faca,3055.0,2024-04-26
be338b677592289a48c99d01461cea4d,3149.0,2024-04-29
be348efae08ca63e71ad70d8bb6ffa41,2666.0,2024-04-26
be3f277f92a37f0690e9ec843beb3dac,5941.0,2024-04-28
be48eb6b6dd3d7c5eba55359e3d9a3d4,4359.0,2024-04-25
be518b8f66a8c2b50cc5345fa0d8792c,10926.0,2024-04-23
be5ab7776770100f0b1786f8cf8a589b,2940.0,2024-04-25
be5b7beb43d72d0139c2cb9182ee569f,9250.0,2024-04-24
be6482c938f4bb924e64003c6d6556c0,4774.0,2024-04-27
be6998655c785b562450fa3a5996f4e6,2225.0,2024-04-24
be718b17a7ef1a9180c0145a9043831a,8489.0,2024-04-29
be71be4301ab15d41d640d86dc1f9388,3097.0,2024-04-25
be729ee79d20cbf13ac43cc118fa16b6,5447.0,2024-04-23
be74c7fc5d94305659ddd8ce493c547c,3244.0,2024-04-26
be750b9a828243824e24f14ce215c737,3768.0,2024-04-28
be7691920db375ea7c8ea3b53011f0e1,3548.0,2024-04-29
be7d46377aecb58c4b6acf4ac8c97886,1974.0,2024-04-23
be7e0b30dc24ae9f263b41d4b93abdd0,4207.0,2024-04-26
be84d9d91292556befb7d6d2ade543d2,7961.0,2024-04-28
be85bfc642224dd322435efc989ec077,8101.0,2024-04-28
be8f0bdc75b38fc7b22021c65d2725ac,5420.0,2024-04-23
be8f511dd00eec1ac30256ad91615482,10214.0,2024-04-26
be933906b8aaab208c0ff36a41c72e7a,7254.0,2024-04-29
be94f3a393ffbda6ee77c0a55b894373,4370.0,2024-04-29
be97d131d7b2286fff9c51003149672f,6392.0,2024-04-23
be9c44de194f35cfed9ea5d348ea984c,9484.0,2024-04-28
be9e9c9c91842d017d7fe1fcdb8024f5,7024.0,2024-04-25
be9f3051abf022e9ac51e2535a6d9f49,6191.0,2024-04-28
be9f797fa2f83fa15c8fed5d247e0574,3243.0,2024-04-29
bea181988181ad02e155a2e792e9bf27,3027.0,2024-04-24
bea2bdd9bc7d05c3979cb70dc83c8d9b,3592.0,2024-04-23
bea538f2bfa3e298f7ee7f8339b83fb4,5744.0,2024-04-23
beab0c18b0cbbf6bb7256ec590d8d673,2461.0,2024-04-27
beabd8f38cb1c8a5710746d87198837d,2499.0,2024-04-27
beaf45ef95401f498163228d67830679,7990.0,2024-04-24
beb14a8115e0f883318b969d177df3ee,3291.0,2024-04-26
beb1982fa67bbae76cb95e683e19d41a,981.0,2024-04-24
beb5414efb950c68cf1da8ffbfb89209,7700.0,2024-04-24
bec3d8e6c07350a6b74edadead4633fc,2585.0,2024-04-27
bec41d3952aee78b56c200ba81b91b13,3741.0,2024-04-25
becb5cd674830d27b280f3a1d39b436e,5727.0,2024-04-27
bed8bcce8516977e88eea98c76e0890a,6305.0,2024-04-27
bed93adea73ae0a426064204186cf068,3952.0,2024-04-27
bee11a99a219565116bb73208b621e01,1885.0,2024-04-25
bee6ba5f77e91a2be5156bd22c3c8abb,2371.0,2024-04-25
bee6cc6301b98494e9ca33345d7fce0a,6362.0,2024-04-27
bee9f79e027442d9824932a0d412c0e6,4206.0,2024-04-24
beef9063b2c37cf87645c232bf885985,5044.0,2024-04-24
bef0b60d2813519e9da1948b8830910b,4073.0,2024-04-28
bef12c197046e57881b2f7deef486f0b,6554.0,2024-04-25
bef499c4daeefafacfdb32547765710a,4534.0,2024-04-24
bef4d10818cab3b6c2dd4a31947d7079,7542.0,2024-04-24
befcafc8d4763f8ebd81ead76fdc9d64,1313.0,2024-04-27
befd9ddfab0ea2b87ac1d4b78199bca4,5274.0,2024-04-27
bf05fe8e53da91db7a23102da711c3af,2597.0,2024-04-27
bf097a411600d19058538485506f9590,7457.0,2024-04-27
bf0c689396b1a04036f2108f89766a1a,5625.0,2024-04-23
bf0c9da716b16589bb6569a426f49ebe,5636.0,2024-04-27
bf0cf2628111380e336953df02155369,2571.0,2024-04-27
bf0d98f2b3ea0ac05c397d5aa16f44e6,4406.0,2024-04-25
bf17f85396926d96e9a54919931c7496,3642.0,2024-04-23
bf18140d9574118a1c5e30b7bdd5c255,3982.0,2024-04-24
bf1ab0365d222691cd0d83684b671c91,16139.0,2024-04-23
bf1c5a63978e233eab3752f926a772bd,3999.0,2024-04-28
bf23b5c6b4f184b01d820db99c575b7c,4593.0,2024-04-23
bf2e40ec6480edab25340ffbf2ef5f96,6359.0,2024-04-25
bf37d5b73b661e815dce297fa3a231a5,3900.0,2024-04-25
bf3960a54d0706613e66a3d1ec61da0b,6633.0,2024-04-29
bf3c76de74e0263ff97a413deff3810a,8036.0,2024-04-25
bf3cdc7b1f759a3fcc22a7d0b78c807f,5164.0,2024-04-24
bf3e437163302afbf837b42a3f7c4256,1413.0,2024-04-25
bf418c624c0756c2368221fe6ba0e46a,5516.0,2024-04-29
bf42746a8f4faa590b04886235f2e6ae,7018.0,2024-04-25
bf451e3892a6883317f293b557cadd11,2818.0,2024-04-26
bf45e49f5a73923678a11e56cbfd1d2e,6017.0,2024-04-24
bf4aa9e43a28ccbad706576e1755ee06,4077.0,2024-04-25
bf535d88e3d8c90f231dfc3119e67847,2837.0,2024-04-25
bf5834fe3419a70189fef38212ea8409,5068.0,2024-04-26
bf5a8acd6edebfa82dfdbe8bb4312fc0,6104.0,2024-04-23
bf5bf5542a33e2934ada64a7721218f6,7233.0,2024-04-29
bf5cee8a12108c270793c562831d6e23,5303.0,2024-04-25
bf5e11ee8bb79a3ef97670c4db450da3,5906.0,2024-04-24
bf5eee0279a63227d90ca1db8dc34066,7293.0,2024-04-26
bf60b2f114077e72a6ae31f7dc1ac88e,5555.0,2024-04-28
bf6d84aabbf204809d46b2781691698b,4259.0,2024-04-25
bf6e655d9c08855ba642c863169b85d9,5252.0,2024-04-24
bf7730a1163698e004ef724f121577cc,3191.0,2024-04-26
bf7e4652eb537388510213cd4972af30,4249.0,2024-04-29
bf7ec1fed6346a86e1ce72ecfe57c0c0,8280.0,2024-04-28
bf8217192d3ca093ae89c6bf4682e10a,2664.0,2024-04-24
bf87c4ad396671e7e8ac93def644ff6e,6208.0,2024-04-25
bf88c62a6370cf98d77a1b097032c15d,3294.0,2024-04-28
bf8b60a602e95fa156101bdef244cdbc,2211.0,2024-04-29
bf96801580bf50ccf0855b449e4f3564,5479.0,2024-04-28
bf97ff76a126129b271b8f39cb877766,6104.0,2024-04-27
bf9ee2554b4fa0ef231f483bf5b9587e,7670.0,2024-04-29
bfa2bf3b5f3f9ed904103f8c5777153b,1274.0,2024-04-26
bfa36234282a6f982fce4bc70ebbf705,7472.0,2024-04-23
bfa9148179804252ec55fa8892cf8766,5687.0,2024-04-23
bfb23d8c755ab8d8e9f690acf2845118,14316.0,2024-04-27
bfbc77743021ebeed726c49cf392a675,4762.0,2024-04-29
bfc0ab4f54d554cfedcba8a26eeeb1b2,2851.0,2024-04-28
bfc2fc68dec00e9dc8d114b0b95a56b0,7787.0,2024-04-25
bfc6475502bc45298404398d39eb7a89,2463.0,2024-04-23
bfc7745b8ef2da6eb366d55c9281804e,9439.0,2024-04-23
bfcd40e18351d7e813e05b252bb5208f,3740.0,2024-04-24
bfd3b0ca50518996ce5d36bdf7229b6d,6102.0,2024-04-23
bfd5d619601393c241c5cde5bb8ad76e,5750.0,2024-04-24
bfd655cb34545ae82bb3991ca5d7e966,3704.0,2024-04-28
bfd81a8060e541ac9cef840d9ae929e9,1632.0,2024-04-29
bfd8788d46728241aaafc2a1b6eb8bd1,6344.0,2024-04-27
bfd8b4aa1878a7f86be6ca4fd0905060,3967.0,2024-04-28
bfda3cfe53f3f7de27f8e9fa48b53f40,3050.0,2024-04-25
bfdc108f94e55b23f0409a42ff2d7ea3,3894.0,2024-04-25
bfe2ece01030c0729e1e07010efc6178,12782.0,2024-04-28
bfe444ed8dbe415ba8705fdd7f496fd0,11372.0,2024-04-23
bfea711e9b0bf5668f8b52b9d7bfdb4b,1811.0,2024-04-24
bfea72b9cc47de08ff42dc9e257ba8bc,5299.0,2024-04-24
bfef4b2242baa0aabd5275f9352a1766,3862.0,2024-04-25
bff6e6d68e7a6ca33d50b8c5af132984,6666.0,2024-04-28
bff823ea1a877da3ff892c0018332287,6468.0,2024-04-26
bffa6fb868d8dbb56c743fec26359636,3482.0,2024-04-26
bffb625290871143bbc7be4bc216ba31,5745.0,2024-04-26
bfff852ae3b070c15f2d582fc0244db7,3354.0,2024-04-26
c001a3d68f28b8a0f5f9d419ba516e4a,2096.0,2024-04-28
c005f15dfac89f1b4afc091e584d1ffa,1819.0,2024-04-24
c0062710de6e20735345f7fe06f56de6,12618.0,2024-04-29
c007817473dd4ded8f3b96a749f0693a,5060.0,2024-04-25
c00a57515795f73af1817736fe54d7fc,5393.0,2024-04-28
c00ca320d3cfb4d7ea8374c2c3d528f8,918.0,2024-04-27
c00db7147518fcc0e21b98e521bff46d,8722.0,2024-04-24
c0146ad9c370acedc04c1b9a774c193e,1309.0,2024-04-26
c014cefcebf730634b1dbfdb09c6f95d,6285.0,2024-04-24
c017ecd3dd2dc94e192acc527eb206cb,3012.0,2024-04-24
c01df06c8598bc38f862df2fb303aa27,3771.0,2024-04-23
c01f81170207e1099642d7447c9aa868,7936.0,2024-04-23
c027f9242fafcef122fe5feef73bd7e8,6514.0,2024-04-24
c029089254bab27bda587749e3e9c671,7937.0,2024-04-24
c029bc7ca9169ab0bbfb611322b6fb29,5310.0,2024-04-25
c02b0509f44fa31994958aa9927e342f,4377.0,2024-04-29
c0321de983411787614c9ed568d0d0a1,3625.0,2024-04-25
c03ccb9f9dc638af3b236e2c328234b8,3518.0,2024-04-29
c03e0358f3052fa75da3552111034544,2430.0,2024-04-27
c041b90a53e66e4298645c02ba510d88,6309.0,2024-04-26
c0436ed5756e164822337cbb04c446e0,3396.0,2024-04-26
c0442c8949e2c67da09f74d15f33e424,5918.0,2024-04-29
c048d1841d259ae51f8d1417be109374,2382.0,2024-04-23
c0499aceee48a908f26f0d5e18dbefaa,10264.0,2024-04-27
c04c3e20bf3ab7bcf88bc2f9c031d6a8,7082.0,2024-04-29
c0505c476aae96885825a096820c37f7,3626.0,2024-04-27
c05093e2076b9d51abcc70b03b6cc7e2,8023.0,2024-04-25
c050cae05280559b35152597a5e16974,5824.0,2024-04-29
c0618a66267394c4e8a3f58b1c919c7a,6470.0,2024-04-24
c06bd3b8f7dbf7e5d9ae3f82bae280ba,4278.0,2024-04-25
c06c43a57468e9b5becaf373f1c54846,5692.0,2024-04-23
c06e6c7cde2a552ea473b27553e92294,3118.0,2024-04-26
c06f4cead7a3611233ca77455e2fb15e,7803.0,2024-04-24
c06fccd8b1656f27efe92703ed53d842,2437.0,2024-04-27
c07112a0690edc0439fb6fb462dd66f9,7821.0,2024-04-23
c078146dd4df08a556a1f832add76ade,3068.0,2024-04-28
c07d01c7bd6407ba91f9e77ce999195d,3633.0,2024-04-29
c07f62095d46bef1b4c32c75e5295f11,2885.0,2024-04-26
c081a4298dddd02944047089d0cd3e00,5516.0,2024-04-27
c08451779541b9da30fc998e2f9e2962,8078.0,2024-04-28
c084f11767d532c9302d7a7aac03bc57,5711.0,2024-04-27
c08c075c73e0b0804771f90950e65bb8,10248.0,2024-04-25
c08f83a7683230a042e517c0b0f7d14f,6852.0,2024-04-24
c0902bf501d1b2b874c1558ec3a48fbf,4155.0,2024-04-23
c095997da5766981f0a83133e643b79a,5354.0,2024-04-26
c09f2a43717de459ed3447ec32cf5299,1807.0,2024-04-24
c0a04f0d9ec0c694bd0e201ee532612b,2992.0,2024-04-25
c0a829aff86181c742ea400c92d24b7f,4707.0,2024-04-26
c0a84b0bd0b85794131fcd4fcadb5b1d,5612.0,2024-04-27
c0acf687950badbf38cbb57c5f923363,8604.0,2024-04-25
c0b21d877cb6997bbe8553cf2b1cfedf,8047.0,2024-04-29
c0b28eea7c84c8eeb7339fc9595edbdf,4364.0,2024-04-25
c0b3b0e7a177f60739fc18cdc98612c5,6302.0,2024-04-26
c0b7c32e8f069db61323cf49b06e0ef8,2143.0,2024-04-27
c0be6c79f0325088f4eb0c2b78674d1d,5033.0,2024-04-23
c0bf48a60c5f8aa405eea2739caac506,4863.0,2024-04-24
c0c2acb2c8ca25029fd31873c7822906,2028.0,2024-04-24
c0c338e614914b7c1be14bd7e37a3b27,9250.0,2024-04-23
c0c4719da2db5479217ccdf2e06fb222,8370.0,2024-04-28
c0c73e7e98a6df21e43cfcf8b7e62513,14321.0,2024-04-25
c0cea9903d15b70f6536c2547478e4de,11068.0,2024-04-29
c0d5d3650e5bab5e20905e12df0f75e0,5101.0,2024-04-25
c0d6765503b75d26a393a1ce1f163a19,6289.0,2024-04-27
c0da9c93e9063b72857d7fa42b3537df,4364.0,2024-04-28
c0db69cb6706d792a8308efaba8f9be9,5672.0,2024-04-25
c0ddde63060329e9988c6f836740a902,8751.0,2024-04-28
c0df4af17cc403fcced632c329c3a190,4677.0,2024-04-24
c0e66d91ab63837a46be450af3a2d807,7563.0,2024-04-23
c0e737bb1e671f27c90deddebd23f71c,3156.0,2024-04-28
c0e82cb271acb253ffe5a85e24c0c62d,12278.0,2024-04-27
c0eb4c0e1233cbe99383040579ccd3a3,5659.0,2024-04-25
c0ee0c35cdf447a6266c123dba5ade9e,2866.0,2024-04-25
c0ee3746a2f93a7f63b3f71374a6a563,724.0,2024-04-23
c0f2e3f9f078ee6c04220983201e67db,10718.0,2024-04-25
c0f4afea21d6da669cfd88ea93b42d8a,5153.0,2024-04-23
c0f9fd20e748f1c9faa2b2b3b8518007,3572.0,2024-04-28
c101d8ad23e08ff113723ffae2966fda,4514.0,2024-04-23
c106a437033ef45816980764f96af4a1,2877.0,2024-04-28
c106aea083f3b64afd6bf102e9c722f2,3887.0,2024-04-26
c10a228079f62e640decb8ecd987db26,6953.0,2024-04-24
c10a557fe373d010eb0c8f1d01926c46,4682.0,2024-04-25
c10d874cdfd560fc47c7adde4d263937,4404.0,2024-04-25
c10dd33771773f29357939bb61bcb824,5778.0,2024-04-26
c119da5a8708e30ceaff375c526b948b,2822.0,2024-04-24
c11aa0b9213719327fb9b539138fc717,12963.0,2024-04-29
c11c7754dc90a7317d1280bbeccf32ff,2752.0,2024-04-23
c1206b63a89bed2e861584d25fc9d716,5154.0,2024-04-27
c1277c084eea3869166f0525c804b080,3088.0,2024-04-28
c12a146b4ebacbd679daccf38634074f,7389.0,2024-04-24
c12b2b33078c854b3d1dc8ef7393ea0d,3554.0,2024-04-27
c12b5f95f5a52cc4e6959b0f583aa474,3996.0,2024-04-28
c12dd9a6b4e58603cb6df2d671776d61,5452.0,2024-04-24
c1305822251a3232da69337cf2f909d8,3339.0,2024-04-28
c13f45fea47661a5600f116e4034ca65,9120.0,2024-04-25
c14084fc9dba8fc3738f540c8c3ce274,2563.0,2024-04-26
c14280ad207951c966322930b2ec0bfa,4973.0,2024-04-28
c145f015fde57393f691eb3e5b06d080,6936.0,2024-04-28
c148283e42d3c5ee9280a1115b0d55e4,1207.0,2024-04-23
c14e4bfc9be70d2d4addf8c3fc031463,3035.0,2024-04-25
c14ee7f461faff93221e6eeaed2650aa,5053.0,2024-04-29
c155e3ed90eae8ae55f1dccdcc22cf17,7576.0,2024-04-28
c157e19a6f30ca167b0795882b13c9ff,5168.0,2024-04-29
c158a4ef62643053ae703ae03aaa45a8,6792.0,2024-04-29
c159f0baea92c1a1c983c68d2263b750,11000.0,2024-04-28
c15c458f6a783dab2d790cf0d89dfc7d,7749.0,2024-04-28
c15fb75ce5059e79159ef86ed2fc2020,4747.0,2024-04-25
c1637f11832cae717044ed84ff163d0f,5399.0,2024-04-26
c163b63343b878fe5eb73d32c321079a,3251.0,2024-04-28
c165e55481ce7107e70a4b181abd5306,6034.0,2024-04-28
c169ebd2b5adced05abe5c23f67f6cc3,7480.0,2024-04-23
c16d98b9b6147d72dec8d1cf5f4c703d,5249.0,2024-04-24
c1730b4e595c24bac0f9950f47950ad0,7525.0,2024-04-23
c17637dc24df9c4497fd40ecfb303de2,12282.0,2024-04-25
c178819e608094ac19aee4a7d2ce5dee,1400.0,2024-04-29
c178fedc2a874a3edbcb97b21784977f,5977.0,2024-04-27
c1793a3685b67c643b94bfe0b207c176,4878.0,2024-04-26
c17d9d13a960ed3360c0b1a3fd8c0d68,5578.0,2024-04-28
c17f36a14d47d6d0a54fb4b8a6f39823,6429.0,2024-04-29
c180f75a1add734bb9ef516abab42cb3,2376.0,2024-04-23
c184c665a60c34f61f13ac4846d8d037,7410.0,2024-04-28
c18551a1c0eb90decf3f9da7b3431123,6772.0,2024-04-25
c1881ba6ad273c2b01c3950538f29f37,4025.0,2024-04-29
c18ab34b1b1f79d1abaa2701a8d8d644,8271.0,2024-04-29
c1907e718c347fa39df4555a9124721c,4955.0,2024-04-26
c191ea6e4f2b78d8fdee941998e6f670,5308.0,2024-04-27
c1924ad5bf5a4bb6c808dfaeeb492e12,8207.0,2024-04-29
c1a0df828738758ca1940893fb33356e,7862.0,2024-04-27
c1a0ee625828dd4856b08523e5b67c29,9968.0,2024-04-27
c1a338fa7956fa9d631a650dfac0225e,3642.0,2024-04-29
c1a6fcd59fcad04c797a1577098bbc13,3546.0,2024-04-27
c1a8b39ce9a2722f8aab49a03b647546,2566.0,2024-04-24
c1a927672a00ea1ff89c09aff983804e,6536.0,2024-04-23
c1a9dbb2f5c6110d4f4a0033a85dc0d4,3333.0,2024-04-25
c1aa5aa1ce431bb56e1e62545851d08c,4772.0,2024-04-26
c1ac0a192a977e4f8fa35ce65a6451cb,14757.0,2024-04-25
c1ac340e686b5b5105b222e10dedd99d,4140.0,2024-04-28
c1afdd5cc827e8082cd75192d2aa3d0e,2786.0,2024-04-26
c1b0c92f57cd02142b69bda276b3d3f4,3535.0,2024-04-23
c1b3ebefc2e1babeb87d26861be7ad5c,5500.0,2024-04-26
c1b51366bcc73b305c508c2f5d764a19,4615.0,2024-04-29
c1b81d51bbe9281a97128f14048f62c8,12999.0,2024-04-28
c1bedf3febe5c6b267eba8784a6190ca,6816.0,2024-04-29
c1bfb22b618149a6e91255ff6b850d29,8080.0,2024-04-23
c1c22da2dd639f7410175c54bb72f772,6243.0,2024-04-28
c1c4d5a03a9510260d55717c7240053f,5661.0,2024-04-27
c1c6e80dc04bff5e2e4aaa0bbf6abd29,2926.0,2024-04-23
c1c81846f5e7ac1f6ca92530931556fc,5885.0,2024-04-23
c1c92d4e26b74721d3e0416ea75ad4a8,4421.0,2024-04-25
c1cad44c95dbdd11355140b8ac1c4481,4955.0,2024-04-25
c1cb3b3750a7bbd51b5b402bf54aa00d,7352.0,2024-04-25
c1d211ce34e1c426182b32b0bd8aca5e,5698.0,2024-04-27
c1d32bdb5af879e37a32dc8a02be171f,2190.0,2024-04-23
c1d3dcaf113d8e7c88de06858207cb59,6170.0,2024-04-28
c1d4d24d20990e8aef822771473d1269,2601.0,2024-04-26
c1d9b1c46a866a7c5563c145b722bf8a,7106.0,2024-04-23
c1ddd38119b43e899253bd8416456786,4169.0,2024-04-23
c1f261080f3b1059bd05050f37c8b65f,9521.0,2024-04-28
c1f2bc5ce0e0194dcf57b4d36b2d0be9,7703.0,2024-04-23
c1f49a28cba3d438d39abfd758785f52,3262.0,2024-04-25
c1f543b3113476c3db28a1df043e42a9,7218.0,2024-04-25
c1fa048a41cf46b749f1a6883f93983e,3675.0,2024-04-23
c1fe76b44a7bffe4c01779c78b256772,3686.0,2024-04-25
c1ffc8c9c64712cf9f41a3804e81bb4a,6286.0,2024-04-29
c20bb216de6f3f674847b61dc5345e8a,6160.0,2024-04-28
c2105d63c8dfaf3ba53c67a17b3ee7e9,6421.0,2024-04-28
c217cb98f84b33021434d86806245137,798.0,2024-04-26
c2198473477237d42885036aaff3afee,2410.0,2024-04-24
c21e97de376cb2e877772f66366a7134,4010.0,2024-04-27
c2206c00fc318d589bde6c615e762cdb,2620.0,2024-04-25
c226d89761aebb006b8fd7c863df8528,4926.0,2024-04-28
c226ef665521ac3f4f580c78b26b44fe,5550.0,2024-04-29
c228233e384237a0a6c3e80a11335452,1346.0,2024-04-23
c22c045fa477c50bcc6380cf23896ce1,4813.0,2024-04-28
c22e716a2b87723add3599e8403cc9c8,2585.0,2024-04-25
c230ebf23e1e62fbf7670747e00e263b,6090.0,2024-04-29
c233da2630d305f24bf3d26251ee6edd,10576.0,2024-04-24
c235edf5153c9c4ada28d1314fdde052,10065.0,2024-04-27
c23a3470cf7dd3265c8fe474fa5f99a2,6567.0,2024-04-27
c23a5706cf85e9dfb430e64a6c29f471,5614.0,2024-04-24
c23b6194d1cf903a0ece2b74d5c1cae3,9524.0,2024-04-27
c23bed82a4aa78c8c37c5ddbaa234b77,4987.0,2024-04-25
c23e61f6a100544ef542b882e455ce68,6117.0,2024-04-27
c240695697cd4e5deaf8bbe015874888,2775.0,2024-04-23
c2448cf2cf1eec5283a59064bd3d4794,8702.0,2024-04-26
c24ae635d64bae13235fd2af06ab56ec,9538.0,2024-04-29
c250d687a49fc2392880df6950a0cec9,5036.0,2024-04-28
c2547ac1d68504d2d726d0ff28749a81,2234.0,2024-04-27
c257940023aa5e01b9c1818083610aaf,2613.0,2024-04-28
c257b6080b0cc2098f6c3969822dd0b5,2939.0,2024-04-29
c2582aec61508185f95bd50d5c3f3492,6695.0,2024-04-29
c25b9341b651d0a1c3dea63e457876b1,4812.0,2024-04-26
c25db8ed8e43252f5ab6a31b41bdf8ca,5733.0,2024-04-24
c25e84262c0785643ea1fe6b7113686e,2430.0,2024-04-23
c25fda14409153661d1b3cf73b2aa14c,5835.0,2024-04-24
c2700f6b20bcc085c0b96946fb302d75,5608.0,2024-04-24
c27200ac557a554dcb06c5ac28c04c7b,6308.0,2024-04-24
c27239d1704b326a4accaa600104f30c,5370.0,2024-04-23
c275f577c02eee57ef5c978e4754cf82,4602.0,2024-04-24
c276a258bb2f6787e8e5d655f56cfe4a,2904.0,2024-04-28
c27950a86067cf12ce59b80959a8850a,3467.0,2024-04-29
c27e1fd3a6c249e3a9ef660030960ed2,3447.0,2024-04-23
c280635a8c8aa5de85ec64c76789fa20,10002.0,2024-04-26
c28ee1f7145dc0884274710d325fa2d0,4261.0,2024-04-28
c28fcee61f83d52e0ecf59df279a6e63,4075.0,2024-04-25
c291b205c4284e009013d186011d2151,6599.0,2024-04-25
c2932c8ef49c66fd2f79b6d1eed1058e,4952.0,2024-04-29
c2947175f40755c67361ca667686e5be,6889.0,2024-04-26
c29809604a334de201edaa16bb38fc2c,9066.0,2024-04-24
c299b648747e2310cd5947a94a6520f7,6483.0,2024-04-27
c29ac221de1d03bcbf70480a62e1dbf0,9898.0,2024-04-26
c29c9f4e0cfd8d0c93f0164776e44b28,6556.0,2024-04-28
c29d9984e011c23b1adfffd7e01c271d,2241.0,2024-04-26
c2a2249fe3a70b42b697832f34e81a49,7345.0,2024-04-28
c2a25eea75539b03e9957cf651e4b411,3990.0,2024-04-27
c2a6977bbb983a5a08106147eea7e809,1918.0,2024-04-27
c2a8c32944873a47e4cedfae8840f429,4321.0,2024-04-27
c2aa09a7e5372085f776fa58ce780aa5,3942.0,2024-04-26
c2b1901b8ddca4203b4c1fefeb39d268,4006.0,2024-04-25
c2b3bfdb6b7a28ee198d30fa2ca6fcc9,3057.0,2024-04-27
c2b5ad7ebbc5f985444b1b2c91acdb85,6045.0,2024-04-25
c2b7203d73f0e791acb2d20632cc4930,8540.0,2024-04-26
c2b9036f2257630b8c83c0e5ade3012c,10303.0,2024-04-23
c2c10712983fe5b98bf6a720420889f2,4224.0,2024-04-28
c2c3f1e6986005c5d7e94978b6266d69,2270.0,2024-04-26
c2c3f676ace92fee3fe01686c769f64f,6032.0,2024-04-26
c2c5092c27f6d13e1672f5985f02c2ba,4390.0,2024-04-28
c2c91d77467650e28714e36fd103bc60,5151.0,2024-04-24
c2c96ddba66bac6d570709fdd7c26add,1146.0,2024-04-23
c2cc09c4b69232f165739e473f07163f,6303.0,2024-04-29
c2cea25a1986ebcf869c5e0502796841,6678.0,2024-04-28
c2cf945fcae7d9ed142ac8586dda59c7,11059.0,2024-04-23
c2d603296fabe6ec12ee145cb9e7653c,2898.0,2024-04-24
c2d7373be03bdcee27823930bc7fcc9a,3619.0,2024-04-23
c2d7893aa091aa84cc759737fc06521c,3244.0,2024-04-23
c2dcb8b29796b00bbd9ed0fbcbdcdff7,3225.0,2024-04-27
c2dfde57cfbe6f7fbc808343c1cf12a5,4733.0,2024-04-26
c2e7283c7243aabd5c9339464299918c,6873.0,2024-04-23
c2eb3b6135576e228ed8b63580dae963,2683.0,2024-04-28
c2eb5ccd269d3fcc8b216dec4317cffa,5961.0,2024-04-29
c2eb64f6534b312c9bca30e644cbf324,1638.0,2024-04-28
c2ecdf3707a9b23e12300b53fb049944,3413.0,2024-04-26
c2f234fed97d1c0eb261ecad6a688ff4,10624.0,2024-04-24
c2fe648d989f98826fcb19fd1251fa26,5491.0,2024-04-24
c3082e5074b0774e2185eac8490f88f0,10588.0,2024-04-28
c30908e8ce1e2b532b58e970c4c92cf2,6703.0,2024-04-24
c30a0fd38af8845229ccfaef614b48f0,7608.0,2024-04-29
c30d22931bce3fb1c0f43635d0bfad4d,3552.0,2024-04-29
c30da1d03f22bd26e4a52a24c688fd48,6350.0,2024-04-29
c311bd8fa0617de180f8c9a8b3416314,5856.0,2024-04-25
c312f2758f12b1a65f3f6affa663d201,9226.0,2024-04-29
c3132adfd7c98d7711a41be23a79e52a,4658.0,2024-04-24
c31771d84114c334da5af90b666f88b9,4880.0,2024-04-29
c318fed0680a1e0da7e0afe32d0e03ce,3684.0,2024-04-25
c31a6c1ea0b36a63b5ffb34d476378e6,2288.0,2024-04-23
c31c4e3d14ba591ebed5a4f2827d101d,5756.0,2024-04-23
c31e34237484a0b21fb9ac52fed743dc,5464.0,2024-04-28
c321b7f164796652af190003aaedc2f2,7443.0,2024-04-28
c322e6433a1229aaaa84754c7ed87de1,7076.0,2024-04-26
c32393a159fb9bbd9d96ec6803536c14,6582.0,2024-04-24
c323d6a07f14ef790279547bea48a49f,2074.0,2024-04-25
c326735b632c12f9c9994e13947fee24,3009.0,2024-04-26
c32791bb8970e182ca2a816e1de1029e,8509.0,2024-04-23
c3287ad896b9d74559f9f0d744dd26c2,6825.0,2024-04-24
c329c3cabff7e22ab51e12005fb25f95,5040.0,2024-04-27
c32d013da5f86dd04b4acdb8fce0eab5,5543.0,2024-04-23
c32fcfeedacc21912358eb81ae551d34,7316.0,2024-04-29
c3327d1abe5a126a8ede2b7cc810bdb9,4128.0,2024-04-26
c333c29de9c95cffdf387c4c411bb204,2494.0,2024-04-26
c3344d91047f5dbb5a81e126b83f0a53,10121.0,2024-04-27
c336b00e71adb025d4ef933f47407bff,5039.0,2024-04-29
c3376f8b136b07a6bf3f8e031fbe117a,2189.0,2024-04-25
c34793319a61b9f59524e45f63e3a8e3,8862.0,2024-04-27
c34d2205376e4c6e91745da2b7166257,2857.0,2024-04-27
c34f1ac2f6cade8747015e7aa6a97481,3443.0,2024-04-23
c35911431faee9e10d5f81ff079217cc,4575.0,2024-04-26
c35dc894e59cb43428578af08727539d,3857.0,2024-04-25
c36606fe9f429975588ae15a4b076113,5284.0,2024-04-28
c3670d627853a42d4a62c96bfc13c171,5726.0,2024-04-27
c36b9dbe982e4bf0b87c4ba7c8b18a73,2124.0,2024-04-24
c36bafc212ff08f614d8f4a6e9ffd595,2612.0,2024-04-29
c36c144db30405c935cdc7c5b2e5f4eb,1418.0,2024-04-23
c371a4a9b2bc551a79415e79cb04760b,3404.0,2024-04-29
c372464dd2e692499057b275e746fe7a,8141.0,2024-04-25
c3732bb688b6e2efff51f72507d3fc75,5677.0,2024-04-25
c374780ca68c684c9ee4916ae5f0d8d9,6135.0,2024-04-26
c376e35bb4db0a57a1d99f48725131f6,1755.0,2024-04-27
c37b9fc716c8e23ce088b7a77d6a9213,9484.0,2024-04-24
c38339a972ec9563f1c07bea90908a76,5393.0,2024-04-28
c385493ffc018c90889f81808137f160,4410.0,2024-04-29
c38802ff4c92384fcbab9b863e5a7dd3,4418.0,2024-04-25
c38dd03f9858ee1e09c2509c47efa79b,6220.0,2024-04-24
c38f0e885723a6d14b9e34c38418cf0f,13304.0,2024-04-24
c393e65104e7b370e5758cdc6f3343eb,4460.0,2024-04-25
c3982383dac31174c0d237fd2ff89998,13299.0,2024-04-26
c398d07fcc4f8095d5e32f9710360670,4152.0,2024-04-24
c399c3068a701a27ddd13d1e1ddbb497,9161.0,2024-04-29
c39a8996723b1a62ad44795b04e2669a,9789.0,2024-04-23
c39daec267cb90a507f1cfeae72c3cc0,9246.0,2024-04-27
c3a036363836c6a9f9d4a740311dc2bc,3666.0,2024-04-27
c3a3529409722fa3673510301cd105da,3324.0,2024-04-27
c3a377a8189ccb7bb631f4070d29cf23,8112.0,2024-04-23
c3a37fe881a725f477277f57d8989108,13146.0,2024-04-23
c3a554791db820880fbd44143d0837cb,6264.0,2024-04-23
c3b047530be22c485f4180b5ff5812ed,5915.0,2024-04-28
c3b6d2237fcbc29c95ce0d7639b82119,5200.0,2024-04-25
c3b80d75ca92385f3c5b103e875fa04b,2545.0,2024-04-27
c3b8d3da3ee6e9c5a98b10687580cb5e,5131.0,2024-04-28
c3b8d6ae4a22161e856e637e9cf4532e,1829.0,2024-04-26
c3b991005a54ff54b90d0df9f65836df,2191.0,2024-04-29
c3bc7aac573e7564e98cac949208552c,2735.0,2024-04-24
c3bca7d0da8926a35fc3353ebc02466d,8040.0,2024-04-27
c3bd6a9fdcb08f6f32e01785a0c42538,7646.0,2024-04-27
c3c349ad24239d906a21137378e59991,4869.0,2024-04-28
c3c9e6cc55df47a5202ee85f0cbf647c,5577.0,2024-04-25
c3cdb882eb3f7cb74fd208453e671f96,7366.0,2024-04-24
c3d074e5af9a1330ebcfa93df61d922d,4101.0,2024-04-26
c3d75cc94e3280f1cf05af375455f215,5102.0,2024-04-28
c3d79f8c4fca0319de35fff2b1ad12ca,6112.0,2024-04-26
c3dbea92b764f2acd80675fa220d48d4,6625.0,2024-04-27
c3e40f25fdf04ed1d27fca1010d99740,4698.0,2024-04-24
c3e968306c0df5a9af36fb81f0d7db59,5586.0,2024-04-24
c3ed786e0168d46dd35cf5cd47da8036,2923.0,2024-04-29
c3ee4304554ea73cfbdb932387537914,3530.0,2024-04-23
c3f25035c58b58d23febc057adac3b6a,6070.0,2024-04-29
c3f65e5bffcbd47961e46b9af017a51b,6317.0,2024-04-27
c3fe6a42c1fd679c523624ef2ca94984,3884.0,2024-04-28
c3ff6286abfa292bb3d8057730cf8d3b,4245.0,2024-04-28
c400a386bede80e7b09eced0726cfa28,4131.0,2024-04-23
c400b0147d831aea984afab2169e5f31,6086.0,2024-04-28
c406184d90539e5df278f0f81218a292,4947.0,2024-04-25
c40666099e624c927eb3983cae394dd6,4129.0,2024-04-24
c406d36d9c81af31465699a0225ed7a6,606.0,2024-04-28
c40c11cfb421ab34384a93fd9dde8628,3681.0,2024-04-29
c412c64569a3c7d92a70131cd942b4c0,4712.0,2024-04-25
c4136165199919c08f6fab2be3b36331,6020.0,2024-04-23
c41375e82d932e7b562d336b98179918,9606.0,2024-04-25
c413a014304eadba86a3c53376f7242f,12546.0,2024-04-23
c4177a26a0d1daa9185a6c78dd5b304d,3115.0,2024-04-27
c41bb2c6797e12c8b6736ee092ab2820,2454.0,2024-04-29
c41c73ca934cb8fa6fc32025729257c1,7289.0,2024-04-24
c427c60907bd5fd7ccdb78909dc8ae66,6421.0,2024-04-28
c42c92646fec5136eddd29855eacb432,8472.0,2024-04-27
c42de765dbd61840222e16540cf12f85,2997.0,2024-04-23
c43663136ea45aaa6de2b19bf7355372,6846.0,2024-04-28
c4377664721ce92e4b08b2c8e3668c6e,7663.0,2024-04-29
c43a50cdac665b393d6baaa0b02cf3da,3509.0,2024-04-28
c43bb7ad06cd58bfe9196bad8bca0ff6,4357.0,2024-04-24
c43f4ea2c2aa3727013e0d21cc2fa642,12980.0,2024-04-24
c445e2b221692e6bbd9fd604f63ed6d2,4433.0,2024-04-24
c447c79a5714c6dde784e050a27448cc,8356.0,2024-04-26
c44da11ae2174c5633df73c4005d8f2f,5096.0,2024-04-29
c4526f7d7667dd601b73380c3603bfda,3008.0,2024-04-29
c453a16cf81552f75d20bb6deb997365,4333.0,2024-04-25
c4549697f2ef3827244812fd9d50e9a0,6834.0,2024-04-24
c45968693016d7b34fb98ff314ecc0a0,2656.0,2024-04-25
c45aba29b64166b8f3371d1b9b5a5f04,5605.0,2024-04-26
c460fce83885ab5056e716405865111b,3712.0,2024-04-24
c463c97b5889383fa0773d000bcc4a89,3747.0,2024-04-29
c465036cd9c99e3c66d1b09bc58e4f8d,4803.0,2024-04-28
c46a512f4a1472c5f2a00b0dccb7307b,8733.0,2024-04-24
c46f69528c6e9e9b20c44c618108b201,2579.0,2024-04-23
c4708517b978b17d728bb4d9f6da4871,4079.0,2024-04-26
c476174eae858ff8cdd4e7eca1be914d,3475.0,2024-04-24
c4762de19580d963d435303fc7fdf1c9,2811.0,2024-04-27
c4762e4481a4f779e94dde3fe1ef3ff6,8521.0,2024-04-26
c4825851568e73a5efa9d93b3c599c4c,7617.0,2024-04-27
c482854b5f528f03b130fc86ce288dbe,5641.0,2024-04-26
c4860510742ec2af1725f5bc17a379cd,6185.0,2024-04-29
c48c8a45300426188a38567c7bda1d41,4476.0,2024-04-24
c49e4deed7d48692bb11488e368af529,6176.0,2024-04-29
c4a8e757d04dd5da73fb330a4cac17e8,3619.0,2024-04-25
c4a92b7e999e409c037641f97357ad9d,1819.0,2024-04-28
c4ad9efe86f63ad9f291963cf892b945,3829.0,2024-04-29
c4bfdd4cea10fed7fef5b3879aaacff4,8510.0,2024-04-26
c4c03877a96511e6425d953c73fb108d,6258.0,2024-04-28
c4c125d89096ff08e222594fd92aa2b1,6630.0,2024-04-29
c4c1300528c845e917b13dc53ac0b105,3260.0,2024-04-28
c4d0edd8cbecbaab4675a6adcb8d54ef,865.0,2024-04-23
c4d1302b7e26283d8c7f9a9803239de0,7283.0,2024-04-24
c4d5b108f590e3a229304684a1f4d4f4,1898.0,2024-04-28
c4d8451757365a6bf09355014b024f61,6147.0,2024-04-25
c4e21b3cdc3d49c00c7e9696d2753967,6685.0,2024-04-24
c4e37f24984404093f26ca5274c4d503,8759.0,2024-04-24
c4e40efae0786ed4573ffcc783f5be94,5101.0,2024-04-23
c4e4316bf170c0804f08b98b4d1d3a89,11025.0,2024-04-23
c4e4f64da1627ea7e5a7d877a4c92444,7489.0,2024-04-26
c4e6c66d6933bf8c91af1e0c002592ab,3509.0,2024-04-23
c4f12be4c8cf0b5a955612cdb1cabc6d,3454.0,2024-04-28
c4f86033807961e8484551220ee7d770,16429.0,2024-04-23
c4f9bcc3f01bf29344d21ec0f5a384f2,3990.0,2024-04-29
c4fd7d23c0e2d1e2f02f51d9f35b44e2,4983.0,2024-04-27
c4fd7e3120f003e23e7c4e586177a502,13622.0,2024-04-24
c4fe0e667db1028923cb5c318b19dec8,1217.0,2024-04-24
c506491275524a483c45acafdee1d1ed,3650.0,2024-04-28
c509740aed6f52868de5f8cbf6a844aa,3348.0,2024-04-25
c50b71bd94d8133c97713a5c3cd10c38,4231.0,2024-04-26
c50cbe64e20883ec2d90bf1d69935ef0,12418.0,2024-04-24
c50d7d7af52e2a7053fae2358c6ee07f,1573.0,2024-04-23
c511cb9a0458bfa0d6152d8833378543,8781.0,2024-04-27
c513318d9f2673c66454e21bb7bca077,4292.0,2024-04-27
c515a8ca94f42d79da2eb9d690b8fe8e,6092.0,2024-04-24
c515ca3712f4d20c4f14c589e7bb2c86,6751.0,2024-04-29
c517f306e2f2ee37b9467b43ce63820e,4858.0,2024-04-25
c519d824c6c8916fda9c47e546c40664,8509.0,2024-04-26
c51b5c84b3b601723172bdd60bfee03f,5367.0,2024-04-24
c51bb7c533415b370c861049de181c91,4669.0,2024-04-29
c52112b833671259239b8201f0df7451,5643.0,2024-04-25
c521a9be39d386dbdbb4ccfcde3be90c,3799.0,2024-04-28
c52427cfdcb59e1cc2aa9aadbd1373f5,6681.0,2024-04-26
c525376be7227360b3bbee47938b263b,4374.0,2024-04-24
c5261e9e272a947bd530f025fe417083,1936.0,2024-04-23
c5267036dfbc29e7f8fdb31c7a94e6a9,5417.0,2024-04-25
c52df06dc322eb3776ab7a48aaca7be9,6431.0,2024-04-25
c52f9da855dd3c21d56cd9f429bf9c0c,4405.0,2024-04-27
c534672ea22c96370fd12d80e3f4387b,3821.0,2024-04-26
c53f5d0772f4e3ddfa2a8fcb9407e555,9483.0,2024-04-28
c5405e946b2b863566c260ede9e90975,12762.0,2024-04-29
c541e5f858d1ed92fda3bcc6cab0a9e6,5393.0,2024-04-24
c547a7bb16a830e90a00a5cff0de30d1,6456.0,2024-04-27
c54c21c116ac88ea4638a2dbbfb91fd4,3805.0,2024-04-26
c5519355e541a5d356e1dd8b78111cba,8078.0,2024-04-23
c55cdc727a5bf2aef39d5d538c0dc0b7,2748.0,2024-04-23
c56532c367c15c2b7d99ec1b139a5640,8342.0,2024-04-24
c56b3c4bbff772ec71c8c79938b05409,9198.0,2024-04-27
c56edd68b31c6ad47f8e117585be0da5,2196.0,2024-04-24
c576c46ef9d83df7325d88dcce1c4fed,2536.0,2024-04-26
c5821582285dd7747bf703a5e140836c,5619.0,2024-04-24
c582287d66a0e1d3404655c113fc39ce,2134.0,2024-04-29
c5858fba7da569894ababb89de844bb8,3995.0,2024-04-28
c58dd0540edabd6ecb9996a90d07e393,6859.0,2024-04-26
c5902574e566db90fcd2f3cfe6158935,4076.0,2024-04-29
c590e075a2585f923e0bb2a66255ea55,4753.0,2024-04-26
c5935639753e378096e30d8ba2bc1f2c,3242.0,2024-04-29
c59c597abf1617ac135218190ddca498,4016.0,2024-04-28
c59f105b7202ca987f5ef797b910b28c,6518.0,2024-04-24
c5a0b8746dae2153f11902aa2043b668,7931.0,2024-04-25
c5a4be8ef76c5fcb9c3fcb6ca34eea04,8633.0,2024-04-29
c5a687cd64887c54a177524eb7ea3134,9559.0,2024-04-25
c5a6f03873d2d1f6ce98ec4f84ea8b93,3067.0,2024-04-24
c5a7e714dd20943e893ead1653011e25,4593.0,2024-04-29
c5aa1b7e9e9b1bab8b0e06a22c433e75,4250.0,2024-04-23
c5afe64ccbf8fa22070a4e02b38a8558,10950.0,2024-04-24
c5b2d428fcd928a22e2574a233cea246,2539.0,2024-04-26
c5b514477150c25ab7bf494e9208201c,3490.0,2024-04-28
c5ba964d0e5e6dba7a112a2ba37c28b3,2279.0,2024-04-29
c5bbf9406ade28c745b4f8302ac37e27,4303.0,2024-04-23
c5bcc8898deb5483b92d51cf0926091b,3786.0,2024-04-28
c5bde2eabc415d367f564669a5e71d25,5340.0,2024-04-26
c5c3c21dd20aae5fe02710f5eb0b56ee,6788.0,2024-04-28
c5c80d88d26e04cb89238c6593fa3794,7743.0,2024-04-26
c5c83f3185029940a1e4e75b83227c38,6768.0,2024-04-26
c5c99e97589b0ce5ff97dc56eba86cdd,10602.0,2024-04-28
c5cebd831db210a481d359c0071005c5,2653.0,2024-04-25
c5d5965a65a113e0803d996ab70c594e,14507.0,2024-04-29
c5d8f0cc082dc552cebb5c3daef0d7bb,6278.0,2024-04-26
c5da9240cc696fdcd094664380227e6a,3839.0,2024-04-25
c5dc852b01ad0d5cda46fb96db189418,7257.0,2024-04-26
c5dec736e34144e3cab3df05f1f1f019,4074.0,2024-04-25
c5e1d1baaadf0f78ceee898dd1d35e69,4049.0,2024-04-29
c5eb1edf128761d0b60ecbcb87de80d5,6229.0,2024-04-26
c5ed37d627d1568f85e87a9f903be33a,2623.0,2024-04-27
c5ef7ad6fc4d58f98a2bebf3c685309d,2950.0,2024-04-24
c5f009f67236b0618f5c4a7cae6a3115,2208.0,2024-04-26
c5f30a0fbb1e611e509b0e853fda740f,7121.0,2024-04-25
c5f9c9d92c84c5b505716e7264c2e409,9290.0,2024-04-25
c5fdb1bf3553af4ea9e952531df8d2ce,6146.0,2024-04-28
c5fde29321aeb682c315513da214bb6a,7395.0,2024-04-27
c5ff4634b2148a076f8e75c8ca285d36,7893.0,2024-04-26
c6001a011fba1b86573971a93157ba2a,4214.0,2024-04-27
c603768cbaae564554acdccadf9aadd7,10151.0,2024-04-27
c60e4a2930cf3132e2412a3a89078862,4709.0,2024-04-25
c613b49d965f68249ea1c81026629034,2963.0,2024-04-26
c61e03fbf93790d22267d6f2404646a0,6573.0,2024-04-24
c621228229e846d9abaa84b061d93865,2335.0,2024-04-27
c622fca52ea7a852af99cee301638a16,4004.0,2024-04-26
c62534a258777916baf9219a882f2c05,8679.0,2024-04-27
c62709752ee3667de53828d08f1ed188,6785.0,2024-04-28
c62991b5072ab3ae6e3e2884940276d1,3599.0,2024-04-28
c62a1a454506f56094200378353844bd,5443.0,2024-04-27
c62d8f8d94ce8f89267829492b85bd1e,2092.0,2024-04-29
c632510d59bff3b5ba3a9367a5f9d239,2508.0,2024-04-24
c63305f4645ed3b6e7edd0ae7dc1a44e,7556.0,2024-04-26
c63f093f3f28dbcb30de4f789a06ffe5,6571.0,2024-04-23
c6445013e0da7244a9120c099c50a655,8645.0,2024-04-25
c6446888601a81ef268bb365361a5e49,5905.0,2024-04-29
c647d388f11aa93d9e3f477afef8b91d,3076.0,2024-04-26
c647fe1bc0f755719a2685f199401b42,5372.0,2024-04-25
c648cac7c131be5b656994186ee52eee,3292.0,2024-04-24
c64aa6cdec40241196dda70495771f8a,1729.0,2024-04-23
c64d8f39191482a05c4f8d8da0ca5288,4920.0,2024-04-25
c65374ac7614c635f7cfe7ce16971bd4,6370.0,2024-04-25
c657391afe1af32939061435f99379ed,7574.0,2024-04-23
c65d38e1b7d5f2bcb81eb7685c9cf61d,7194.0,2024-04-24
c661d92b7e8a899d1b0e59fd356ba9eb,4845.0,2024-04-24
c66363f0f897fb83ae7c7da690c0361d,3237.0,2024-04-26
c665fa7d5c3b096094bf5e4002600f52,6477.0,2024-04-23
c66b854745866dc4ad297e2b174a53f8,5068.0,2024-04-26
c6724820b54c16ad7665aae578e15386,1968.0,2024-04-25
c678e6118253424b27e89c3774af74a4,7204.0,2024-04-28
c6823bd33c370b027879b026a03ef7d1,5506.0,2024-04-28
c68b11edeb55bf9936fadf0fe38674be,11084.0,2024-04-28
c68f2d3b6afd588ae68b77756e460a3d,5924.0,2024-04-28
c696db00a6fb600ec89c7974a7a86d5c,6614.0,2024-04-25
c69bb1a2a0c5b773bc54c204d7ac4934,3683.0,2024-04-25
c69dee0cfc4b36dcbbbfc8b3368ed0c8,5246.0,2024-04-27
c69e17f1c0d4350e48a7bd6c19195a9a,1863.0,2024-04-29
c6a313ea8da85054ec8f761b225a1004,2899.0,2024-04-23
c6a37828306d6f39aba37a2fb0f4e763,7071.0,2024-04-25
c6b01802abe73614bc1d68f4c54d5929,6871.0,2024-04-25
c6b0c10d26c65a002f4fdfd2324fbd3c,5721.0,2024-04-26
c6b3fa1b00173d504969c35606ae3ad5,7978.0,2024-04-25
c6b7488673c62a0580cc2ce551243a59,4703.0,2024-04-26
c6b775166bed756c71226bdcd84469bd,9034.0,2024-04-23
c6b9d72b78936467d6e0cfd3fc53f153,816.0,2024-04-26
c6bc3e59cc4392ac6e207aefc40c9573,5765.0,2024-04-26
c6be4dfad2f1b109aa171382a6067a4f,2550.0,2024-04-26
c6c24712b022325aeb9553e24fdfff97,2048.0,2024-04-29
c6c7c90967e996c0e38a9bc530f212f4,9265.0,2024-04-24
c6c86b728e33624a3c6ab1bbe86f5d69,6683.0,2024-04-28
c6cd94bb9516cbf514c0e828b0ef5ece,4523.0,2024-04-27
c6cda362241253b54193b8c18a220145,5665.0,2024-04-24
c6ceb8d01c6dcd74d09f44536b9ef379,5057.0,2024-04-24
c6cf7f57153febe5973cc3befd38d43a,2756.0,2024-04-24
c6d334ad946e2feaebfe553158568953,4528.0,2024-04-23
c6d3542d8796890a649ad941a0cb08af,2917.0,2024-04-26
c6d63291d6c7b806861d4e8691d1c663,7775.0,2024-04-27
c6dbd60d0a90cb3c25f07ebb8b42fa29,7628.0,2024-04-26
c6ddc9e9045ce8a4ab79c196537c28fa,10358.0,2024-04-26
c6e17ea4d09c88bafa85ed811892139c,4972.0,2024-04-23
c6e3c28d5e0cba22dc99dd07396c3706,2818.0,2024-04-26
c6e614e68c0937c610299f4d0e67b12a,2977.0,2024-04-23
c6e90e9742279cd01cbb44cde12683e5,4741.0,2024-04-28
c6ecaca7dbb709dcdee5b1a37fa37986,5280.0,2024-04-27
c6ede7f01240b073b631f690e5fecbd5,9384.0,2024-04-27
c6eee963f3193e4854bb8d5ec4efb66f,4459.0,2024-04-28
c6f4995b9bd0c8ca17153e0c2ba0f980,6793.0,2024-04-23
c6f50b080226c9d9dfe0c47ad2bdb1d6,7872.0,2024-04-25
c6fbb81f1d740d3e3a5a7c1fae8bc487,4244.0,2024-04-27
c6ffe34d24d883cc9275694645528f43,6809.0,2024-04-23
c704a5bf261426008e78fcc2bfa6768b,5160.0,2024-04-29
c709fc264fef24a9128481d34602cd34,4669.0,2024-04-23
c714cd99ccdce5380406afff7b0dafb3,5947.0,2024-04-28
c7154265a3798e6215dc226d2acf8bbe,6749.0,2024-04-23
c718aac563362d676c5461a0fb285587,1608.0,2024-04-29
c71979ee4976a9561564f5847b075f5d,3137.0,2024-04-24
c71b170272c0cdefe0e1b0bd98609202,7295.0,2024-04-28
c71f0e664fedb6e353f2915746bcbbc0,2463.0,2024-04-23
c71f6c3552526bb7254493b67f865f25,5326.0,2024-04-27
c72255ac7bdeb788eb94060f6be369cd,3987.0,2024-04-26
c7253fe83b71c7bb2c01a8f8127de93c,6399.0,2024-04-24
c7277c4caf47fe92c257f3fae2449045,8378.0,2024-04-26
c728de67471f78172d8a67e6509c7459,5398.0,2024-04-23
c728f273767cc8639d51aabad09fe189,8580.0,2024-04-25
c72d4ecac741753074d30c9015a15158,13714.0,2024-04-28
c7385021a05a11f047aa056c0bd1985e,2274.0,2024-04-25
c738644ab4df04852282ae974a5e4a29,5213.0,2024-04-25
c73ff5be3515d141c987e5dc840589d5,4746.0,2024-04-29
c741a0b476d3072ac2560b4a8e233cb9,1747.0,2024-04-29
c745535c6972d1af1d889abc4e6fa993,5327.0,2024-04-24
c748d7128652de5229497466d1f8dfe6,5649.0,2024-04-29
c74c59c0c4c5a0a55d2f26fd8026becc,6599.0,2024-04-29
c75425c2279f3155ec8681e2c4de437a,2334.0,2024-04-29
c7543e8f6093cbb3369f07d00b65e29f,3527.0,2024-04-23
c7564ec1305b53dfee4753cc4f007df3,7383.0,2024-04-29
c757e9d514dd02fcbd6f028fe8631c8f,6095.0,2024-04-27
c75f3865f1f954783424d5a4c925c51a,7158.0,2024-04-26
c76419907498f9ddcc650b1c08389643,7301.0,2024-04-26
c765562b4fc86294d0d797e387c11c52,9716.0,2024-04-24
c7656f38bd00e0ce046ff26b075729dd,2854.0,2024-04-28
c7681c071f8707484036a04daad70b87,6772.0,2024-04-27
c76a5fcb1663372ca9500dce15d94356,9558.0,2024-04-29
c76bd5061d03ecb59a37ba1c67fdff86,3593.0,2024-04-24
c7725a96b6b9af751394292b38107aba,7905.0,2024-04-23
c7799e4647d3d5eb16cfd9fce0446265,5260.0,2024-04-23
c77aaf13ff72e80a8bd74f0f256951dd,3171.0,2024-04-24
c77c4073b5ad2259eb85adb13438afe3,2835.0,2024-04-28
c78555665e33262d2eadf96ad6b691b4,6938.0,2024-04-26
c78b753fe83fb83461174f859653eb7e,2955.0,2024-04-27
c78ffff203dcb3e860740d6a1bf64f94,2017.0,2024-04-29
c79296b9d8ac9d505ed87c505431a826,9389.0,2024-04-25
c798c5db053d3ef75afc684a36372ef4,11614.0,2024-04-29
c799ba079fe19362a267f9d6e4ed09a5,3304.0,2024-04-23
c79cb433de53747cc09b0b61d60dbe12,2208.0,2024-04-24
c7a1147d8d191cf3bdbcf7b76c53db39,10713.0,2024-04-25
c7aabc83f0a8cc8e2e958803ca68dfe2,4591.0,2024-04-26
c7bf9aff512d85746b16c0645f68c626,5073.0,2024-04-24
c7c24381283e29e2119ea0a897857f95,6629.0,2024-04-25
c7c675375532ed515dfcb1940b408e05,17029.0,2024-04-26
c7cb6c9c4aeda6a0aa0da95940e37133,6654.0,2024-04-26
c7cc44648b30508b516ee21d98cb9552,3859.0,2024-04-29
c7d06c0a9cf6e3e70b22ea04dde4825e,5044.0,2024-04-27
c7d1f246703530b2ebef6c56693e5dd1,5118.0,2024-04-24
c7d272bb8b16f29287ea8daa2e65bbb8,5392.0,2024-04-26
c7d5e682a40293ee688eb46ffaa7b141,3364.0,2024-04-25
c7d9954a741dc01b5996342895458a30,4092.0,2024-04-27
c7db7fd174f41897aa56d2998158c283,2895.0,2024-04-27
c7ddede425c18b21d4c1a6b9529e92b8,3278.0,2024-04-27
c7e02be40da023f2ce1a9966db6a1a77,5175.0,2024-04-27
c7e0a48c01eb997f19ed7fce30c8e799,3754.0,2024-04-28
c7e38156b019f6fb839e66a0f599f732,1210.0,2024-04-23
c7e5a91849650fc773e90d28c382b753,1567.0,2024-04-27
c7ede2679702c9d6bed42293ccb9068b,8899.0,2024-04-25
c7f251b24c753b67d7b0d037198734ef,8924.0,2024-04-29
c7fecaed5fc783f7b322cc393bbc2d7a,3789.0,2024-04-24
c801315cf8667ee04c47b6c583da68dc,6386.0,2024-04-27
c803393b7950e9f7ae802f8ada9c0c8f,4528.0,2024-04-29
c80e2cf8a065f916bd5423438162ef81,8280.0,2024-04-29
c812003ec48dfd708f6254945ede2a52,3028.0,2024-04-23
c8142f148855653b45660da829ccdd8c,6159.0,2024-04-27
c8144c5bf9100a20f0c22d4dfb6667c2,2231.0,2024-04-25
c8173e7e19718e3bf25608aabf49e493,4245.0,2024-04-28
c81cf424bf001cdb6cf146ccef5c4fee,6383.0,2024-04-27
c825f38da5dedfe76c15d6da649419c6,8576.0,2024-04-29
c82dcd867c608c17de82eb19f034b5b1,4993.0,2024-04-27
c8359169162d4ea4dfad338a223a1466,7523.0,2024-04-27
c8377cfac2d5721a3e28a5c4bff87b66,9086.0,2024-04-25
c846c016b5da26f7bf692d1dcfbe036d,6950.0,2024-04-28
c847654bd973f4731bcaacb719fc4f52,6086.0,2024-04-29
c84a8a13c0888660945d251f9e8d3fe2,4687.0,2024-04-26
c8501ec12bd5270485e18449bf0eb3d3,3014.0,2024-04-23
c854d957441c098e4dedcf804f66649b,3024.0,2024-04-28
c856bdd4624d9f53f42f5223360ead97,3828.0,2024-04-26
c85c32111e43340ab998a24f8a42a5ee,4408.0,2024-04-27
c85e24c6101a43afe48599bd7588cd10,2895.0,2024-04-25
c85f37a2d04451fecf33c7ae0a3cf8d1,4804.0,2024-04-27
c864de1cb7d274cdfe78aea5567977df,6608.0,2024-04-27
c864fd51d1ad676387904f4343d96138,2567.0,2024-04-25
c87275a77e4845b6b6d1de29777624ac,2889.0,2024-04-23
c873eed284c4b05781fdc63c37c4a6b6,7679.0,2024-04-27
c87602e84f54c95958e6381825bfe24d,10424.0,2024-04-24
c876709a908d7a22ada2383a53d6e303,7364.0,2024-04-26
c87683c8535c99ab142905f1aac88dde,9166.0,2024-04-25
c8793382e1a7e8b5e141ac0c23afe36c,3739.0,2024-04-29
c87d855bedc05fb3ba01c51826a5698e,1743.0,2024-04-27
c881aa787189ab9138229b63c19dbf7e,12495.0,2024-04-23
c885a3501e2cddbe29ec461c5ee0384b,5893.0,2024-04-23
c889962d620dcf1a3e140ad2e837747a,3005.0,2024-04-24
c88e34f6a83e3731b5bb38780d92ff8d,8973.0,2024-04-29
c89015b0f701be683358a11af3f638a7,13741.0,2024-04-26
c8931909cc8c4baca13df6ca1d924f77,10735.0,2024-04-27
c8a0073ef35587dbe7565809a9051331,4077.0,2024-04-27
c8a8ee0c60999059aef1637adaafb4db,5508.0,2024-04-27
c8aabe6241cee5ef1a83a2247c20d7e8,5485.0,2024-04-23
c8b0132156fd6df410c00524a885b0e2,2666.0,2024-04-28
c8b1c3256a55dbafe11197cbe8e3cb75,7956.0,2024-04-26
c8b2c829530d0f0135121dd843fbb06b,8925.0,2024-04-26
c8b80bfc4805c43e6d49b7ac47748c6b,16113.0,2024-04-24
c8b9105f838a7be1cafa826d888a3ead,7726.0,2024-04-24
c8c3a79ed2a134cc4798a9badbddf005,7589.0,2024-04-23
c8c64cb7820b12614e09fb87e12b40b7,10431.0,2024-04-27
c8cf48984f268e6f480bef7495557882,2093.0,2024-04-26
c8d02df9da509717ba5b66bc9c9487d8,5593.0,2024-04-26
c8d1f0b0c8c118a8925dbb293ebade8d,4417.0,2024-04-26
c8d22265aa55c77ee823662a91dad3f4,7216.0,2024-04-24
c8d74eb94b746cb1df3d9d58f38f3813,9199.0,2024-04-28
c8dcbd5d181dea294cd99bc35c245d22,3935.0,2024-04-27
c8e22d5e7e376e341da856c92548b8a5,13729.0,2024-04-29
c8e3502c59c9f3062c438bde8c43d881,7528.0,2024-04-28
c8e49cea0d0e8d8ccd19e8c865c55c88,6896.0,2024-04-27
c8e8c071c54b15b74691396ed94ebba8,1787.0,2024-04-28
c8e8d5ef628d209fc029592fd27cd765,10854.0,2024-04-25
c8ec1a78dbcd94b4fed1a81f9d9594d9,11156.0,2024-04-29
c8ec4b163fe1f770ae59681165d06eb3,5502.0,2024-04-26
c8ed4e5e43a5741c99364cb6eb68931f,3087.0,2024-04-23
c8f03e9be078fcdf24f617e70ef6f1ed,2706.0,2024-04-28
c8f0c64ce695499906e5d94581bf7806,1822.0,2024-04-28
c8f68cc7e6194422fac662be0bf53db1,5980.0,2024-04-26
c8fb13607a08284890be35e426dfc4d4,10910.0,2024-04-24
c901fd09b55cb6b52394a6413d399118,3446.0,2024-04-26
c904ecc0792e5b48b72397f75b9e6ba5,7663.0,2024-04-24
c912a162658a3fadef0e689a9259aff7,4170.0,2024-04-27
c915c5f80ba0c15b13d7284740bc750f,7695.0,2024-04-23
c916b9e43d1c1cfbe1ac4f29f40dd7f7,4927.0,2024-04-27
c916d712b18420251cf1dff4d3a64e76,7336.0,2024-04-27
c91db78f83f70bdec9820874492cfa6a,6795.0,2024-04-29
c91e1effcc0885e623ff15c8f704cf4e,11856.0,2024-04-29
c91ece81e7948cab50d863415d76ec5a,2208.0,2024-04-24
c925f7e2d413b6021ad6f4fdecffa09f,7109.0,2024-04-24
c93467586294baa7cdc674a0157d893a,6526.0,2024-04-25
c93754b6fdfefe0665c0c5bf59eb5f6b,2042.0,2024-04-24
c937c3934618d973b7bd41c35cc3ca05,7289.0,2024-04-28
c93ce6c3fbcaba99f17016d62c1c3b72,2050.0,2024-04-23
c93d75318fbbbf4123f1bc433afbac9e,5227.0,2024-04-27
c944e772340417587b4c94e66f63d5c8,9575.0,2024-04-28
c945015c903a31638f294da41799853b,1465.0,2024-04-24
c947fc343bc995b3441cdb9d73cc659e,7693.0,2024-04-23
c948a61f941db201a100f6d6c437092c,5946.0,2024-04-25
c949aff942110d516c2ae18e13003e92,8071.0,2024-04-27
c9611b435b30f053266c2d4250856ceb,3934.0,2024-04-28
c9624239ed042da6967b7261c987f806,11637.0,2024-04-25
c966c5b4956e600e5e09f5e89c9e6ef2,1576.0,2024-04-23
c968a72cc84af501bc3177acad7b1485,5332.0,2024-04-27
c9691d7b00b577aeb0deb7fd51490d97,5844.0,2024-04-28
c969eb35fe4bde7b2bd16e55fa104f20,3838.0,2024-04-24
c971382d7a8feaf64400666dad665184,8948.0,2024-04-23
c9741c4b7a841234d3ab860a3aa9fab7,7722.0,2024-04-26
c976e94be53417b9892a2320bff0aa5a,4332.0,2024-04-29
c97b059c29ca28a2c533170c8db3db95,2811.0,2024-04-29
c97bd11af7bc8c98a51d9127083bd90e,1886.0,2024-04-26
c986e20d5b0750d364da94e42cc02c2d,5091.0,2024-04-28
c989f7121f6ce5e41868f36344ac0903,5170.0,2024-04-29
c99104511309c59e683a512e1404322b,2576.0,2024-04-29
c994f1b28f4b3b490188581a436c1b9b,3812.0,2024-04-29
c99fcc0f7fbbadf8a71c5390fb9ecaa1,1853.0,2024-04-26
c9a18034c85b034a3045efaad9813720,2999.0,2024-04-23
c9a2ae3899d2208c3f7c85cb0ea3ffed,7328.0,2024-04-27
c9a559a83343c2ab7e93c8bdd08c771f,3585.0,2024-04-29
c9a599cca30d9460cde01e705fde7d02,7601.0,2024-04-23
c9a6602afab338da2eff4bef4710c6f9,9301.0,2024-04-28
c9add17dd9ee83368c0453d01a695004,4777.0,2024-04-26
c9b1068f70032c2709c91ea8e2725ab1,2971.0,2024-04-23
c9b311e2b2aa3c461d2b1cfb99f75dd6,4954.0,2024-04-23
c9b4d66b0cc37e47d5b57c07a0275c1e,5460.0,2024-04-23
c9bc325d057f879feb69601817d1544a,10458.0,2024-04-27
c9c61c5c924d33500473da4791c5d4e6,8548.0,2024-04-29
c9c65362b8f620f4d4d44138446a8a77,7230.0,2024-04-26
c9cbe4c417c482edb8b386a6ebcb7134,8080.0,2024-04-25
c9cbec9871ff0d2652fbaef7762144b5,1400.0,2024-04-25
c9ccc8c1b931f87fc877592042fa90b1,6739.0,2024-04-27
c9d5854d6449e41ac1b4766119cd495f,10388.0,2024-04-24
c9d664b95d0b1791952b8798a0f6002c,1947.0,2024-04-26
c9dc7c84ad665c93435f497f0fd0ad25,2127.0,2024-04-24
c9e0787ff30c7027f152b3a2dc63a00b,4246.0,2024-04-24
c9f41bd7dd8198f72f5921364d9ae9d9,3877.0,2024-04-27
c9f60e8e112f36b477aba5096ab2e709,1817.0,2024-04-28
c9f7f186fda69d3e22839dcb3026cdf4,2255.0,2024-04-29
ca0035bcbba071d0f25a8ab0704a1cbf,2704.0,2024-04-29
ca0c877b7bd22f263489d1445d3286b5,10619.0,2024-04-28
ca0cf42afe755849238829bc68cfebbb,3116.0,2024-04-28
ca0e1da369c08e35c4d9608eca02ed46,7323.0,2024-04-26
ca0f068d5c4a0526f3b999fb9576d181,4186.0,2024-04-28
ca0f58c8e1d049e0a222985773c2b061,4797.0,2024-04-27
ca10df36f2390bdc20fe6825b54b448e,16193.0,2024-04-26
ca11a3effe5c5cb5a7f5ae16b551616b,5224.0,2024-04-29
ca11f5dd2899d2b36d39da248db60c70,5062.0,2024-04-27
ca1842879c68c6aa73c4c9fb4db7ead1,5569.0,2024-04-23
ca192351250e0b09873046033973269e,1692.0,2024-04-27
ca1c01bba5d110778c2281625333078b,4740.0,2024-04-25
ca1dd1b016968b6985e5ad543a8b7812,2509.0,2024-04-25
ca23840c3190dd54dc6dac2067de998b,5226.0,2024-04-27
ca2561884f55a5545cd303b25dd6bf83,6715.0,2024-04-28
ca313833b2f3aa33cf0c9b909c4a38f1,3765.0,2024-04-29
ca325852084340668cc4776665849828,4429.0,2024-04-27
ca33e459a2c97377c83932e4987e5b3d,3719.0,2024-04-26
ca364fba3b8126bbf44294c0f4b174b8,4288.0,2024-04-25
ca39e8bd461181275955d50e82df9344,4758.0,2024-04-25
ca3a89898a29039d400f76430d76c537,4381.0,2024-04-28
ca3f1fba40570c313b673542b80a7f8e,8885.0,2024-04-29
ca4927985c55c6b646c43fcd7c4f543d,5380.0,2024-04-26
ca4c4b3fd647e27964dc6d20fcf64e2b,3464.0,2024-04-23
ca542673f59c84f671b139b359de71ff,2919.0,2024-04-23
ca5ab8351a3bb03e46a43cce664fc958,5062.0,2024-04-28
ca5ae667acef84ce4d551f16101bfec6,4415.0,2024-04-28
ca5df648dc049866b5dd1dcd4f16aed5,7381.0,2024-04-28
ca623b91c6abfcbef2985805ae555d95,8852.0,2024-04-28
ca6244a16c3916aead5dc52d205270fe,1967.0,2024-04-27
ca65cdf032ac5acb192610777c005fef,7738.0,2024-04-28
ca688f68b847c8265e9587fdc5cb1c86,3107.0,2024-04-28
ca6a36f5e5b69b9b0774a6617513fbf1,6077.0,2024-04-28
ca6fcd4f090bd3ca4ea895d4f7d0aac1,3375.0,2024-04-28
ca73ab6c7256cdf4cdd3c79cd137949c,3529.0,2024-04-24
ca7506a1049e061f8c9f6b1a2a0aba63,4866.0,2024-04-27
ca788118773dde7becc9fbd8a5d237f6,8782.0,2024-04-24
ca8105fc6f143b0205fda9155d5932d3,4910.0,2024-04-23
ca8969240e6b861b12024cbd47fe55b5,2811.0,2024-04-23
ca8a2bed827019c64da29a9516ab1cb7,3399.0,2024-04-29
ca8d2f4607d8f93a9a1c45389d04c20f,8401.0,2024-04-28
ca8f4af31be7c63660c2d8f3cf023b55,5014.0,2024-04-26
ca8f7031a1716936ca844c30fd74b432,6070.0,2024-04-29
ca904a2d496523754ee11f0d2e9bff65,13365.0,2024-04-26
ca9094ef15f25e54a9e007ba44953787,3753.0,2024-04-29
ca9b81966f3f4a4be175083a71831f2c,4522.0,2024-04-25
ca9bf38090b4f6ebfb7cb6bf0f3f32bd,8505.0,2024-04-23
ca9c11b1845cc97314f45b4ec27ad3ae,7781.0,2024-04-24
ca9c9d9d338eaa0f8e2040935cdb342c,1969.0,2024-04-26
ca9cb0e461818c97e44b5f5119ee9ef1,5639.0,2024-04-29
caa10c2bfa3c15ad1bf47524d32bf8d9,3452.0,2024-04-24
caaacffc3e79139d27aa984c13b26170,4113.0,2024-04-23
caacbc228448aa7c317b3be3738f04f6,6073.0,2024-04-29
cab03db177b75e9bff8e4e7d34a54910,6014.0,2024-04-26
cab820d26d7ff720890613cca5a250dc,8338.0,2024-04-29
cab9b461903330e717e9e8e290de4f34,5812.0,2024-04-29
cad17d8c44674cbf46dbb3b0cf67052f,824.0,2024-04-29
cad1d44e79fb1facbb26d1acfac2d7c5,5284.0,2024-04-25
cad586b8d1e339ebdd3d850f1225b75d,2968.0,2024-04-24
cad811bdee3781bcef328c3c30a268cb,4691.0,2024-04-23
cad8d852c8d114d7f548b357634e373a,3018.0,2024-04-25
cadb22bb079f8a8903479c67dc7aff33,3682.0,2024-04-29
cadc8644c45ce00cd00d08afb8e34338,3059.0,2024-04-28
cae0ba222028b7a9c17e52444b84bc43,5092.0,2024-04-29
cae3e4ed8507fd6dd8ace842337f73f7,2994.0,2024-04-25
cae548d218a9a3a205fccfdf614c8382,2743.0,2024-04-23
cae55bbf0688ae03fd6947d4e9b92ec8,4671.0,2024-04-24
caf11dc74e302380c29d8a881c0d21f7,5619.0,2024-04-23
caf3ddd5e95d8684d738391ab38913a5,4910.0,2024-04-24
cafcd5fa8b80d2c4e2c58caea1f9dd01,1698.0,2024-04-26
cb0efbd771998bebb7fad37000711cc9,3540.0,2024-04-24
cb15613032b50da88ab8a3349c6bf94b,8368.0,2024-04-27
cb1609ecee3f8559ef11014618b7ca7b,8153.0,2024-04-29
cb16faae330d8a8a208c79862c03e5ec,8678.0,2024-04-24
cb17d9554f768236da1917f526da0fba,8643.0,2024-04-24
cb22643242667e4c8adee63c4416b084,3452.0,2024-04-24
cb23431c5701d9352072831ce1e37217,5901.0,2024-04-24
cb24a01d7322eddcbaf18458e3997018,6148.0,2024-04-26
cb24acbd0e07ca7159fa1134ef934d43,1127.0,2024-04-23
cb2a878579cbf6c2d7044dc9dc3818d9,6445.0,2024-04-28
cb2b5d5e7560f788e8626127299589d8,8335.0,2024-04-23
cb2e7e0817d2f9d03e9d5635f2d303b9,5865.0,2024-04-26
cb32cf893b7742b7683ce7616af47808,2649.0,2024-04-28
cb34839ccf36bc753277ac6bdbf83ced,5247.0,2024-04-26
cb3876d9ecddb61ea86d68e3c9099cd8,1335.0,2024-04-24
cb3b6eaf1462982d77eaebf8aeec454e,5128.0,2024-04-29
cb401c539acb4f2969b16a4fb3db93c3,12032.0,2024-04-24
cb4580f81fc325ed4f1d1cf5c50b2ec6,6641.0,2024-04-27
cb48a0213a732161627e62aae6daeada,4243.0,2024-04-23
cb523227d5d38b6e48c04f9b3623a565,13462.0,2024-04-27
cb54e866fdc146bfbc9ff7c0b3b343e5,4470.0,2024-04-26
cb5c828103479d5a90db47db06183b7a,2242.0,2024-04-24
cb5f9f120ff01b273ab0207020cb46f9,6433.0,2024-04-24
cb60339b295a5c1083fd8bfc4e2a1899,5875.0,2024-04-26
cb618415d28932aaaaaf71eb0b5a54be,4416.0,2024-04-27
cb6501d4c73398e48519ceaf9721db1d,2768.0,2024-04-29
cb67804df48d35338caa8747ef2d8597,4311.0,2024-04-26
cb68060591e17f49a7b2979182015fc6,1432.0,2024-04-29
cb6cdaaa10e0d0690282f26dd1b993d6,2253.0,2024-04-26
cb6ce8150771c6ce2650c92a386dc99b,8538.0,2024-04-25
cb6d1f0dfbb11313fe28a3200984ea79,4280.0,2024-04-24
cb6f5609f205b3352101e8d009fc8b39,12118.0,2024-04-23
cb6f855cc621b7e5800fd187db44b123,3402.0,2024-04-23
cb763c7ba7b4d4037e24d4477a6c5dd5,3235.0,2024-04-28
cb78e733956aba50000a584418ad2e07,7372.0,2024-04-24
cb7b479812f512e778473477c8db4a5f,1572.0,2024-04-26
cb7b838e5ccc41f8ab3a23d87ebafbda,5498.0,2024-04-25
cb846de5a6dd1b5548c38b7f20eecee3,2957.0,2024-04-29
cb8a7a06fa0d547c9475f634919bcd34,4187.0,2024-04-25
cb9b6adbedad9e2539c59056460ee493,1869.0,2024-04-24
cb9d091117eb64e9bc82677fa43df6ac,10745.0,2024-04-25
cb9e88e5c3cabbfe24d2adecb40d5b92,1686.0,2024-04-28
cba759e9475b72186a755aee79d326a3,2308.0,2024-04-25
cbaa34fd15e99ee3ef94d2ecabb035ec,8750.0,2024-04-25
cbb63ca1c6d55877fffc3e645a0e1e24,5103.0,2024-04-23
cbb66a8482a9ef0b23326d34591608f6,4914.0,2024-04-23
cbb69d73e704c687083ec1c617009ee5,5043.0,2024-04-25
cbb76b041eb993fbb437464196e4edc5,5811.0,2024-04-28
cbb9ba6048b269dd45af43d80e9cacae,2347.0,2024-04-26
cbbb96e9e07b4c22a557341f4806b7fd,5611.0,2024-04-24
cbbba7d3cccb5f5b11b9b5b25dad2a5f,4546.0,2024-04-27
cbbcbf12e11d8245f4098a3347853f1a,5618.0,2024-04-27
cbbda9a35477a75fc38fadeb1a475473,6906.0,2024-04-23
cbc04c9645c7c3a4ba1ed5211cac8ff9,3393.0,2024-04-25
cbc4077ed5992894ccc79ead9016e64d,6272.0,2024-04-26
cbc4860c7f446288de65902fd94cb334,3821.0,2024-04-29
cbc4f2c76ea272db43a99103ab323199,4672.0,2024-04-29
cbc6918a09a230e8571a0a5e7b480439,4747.0,2024-04-23
cbcdbc101d8d0fd73af27cc440668d5e,2387.0,2024-04-24
cbcf33fd6ec97d24a9194f40f58afcec,3436.0,2024-04-29
cbd45697e0b0d8326537868fb2199063,4891.0,2024-04-23
cbd8f32c29820f9fe014eb83515d746c,3871.0,2024-04-27
cbdf0966219b92c12374369f933e957e,4419.0,2024-04-26
cbe08e77cc0f7c9f385a01f5ef0ef901,2675.0,2024-04-24
cbe3a1bfd410234339182c6906b7c91a,6108.0,2024-04-23
cbea5874bae163fe366eda82bbdd51d7,6371.0,2024-04-26
cbea6bd24a21068398c09dff507e8eee,5657.0,2024-04-25
cbef5e32f262298fea7091bc3ddd1659,3818.0,2024-04-28
cbfb045b394fd3858593a03b0e6e6854,3794.0,2024-04-24
cbfd339210f2f2829e816292c9a3a4c0,6367.0,2024-04-28
cbfe5992fe9e085f24d64930fa44b886,6372.0,2024-04-29
cbfee7b2cfaa99ccbe3528ab74bffc12,3993.0,2024-04-26
cbff9ca273f016e6ceae8858e0fc8d73,4498.0,2024-04-24
cc08e915f3bc05d56fa52946e35fc1cb,5489.0,2024-04-29
cc0cb727952d5a47767d41abf3137bae,1156.0,2024-04-24
cc1070e1c554ed66620e5284d0120be2,4417.0,2024-04-29
cc11e15a71e7b3cbb3d21b64bbd41806,8165.0,2024-04-26
cc14124cfa432d632388efda19caed10,2678.0,2024-04-28
cc171de4f8b71e79106822a07b84f91f,1516.0,2024-04-25
cc18fb8c18cf0ed0bb845e1350d308f0,2765.0,2024-04-29
cc1932e811e8bd0f18f9f5c9f03ee6d3,4457.0,2024-04-24
cc1a7135000ba27dbda18db64f37fe2c,10684.0,2024-04-23
cc1f2491b06aaa163bd93bf2f99a8fff,5058.0,2024-04-27
cc20c39bb75027b166b601d9b36a1dd3,2864.0,2024-04-28
cc270bf56c8d4bc2d645475ba11fe896,3017.0,2024-04-25
cc2a796b2ccef6adc70fc6b388964057,5424.0,2024-04-29
cc2ace8cfb42fab1d76f6225432f9cdf,4244.0,2024-04-29
cc34b31c149aefd67663411a453a977b,3095.0,2024-04-24
cc3613f1bc7a7b25c5b269966434e0c6,5360.0,2024-04-25
cc376c98938577ea2ea9948882a7bcac,6677.0,2024-04-25
cc3d9bd37d524e7c28020a49f1208665,1579.0,2024-04-29
cc3e9dac79c97e2619649554931a7d71,7379.0,2024-04-29
cc42f02e3daa6c09f6e57933d253cbb6,1582.0,2024-04-24
cc46afb4a1c2f97c6926f9c7889f7937,7230.0,2024-04-24
cc49d68e3626e5956a431661bee92009,4409.0,2024-04-28
cc4c67a252c391393dcd86b26d8bd720,8400.0,2024-04-25
cc4d79ce9aa148d6ef1dfe480d09ffe5,3544.0,2024-04-28
cc576766b18f3c38e144d68cb6964bfc,3343.0,2024-04-26
cc58c3919263de7558535553900f5c0f,4376.0,2024-04-23
cc5fabc7eeb86f51b457d307c44a011c,10972.0,2024-04-25
cc5ffb71558573d8040328d7a9728dc3,4037.0,2024-04-23
cc66fbf103b2822e9f5cbad250177ef7,3122.0,2024-04-23
cc6ab5167399557aff7653ff72fb7ce2,6717.0,2024-04-23
cc6ec6b7bda4bfd6e05e1e3be9bdffad,4886.0,2024-04-28
cc719ff6abb26ddb05597e6b958ddb71,10705.0,2024-04-23
cc762b5b36e02b01697c25d3b847a57f,5504.0,2024-04-27
cc799d079e39d69d9785e4c89cb04829,2051.0,2024-04-27
cc7efbe3422111932cbd61721bea65f5,3426.0,2024-04-27
cc82cae6544232d56e6a1b8334fb0259,9191.0,2024-04-25
cc8a543d84ae00941371ffbeb6cff2d5,15445.0,2024-04-25
cc8f14506f37dc6278fc7bc6ba4f2284,1111.0,2024-04-26
cc8f41e5761d1ac61e0a0aa0af69cc66,3998.0,2024-04-25
cc8fc1e5eb25a1862cd09ca420da0fdc,6051.0,2024-04-25
cc96034d8ed9c084cb52b34b67438e03,7824.0,2024-04-29
cc964c56b8498c217c77431bd3ad3499,3404.0,2024-04-25
cc96a01c6e44f456089131d458a1ae4e,2373.0,2024-04-27
cc970667451ed484a55d53a9200286d6,3636.0,2024-04-26
cc9763e897151e168524f6cd41248116,6875.0,2024-04-23
cc98de3ba9c36c67f51df71a58f0f06a,2243.0,2024-04-29
cc9cb02ff3deb76b734b71baf247e182,5102.0,2024-04-23
cc9d001930b161f9657d3d95f1cf6feb,2094.0,2024-04-26
cc9f94693866d7db945d89a3251ba1b6,6539.0,2024-04-29
cca1300d14e5c2a312ba455bd9078ee5,9651.0,2024-04-28
cca1ba91697db43f48ad61253ab0ee5d,2405.0,2024-04-24
cca25d351453498a4a385fdd4632a07e,3774.0,2024-04-28
cca3570c19bad3c1891df2c51dd4a95e,2264.0,2024-04-23
cca3ba4d4a6e0eac5667d1541f7c09fc,1470.0,2024-04-27
cca5b90f071fefb1eef56e5dd7b618d5,9168.0,2024-04-23
cca676818c06b26573bc437e6c0c6690,5038.0,2024-04-28
cca7bbf7f551f0aa594ae9e01be20f5c,6228.0,2024-04-28
cca89a06be45008b90a86c6120155514,3274.0,2024-04-23
cca9f23cc7b4ee867374408eaede1bbb,1861.0,2024-04-28
ccaa71d57351927db24374206eb0ee1c,6115.0,2024-04-25
ccad561060c1b78319391398006cef27,6533.0,2024-04-29
ccb32412f2f20d3a970971d3b43e5ae9,4894.0,2024-04-25
ccb5fad096625a20e1b61e494606b99f,10778.0,2024-04-24
ccb65d1b994d1c40cf6368890a3b9bb6,1432.0,2024-04-28
ccb91cf49bffdf17ab2036ecf8885593,11016.0,2024-04-29
ccb9202920db263af27585317690bfb9,6101.0,2024-04-26
ccbe412ed2274c3488709328c6b033b1,4762.0,2024-04-29
ccc8efa2ab93316f1f87b2f6123bee8b,6139.0,2024-04-29
cccb7312ed0f33bf33a20169a2a27eba,2977.0,2024-04-27
ccce7c989e146d596fb1b12137f01510,4699.0,2024-04-25
ccd30a59a0ed730988363d67550f31b3,3105.0,2024-04-26
ccd6387853a2c7cd86575900f4553449,1457.0,2024-04-24
ccd9b623aa0179679fa91eb99b3f1b97,4247.0,2024-04-28
ccdacdde026ca0bc3ea27eab95095563,5887.0,2024-04-24
ccdd7373e6ce30d5228dc97bf0fc7d3e,9063.0,2024-04-24
cce1001d4bde7acd923565e56a4125d1,4461.0,2024-04-28
cce26c89e922c62a34bba98451cf84c5,8509.0,2024-04-28
cce3329b6c2e629a90d93356ac004cce,9136.0,2024-04-29
cce4650bfc567d84641352753fec5d12,1295.0,2024-04-23
cce57c80e508607385ac02cd902c337e,5744.0,2024-04-28
cce62a114581eb8fbd1e47bf08945829,4378.0,2024-04-29
cce67390293ba45ab13cb62c720571f6,4922.0,2024-04-23
cce83434c757ce2e05fc3afe35f386a5,3942.0,2024-04-23
cce83e933c6049df4b184af6e90d7201,2425.0,2024-04-29
ccf0fdff158478fcb10d29f10dcb0169,4125.0,2024-04-25
ccf2eec927ae33a1f34ab364855bf92a,2816.0,2024-04-27
ccf58d59bdf4538d4d2fed241a012191,5039.0,2024-04-24
ccf5d6f620446178fa27dbd117293ceb,4871.0,2024-04-25
ccf643a09974bcb9571722fd9a35212a,7832.0,2024-04-23
ccf7f65983c92c20012d90adee8f4e3a,7703.0,2024-04-27
ccfa3659c59ee0bc32fea8a4aac86fbb,8122.0,2024-04-24
ccfd3518670e34f456ae35f7c7f937f7,5408.0,2024-04-27
ccfffd4f7a5fd44ff5cf1f44f1754be7,4173.0,2024-04-26
cd00ec17e7fa0e99fe4fe36e31ad29d0,4856.0,2024-04-24
cd01b1669933853a97d6192110e9f8b7,7436.0,2024-04-24
cd0b4bb594563afd685f1e8e05181c90,5045.0,2024-04-26
cd0dda1d30ea48d62565ee04d4b5c30e,4255.0,2024-04-26
cd0f66be94cb38e6204df7b9a2b496a2,5106.0,2024-04-24
cd11511818dabf5736a69ec5435055c3,4722.0,2024-04-27
cd1e44685f79da595ab29a029835b86b,5618.0,2024-04-24
cd2058a5dcf17935649f33e788c196aa,11537.0,2024-04-24
cd20906bee8f295b007bb49769210139,4432.0,2024-04-27
cd20f82e9aa66eca1d463e10813b9253,2049.0,2024-04-26
cd226879158307eda3e27cfd1f69d4f9,10421.0,2024-04-29
cd23125a39c8aeb1bf3cf166c8c3eabb,7132.0,2024-04-28
cd244769a4565700d16064af05fb2db9,7843.0,2024-04-28
cd2b81c1fa73d1400d7b5cc581d48424,5201.0,2024-04-23
cd2c1249d4f18621f1fca5497a0e65b9,3691.0,2024-04-29
cd347bd9245902db7a3630cd80ccdbd3,5631.0,2024-04-29
cd34cdb30d8bfd9ed55488690b984a35,6610.0,2024-04-23
cd35c9c284c272297d4faf2c76348954,10374.0,2024-04-28
cd3b6fac2e7c43564b681434d7a2b912,5849.0,2024-04-26
cd4964fc09bfaa543109c9e920e0c185,5998.0,2024-04-28
cd49aaaf6518c3b1ffd881be049ffd6d,3462.0,2024-04-26
cd4ca4819a0e660095565c1ae10d6f82,5063.0,2024-04-26
cd55b3646cdc6f9639f169b2d2dde68b,4016.0,2024-04-29
cd579eccab6e172984d7335e4b576766,4468.0,2024-04-27
cd57f5e0a5d3fb523ef2f18a0db29ba9,7208.0,2024-04-28
cd5dead03f3c474719d11c280bab60ca,4715.0,2024-04-27
cd6198a3fc8f5c2a3caeea3387ee7a72,3344.0,2024-04-24
cd621e810898162ea60ba75d5ed0072c,4732.0,2024-04-29
cd6287753a702b7e3e8d775983dc8983,15269.0,2024-04-25
cd65e9f9e539fe2197c5468c29b269db,9172.0,2024-04-28
cd6600048432efd8173aa18c260389f0,2196.0,2024-04-29
cd67773c8151d70a22a4cacdb012e294,4143.0,2024-04-24
cd6ba2a5110e66cfa1815edaa3285407,6735.0,2024-04-29
cd6db554037cf2337d33a1ae849d0fa3,3030.0,2024-04-25
cd71daa4f0bf6e7a4b7fd4f69e4d38e5,8446.0,2024-04-23
cd79c841a45e384cf9fcf5f271699a8e,9207.0,2024-04-28
cd7a2295bda45777bc7c90d876a2fcf1,2993.0,2024-04-27
cd7b0ce22710c512bfc9154ee967ef69,7268.0,2024-04-23
cd7ced8616bc92bc7736dceb9017194c,5420.0,2024-04-23
cd7d81f1e36593b35707e30e6c02392c,4580.0,2024-04-28
cd8079d84373486b93c92f5a15ac447f,13002.0,2024-04-24
cd80965eb0b8aac4d44cbcfb64c017b2,5029.0,2024-04-28
cd81a4fe2f54da18ca9693d2c9df8bb4,2847.0,2024-04-29
cd8504148660bb7067a4be865fe08c9f,2718.0,2024-04-29
cd8a4a636093e72f39422a473b55d84e,8333.0,2024-04-26
cd8b4a00043121b01b1ef755a806bcfc,7438.0,2024-04-29
cd90951937c4924dfed2e83eef152996,1507.0,2024-04-25
cd9248d60bd67642a481cb30b0a4c3a5,6244.0,2024-04-24
cd964faec4dfdd559c600156b60d6f40,2726.0,2024-04-25
cd9c44a25a380051a8c2aa87d87e476f,6408.0,2024-04-24
cd9db7f1683c0afecfd2452e21a54dd4,7856.0,2024-04-25
cda1abcc20b02d73aa4106e1e7b046dd,2341.0,2024-04-24
cda2f5497d2328a0290eddc96c738297,7253.0,2024-04-23
cda4281a43b55f9a35be7d097dfbfffa,4113.0,2024-04-25
cda75fceda98c1c737f9744e29d74b3c,4691.0,2024-04-24
cdac3313ff204d2d1a0bba242cd25752,3811.0,2024-04-28
cdaf6169294a13b57e51d3b0bc2f1e12,2209.0,2024-04-29
cdb02b13bb55364af54f905528d50f9c,2109.0,2024-04-25
cdb2d8c1bcfa87243c03f7be68ba1ccb,11009.0,2024-04-23
cdb383ff62ca599ac46626a37b73b160,3415.0,2024-04-27
cdb93fed38ce56c37f0725e10543dab1,4089.0,2024-04-28
cdbae451b7e090b2db44e5531493e7c5,4387.0,2024-04-27
cdbf50d574502bfb659da04644c7c512,10949.0,2024-04-23
cdc1168df845f6688249df423383001a,8076.0,2024-04-26
cdc133f745391b045a12afa485b01322,7433.0,2024-04-24
cdc240faf8c5f82f47992b3035d389f5,2271.0,2024-04-29
cdc57369cf186bb30e462cf554c96b1f,3899.0,2024-04-24
cdc780b26d4c40c826f713f48e32b730,10394.0,2024-04-27
cdd28b92e8cc272a9986592c8c782c7f,3492.0,2024-04-27
cdd540d2937a324916d65a5e1f5bd81c,1557.0,2024-04-26
cdd6a4c7a91becb87056ba97393d4de0,5868.0,2024-04-28
cdd865c4049e6e15908efbd6701b6430,10398.0,2024-04-25
cdd88816388d2408e027fea53c71ae06,4656.0,2024-04-24
cddd062182d3d04909e31260ebbf0a43,6188.0,2024-04-26
cddde7d1bcebebf07a96d5169c92d508,7523.0,2024-04-26
cde4e37f9e1d7e96206d402b327536a5,4889.0,2024-04-25
cde6ae31bf1a34b6837452205fa9686c,2452.0,2024-04-24
cde7e612f43f19dcf143e04cc0ac5aba,8274.0,2024-04-29
cdecb8d34bdfe2bcdde5ae5ef78b3178,4214.0,2024-04-26
cdedcca79c71d12759c58046538c56bc,6727.0,2024-04-23
cdfc8884a02c32d35ed2b91ecb6ccf8a,7771.0,2024-04-24
cdfe33dad8cd3d17a0b078a2924f3f1d,3240.0,2024-04-23
cdfe42a495eebe47176be756d72e514f,8199.0,2024-04-29
ce0809b09249f7718df67a10c8b6ae8f,3277.0,2024-04-28
ce0a62144c4162bbde2e562dbf254671,7227.0,2024-04-23
ce0c24b8d75460cd2b736e19d38a3afc,3755.0,2024-04-24
ce0e51045377d35ed36f796e1862375b,7208.0,2024-04-25
ce107e2430e0f5f84701129a50edbfa3,690.0,2024-04-28
ce126aeba417004a2f7c9bb631642b9c,1956.0,2024-04-28
ce1a2485f47c1bfa8ed3de465eaf7116,7616.0,2024-04-29
ce1e69fd2f4d0a005f8073ebdb988a45,2212.0,2024-04-28
ce211a8bc3cf7af15525b6cdd5c2a14f,8896.0,2024-04-25
ce284c89c29876422d53a020e55dba41,7937.0,2024-04-26
ce315b7fef2289400cf45cdbb4467315,4953.0,2024-04-25
ce328cd45b21990b8143077d6ce9ed23,4698.0,2024-04-25
ce37f888548764d7285933c999105c98,7230.0,2024-04-25
ce390b01a1193774ffdc10fdb451a935,4954.0,2024-04-24
ce3a3f98c98c7a51ca02fddfc39f87a6,8358.0,2024-04-29
ce3a7e8b46c79705e14e9bcd0bac3b87,5111.0,2024-04-25
ce3cf08b02df93f7b5ee3ba72e5e35a5,4798.0,2024-04-27
ce3dbb80f9ec30daef7f68d4667248f5,7068.0,2024-04-23
ce3eb97635ab65a021454704e5a4b5c6,9811.0,2024-04-26
ce3ec38c23a701029d3953156bd72566,1956.0,2024-04-27
ce3f76439b5a7005dd7c9be3dca9faad,3188.0,2024-04-27
ce40f76474baced2a71636ac8a25254b,6885.0,2024-04-24
ce4515e5b11e3e304006b0b50e009e90,4309.0,2024-04-26
ce469758d88efde5a1453d75cb4ff048,5137.0,2024-04-28
ce4bacdb471095eeeb1e5b67447875c6,9554.0,2024-04-25
ce4d9caaa51782e03cfd8931c8573c65,8596.0,2024-04-26
ce50a8cd6432f5baecf41e16ce640dbc,8061.0,2024-04-29
ce50dd0c78ca03306989e20149b12cae,6677.0,2024-04-29
ce5a4742e5cfd3132a4437184b5f97d7,8726.0,2024-04-29
ce5cdd2acf91adc29109e439c0b50a3a,4501.0,2024-04-24
ce67284aad6c1850a4304a5dcba91cfc,5506.0,2024-04-23
ce6e3bb33ce477e35df5c3cc37e865d3,2435.0,2024-04-26
ce6e97f0569ea632879bdfb3d91d9415,6193.0,2024-04-25
ce7104e96e7607af46e7f2c8c8ba7e92,5259.0,2024-04-26
ce735b21e68601020dd57f667e633277,2095.0,2024-04-29
ce7b1aa53e1a097f10848abd71f823ee,2938.0,2024-04-23
ce802570a9dc1b29ebcaeec58638c83a,2017.0,2024-04-25
ce82d3b0f91e8d14f92d6d90f34cde95,4825.0,2024-04-26
ce8620c2762adcbb0f0ef96d521148e5,2657.0,2024-04-27
ce8d492f9e00c1fb9d459401f11ecb18,6805.0,2024-04-24
ce8ef5190dbfb5db5bc143eb4b89637a,1865.0,2024-04-23
ce90f014a9aada83588b50ae508cbbe5,2635.0,2024-04-25
ce9f5d58dc79c8a6c57903a75b28a497,5491.0,2024-04-27
cea11191a9bf609a22c97085b8482770,8397.0,2024-04-29
cea567c4905058bb68a20a4d55e0f3d4,4343.0,2024-04-24
cea73cee2dff75396ef32bbaf1feaccd,5474.0,2024-04-23
cea8cffb6f0add2dd80813712e9b5dd0,3563.0,2024-04-23
ceaa08d1797561fcd7c2d1af52049832,3258.0,2024-04-29
ceaf0094e42c6efe19c729a54f1961ca,3111.0,2024-04-29
ceb75e986450495274e652e3a5323460,14170.0,2024-04-25
cebdeaa97afcf19a3ded63e28645929a,7761.0,2024-04-26
cece5efbc189b77de028e019ce87e130,3089.0,2024-04-26
ced080208b95ccb2ea6a6b07dc76cc1d,4426.0,2024-04-28
ced0b50580a0c4c7562f123728628dea,3819.0,2024-04-25
ced2b817a9b15cf36af460db8ff4e248,11532.0,2024-04-23
ced41c74e1e1cab520fa8d4cd2684367,4146.0,2024-04-28
ced4a167c34f96a5044581e481324315,6305.0,2024-04-29
ced88e2d49530a0ae185bfe46b53f622,950.0,2024-04-23
cedc85c6cfc48f0bdfbe766cf7258ea2,4211.0,2024-04-29
cedeb16f84b2285480eb16802350fc66,8106.0,2024-04-24
cee21067e6645b76ddc1dc5923871dcc,2195.0,2024-04-23
cee339542e28702c334792f1f0f927d1,13224.0,2024-04-26
ceeb3b4b239e3ba216b71c7cac9df623,9226.0,2024-04-24
cef25df7c73855d96698df3e77d9c416,8318.0,2024-04-25
cef2d158f0c30e73c49a3029d6c113c1,5557.0,2024-04-27
cef757abec2ae80a4bf25a674eb9c664,3825.0,2024-04-23
cef7aa2779de1c500b5996857e80c3ad,13924.0,2024-04-25
cefed01b15b9d38983f58750cc3f06f3,5490.0,2024-04-29
cf00960969154ae4edfd889a90d9019e,8487.0,2024-04-25
cf015e5a8834f8c7e2d46fc7231c8581,2047.0,2024-04-29
cf0717bdc88a5aaf7032b07628c0d19a,10488.0,2024-04-28
cf09ee8226fa314d96d3273f4c5043c5,9380.0,2024-04-24
cf0e17ba5c75b504364b81cc6d53f4c6,7264.0,2024-04-29
cf11ee5d8a31c9e58217577fd5cf3bbb,1629.0,2024-04-23
cf126309d6715c0792bbd35be2878ee0,6793.0,2024-04-27
cf1907dd56d585b38c03942c65aec075,3718.0,2024-04-26
cf1b028c8a4d2b73b3477e4e1fd93ec1,4825.0,2024-04-27
cf1bf1b1506cb5f2b8db11fd6e8fb94b,4763.0,2024-04-23
cf23623d07d1573b65041e5db3f07355,11549.0,2024-04-29
cf24213c00ae562e4c066ed15d6ee23a,3024.0,2024-04-25
cf2498f789823b12bd371586c23c6fb6,3729.0,2024-04-25
cf28ed5f0be95118996fb6b26908501e,3886.0,2024-04-28
cf2bfc62fa7c3fd61bb1da1b46e52958,2574.0,2024-04-23
cf2e1d08f6f6761d24f131bab2b374cb,6406.0,2024-04-25
cf374d0999ebb508ab2470cfc47808a6,7115.0,2024-04-26
cf37c394873ab951ec720c82b83f58b6,6904.0,2024-04-29
cf38bf5880f0b2075561a82a74c60b35,4112.0,2024-04-26
cf39b4e0e5d2b3498b948cce8a00e98e,4532.0,2024-04-24
cf3a96fe5594c00fff2483b30be60bbd,3700.0,2024-04-23
cf3b8a57b6928fffd2c53f6aabda0400,8058.0,2024-04-23
cf47bd741ec77feb2a8dabe30c080a90,3341.0,2024-04-28
cf4b930144faa5118de9075b754a22c2,12175.0,2024-04-27
cf5b65b645ac1512ce113faf85329159,10213.0,2024-04-25
cf5df09b2ac88000ef9465fcf78cc82c,4387.0,2024-04-24
cf620c1138534701ed455d558ceea7bc,2776.0,2024-04-25
cf6d42ae635f71ad8c9eea9fa7433e92,5851.0,2024-04-25
cf754aea1704f453dfd596809d5774dd,7195.0,2024-04-29
cf789b3f8e6393b7b49b665d58b9ce86,6280.0,2024-04-29
cf7bd3f71494f5cfed8b9ef3493aa3c0,6976.0,2024-04-27
cf7e67602e48ed25f0807dea4563d488,9858.0,2024-04-25
cf7fe029a6f928041092650d51695a03,8407.0,2024-04-29
cf8328fc266407dbf53423e580645d0c,6705.0,2024-04-24
cf86f574f5210bf56d460609ac8b7d29,5040.0,2024-04-27
cf88e8b347161dcca8c83e71e4640041,4058.0,2024-04-23
cf89094e891f5cfdfd358c11b61443bc,8692.0,2024-04-25
cf8b077e24285e649cedb4588780c316,4255.0,2024-04-24
cf8bb6d83491d860711b731f25f58178,2174.0,2024-04-25
cf8db4220de8861b7c73ace6eaa3420f,2690.0,2024-04-29
cf8f7b36a587dffedff3cdb01375e953,9617.0,2024-04-28
cf956320c5236dab6e31a217aed5f122,1887.0,2024-04-26
cf9688636e7cb82a9c0758a582e90a68,5551.0,2024-04-26
cf96bcc6437f020267abd3d6ed981505,4496.0,2024-04-23
cf9d54b5e8cd663bd89c743bfd86e30e,4106.0,2024-04-26
cf9d93d572aa8094638fcd2c97938651,3324.0,2024-04-27
cfa5d9527e49f4bc233d08e219169bac,4455.0,2024-04-23
cfb5f75c1329aabb22676d3720281f6a,4905.0,2024-04-27
cfb71346196a5e6f2445e09b5f3b91a3,9412.0,2024-04-25
cfb80df63d5c44be4eaac312f9af96cd,4407.0,2024-04-25
cfbc800d6c60c531b98861b52c348af7,3105.0,2024-04-29
cfbeb9923bee9e70f505b7c121af8c05,4154.0,2024-04-23
cfcbd33776dd911581b18caeb93b1bbb,7328.0,2024-04-24
cfcdb45d9f325a8e1e9b26182d6c8560,2835.0,2024-04-27
cfcfb3b544416b4802ef83f674b5c0c8,2774.0,2024-04-26
cfd2c5b0a663d04178bee8e4f0ef76d9,3856.0,2024-04-23
cfd5669dbb7b48f325c44be097f41b5f,3072.0,2024-04-25
cfd6f08ed681c0a9770dbb8b147aa92e,9138.0,2024-04-24
cfd7e3b8935b0cfe93e0aa07ad8d9b29,3992.0,2024-04-26
cfd85f787be10513b991d76a76ab0e6c,6313.0,2024-04-23
cfda9a6860f31a3536159ec4880afb73,2605.0,2024-04-23
cfde43b751a7ca218d97f1119c46f416,6341.0,2024-04-28
cfe7a1fb45f30a69a7411a83266a6f9c,4542.0,2024-04-27
cfe8df4d0a69100594738cae10e1894c,7511.0,2024-04-27
cffc9dab01c5e5e4b0d873f684324f20,11636.0,2024-04-29
cfffa6be28255b64ab7ad3a9d40ec0ce,4788.0,2024-04-27
d00015aac6e9eb1d6f066c07916a0270,6376.0,2024-04-28
d004e1dd568f1a21795e85d9be0ec8c3,6161.0,2024-04-27
d0063943121ca57803ab1957c0150f22,2379.0,2024-04-27
d008fb3cd9562f8775c69adfad047e30,8183.0,2024-04-23
d0093941059540cf965afdc3cc9a66cf,7686.0,2024-04-27
d00c6bbf05a5e67563e31f962478467a,11091.0,2024-04-27
d00e4bbf16eb6e9aca44f7d9419dcae4,7256.0,2024-04-25
d00f67a947aa94ecdd2b2dcd94e653d3,3319.0,2024-04-23
d014cc16c0fa63eed5555d83f50ffb41,4573.0,2024-04-28
d01db97dd812627a1dec0a3a6e26b257,7253.0,2024-04-25
d01eaa9c8e83b73c56584e3e4e84df49,3538.0,2024-04-26
d02984ee38870e09b1a1308574aa2709,6970.0,2024-04-27
d02aedf4d72e647ea584b1a45788d883,7960.0,2024-04-23
d032899d78584961ac13cb0dda50f8f1,2623.0,2024-04-27
d0352c1fb54c0d806123016a28d7dd0c,4141.0,2024-04-27
d03568a4076e34edd49b47736a4ff0f9,2550.0,2024-04-28
d03e398c80da18b978017054b998c6d4,10005.0,2024-04-28
d0432dce7b6ed9edbb7cb751cf41dda5,5824.0,2024-04-26
d044dd69e5a4667c2b4c1fc2cf9e4bbb,4046.0,2024-04-26
d0472b5c3fd107e782cc0fcb469dee2f,5785.0,2024-04-24
d04a8129c5ae96d6d22c726df6545599,7618.0,2024-04-24
d04e6ae3d3ae72417f985a0ce51a1874,6337.0,2024-04-26
d04fedd57718474d1e3559c31a067de0,8231.0,2024-04-26
d0513e4330ef68c562551f8576d226ce,3205.0,2024-04-25
d0541cf170f749a3b16bacd0eab91244,2576.0,2024-04-23
d058fcbe6706060a1be2778353862cbb,4650.0,2024-04-29
d059543f4ed9a2f83c36854372e80934,6762.0,2024-04-25
d05fc31d4afd9cca97f1f2e718cc5562,3961.0,2024-04-28
d06020e9945a22db634a731de7ab0e43,3164.0,2024-04-25
d060cfb838ee35b620c42b9c336db9e3,4350.0,2024-04-25
d067ff19cb2ba28e61b7462a71b235c8,5881.0,2024-04-27
d06fa97623bbc127411bede4cbbe858d,2414.0,2024-04-24
d071d6322ee4a7235529b8d21d1da626,8996.0,2024-04-27
d0743e5dc9f874262bdf6dbcf3b84a3c,6702.0,2024-04-25
d07b0a80df2addcea957571d35ec095e,5779.0,2024-04-23
d07c02b8d76cccb6e03ffa78a2e6d5b0,1764.0,2024-04-29
d086647674d753f5400653ac8971e066,14704.0,2024-04-27
d08816e2389f828267827617f662ae80,3023.0,2024-04-24
d08b50d920ef88cb7e7b7cde2cff385f,3284.0,2024-04-28
d0967231c020f0448ca5b8f8cb702254,6504.0,2024-04-27
d098735f8624161d069156db048ae52e,5294.0,2024-04-28
d098f6279450aa7cd88fb061043f67d4,3981.0,2024-04-23
d09d766718e2084d6ad9d82b6b683af7,3933.0,2024-04-25
d09fb41f99792988d1212634f11adbda,1728.0,2024-04-24
d09fd201b0517abc73abbc5a719e4c6c,5405.0,2024-04-29
d0a588140d8168cd114db3ee88498366,5916.0,2024-04-28
d0a6e6162b63baf25f314c9d19debc09,3422.0,2024-04-28
d0a6e7588c9453b594c088a9f67e2ec4,2202.0,2024-04-25
d0a9d2b4521b1e110c8cb56a9922061a,5257.0,2024-04-24
d0b36e57fd4d1638242786ee9453a346,762.0,2024-04-28
d0c02865ba53ee2ed4c9a36068e666ba,10889.0,2024-04-29
d0c1e59b63ba37d18b9053e07953cd47,6022.0,2024-04-24
d0cbeef881f99a91bc65e51d0ade68eb,3490.0,2024-04-28
d0d03de24950062453732c6f96669367,1218.0,2024-04-26
d0d2da8261111cf53f818520e54da60c,4468.0,2024-04-24
d0d6822fee885dc020c599425b47782c,4768.0,2024-04-26
d0d760bbc2e632a4c66194833e5b2a58,1670.0,2024-04-25
d0e68a1c68bf9e2a2c0578f2c3540adf,490.0,2024-04-23
d0e8d4fa8ed4519b439e24a9c6bd569b,8864.0,2024-04-26
d0ed5301057f81d77b509d3228d98e9a,9942.0,2024-04-28
d0edd0824fd1d6c4b0c2c2ad5d3ca4be,11652.0,2024-04-23
d0f11d22cda076d4b9a3d5caeaec97b9,4550.0,2024-04-24
d0f847c0612a31b18f9fdfd3bd56925c,4762.0,2024-04-28
d0fa8da470034d811b4a57c52bcefc0a,3796.0,2024-04-26
d0fb64c4730abf22a776bda71653796e,3925.0,2024-04-25
d0fbd6cfa6bd0dd1d21f55d74794fd93,11971.0,2024-04-24
d105464a9626ff25fd8e1c6850f7fb5c,2567.0,2024-04-24
d10921ca440869ac6d0c7f57a7bf499f,9974.0,2024-04-24
d10cc6016f95122772bb09b2eefabc61,8963.0,2024-04-29
d1183bc61bcdf4ae1e027faab12a85a3,2222.0,2024-04-25
d11930ef4db6e4dab8b8a97d7099b84b,8551.0,2024-04-23
d11ee00c64382b7e8d1aaf2d069c5932,3275.0,2024-04-29
d11f0b31412c4365c2597c23dfe4e62e,4929.0,2024-04-25
d11f263d63783ffbe35f9678a050c53a,9020.0,2024-04-28
d125840ad2f9ad1518f627263f58bb22,9040.0,2024-04-25
d125ac2f35ea8c2ae1965a6403f3af66,7703.0,2024-04-25
d127721ea5848f57bb09e3de1d638bb4,5612.0,2024-04-23
d128cb62e7b5a496fa4644cae03f1372,6996.0,2024-04-25
d1295d26a4a135cbea02462b125d7f3a,3161.0,2024-04-25
d1344e5178cdaa2cb71addabd129a019,2954.0,2024-04-29
d137e2c3242ee71abda56cc1fabc2ae6,4688.0,2024-04-23
d13fb9b612303e6f398ae78d5556dd1a,4315.0,2024-04-23
d1434b7437489b72132c3b3167e66525,8274.0,2024-04-28
d14ece5d414dfc19bfe3e0663029a136,4661.0,2024-04-29
d14f56a2c6d72d296f37b99205ad3e3f,3564.0,2024-04-24
d152e99d735024c832fa2bdafb8d9a46,2426.0,2024-04-29
d15759432261f2ea7a76b91136324bd3,10012.0,2024-04-26
d158abd12d059f56bff68f44c2cbe842,12946.0,2024-04-29
d16531811bd28c6460613dbe8b30aecc,3309.0,2024-04-25
d169173c1b13bba3b322b1f95d38cc83,5107.0,2024-04-28
d16b181daef49666914abdb9f52a6f2a,5120.0,2024-04-26
d16ce708a43cafe53c7879df03299698,3978.0,2024-04-25
d171ec320dae7e635d4ba6a7373aecca,6746.0,2024-04-26
d176f347d34d0918e693f17ee0df79dd,9858.0,2024-04-27
d177888c6cd872c28fd4a18c6e0a6dbf,4638.0,2024-04-25
d17a307400ff49bbdaf6648d4f576d42,7182.0,2024-04-24
d17ea13474d7480fc6757ec8e6f55b3b,3906.0,2024-04-24
d180a685dbd4973442363d688ba81166,1810.0,2024-04-23
d18a81594acaf2961b269a4a7be6cf5c,6865.0,2024-04-28
d18d9e05cfe6e8a00546e2d52632ad84,1670.0,2024-04-26
d18f2bf4035b329f939d310fd690a288,6114.0,2024-04-29
d1919b2205cf276cd8a10bdc8b41e18b,4050.0,2024-04-29
d1921eec78c5ee1fd05ebd0e3e77092d,2188.0,2024-04-23
d19272f85bb9adf725e2c8c81d5cafcc,9073.0,2024-04-24
d1951640841b6cdfb6a1e25babba680e,8823.0,2024-04-23
d1957a063d6fff28421b970bbd1e4fab,988.0,2024-04-25
d195a38a24eb6806fa819b28d0a27913,5261.0,2024-04-27
d19ac33d0ebab3c51891fe6af43fee42,1694.0,2024-04-29
d19f117435b9cfc5c64972554851882c,9708.0,2024-04-24
d1ac7b5a2d1e9ec78cf74f027f211e64,5975.0,2024-04-27
d1b022a5acd7618e5fc4120b2624f4db,3885.0,2024-04-26
d1b08cca026586e0818728163141920b,5971.0,2024-04-24
d1b1f97f70dc0ee41343661b9aada5fb,3086.0,2024-04-29
d1b4535df27c8211a34cde5a82d8ca20,1762.0,2024-04-26
d1b65a71879971374c397c9f35f3c0c3,4219.0,2024-04-27
d1badbbcd98c9316aa28b03a2251fb71,4093.0,2024-04-23
d1bd8aec72c37463b5951482bd9a040a,8591.0,2024-04-27
d1becdb3b38b1d9592f8a0e1dc3824eb,7110.0,2024-04-29
d1bf63486f437b8e5aba6c4c150dedc0,5583.0,2024-04-25
d1c1cd75420d5896c63368286ae1707a,3033.0,2024-04-24
d1ccf2b2a3d5e90f6bfb5dd816c13193,5321.0,2024-04-23
d1cd5c4aa774d3afff0d7518c5a4fc92,3332.0,2024-04-29
d1d23041ea6e7192eda8e4e4b13439b0,2005.0,2024-04-23
d1d287b22768ec324b64f0366cf03b47,14866.0,2024-04-24
d1d446e7183819c2f509a9d7e91504d1,4444.0,2024-04-24
d1d6f930a1de34101278481a637b176f,7975.0,2024-04-25
d1d77dc384d5adf9fe27d7699b689ca9,11111.0,2024-04-24
d1d7f49ff66d249212639a24bec16316,6469.0,2024-04-29
d1db2ff96e367e49471c205373b74816,4694.0,2024-04-26
d1e6f3d78cd33b46d4d5e392ad264e0b,6394.0,2024-04-27
d1e7ea0ce3154a915c158f9bb5237c34,3044.0,2024-04-23
d1e9a654878d67e6d0430759675f0fee,8812.0,2024-04-29
d1eb807b0c1e17148c89e5ea895a64d0,7794.0,2024-04-23
d1f340b760cd1b39012d68c6a14c60a6,3313.0,2024-04-29
d1f4b45ab230e3a264bcd7c82051ef42,6922.0,2024-04-23
d1f4ccc1e5feea3eedd0f83aad435af7,10074.0,2024-04-26
d1f77376f679368c6965feff01b07b4e,6862.0,2024-04-24
d1f96dac1f8b4133f5e7e81619bdfc40,6356.0,2024-04-25
d1fd995c7b3950d0cac04001dfe856f8,10115.0,2024-04-26
d1fdb325b52c81d6bbd1dc569e659763,5194.0,2024-04-24
d1fe4dba33db2cc29542d2e91957a549,3638.0,2024-04-24
d2035ea22251ffb7b6affa5fff2256db,5081.0,2024-04-24
d2037e2db55a974309f7cf17538112e0,4150.0,2024-04-25
d2066650dbdcdcadc68246acf807cf6c,10178.0,2024-04-25
d20a3406b97e7f6b3f9603a9da484879,9882.0,2024-04-29
d20aa56927753c8338c4dca8542ffc14,1315.0,2024-04-23
d212cc3a9171942d9a26f844737b4672,5748.0,2024-04-29
d214526ccd54e794dc4fb7a6f2084a82,3631.0,2024-04-27
d2160a1e1633e68d5c8e467294a35963,4407.0,2024-04-25
d21b39326756f8ef45aba94ec0fa7569,4726.0,2024-04-28
d21da72f80d9dee1c3aa1e61a6b8d0af,7756.0,2024-04-24
d21dadb29c78e082edbd5a7291daaec5,1839.0,2024-04-25
d21dc4d691f2daa2eafa78ae8bd9144e,2471.0,2024-04-29
d21ee811f79476359796114728161661,4432.0,2024-04-29
d2257ecf51143ee27508993dd28e88fa,2248.0,2024-04-28
d227a59041b3fc571f311d2e4ef182cc,5899.0,2024-04-25
d2283cbfd6483ac4f362d93716fc6d67,2077.0,2024-04-28
d229f9a033d095805f28cea5ef3713a1,3204.0,2024-04-29
d22d9055686d9da56d139e305094c8e8,2301.0,2024-04-29
d22eaeb94108201846eb3bf5686af27f,10589.0,2024-04-23
d22f7f7eecc5d6a4af9cc4f4627fbec0,9119.0,2024-04-28
d232c0b6f93578995a0de763a4e871c6,4806.0,2024-04-28
d23334781d246a37f8534f4d9681ffa0,2548.0,2024-04-29
d2367e9ae6fb03c9b6528c4be9c82bb2,2832.0,2024-04-28
d23847c76df84d128efdefc7ec030c07,7768.0,2024-04-25
d2389804f12f4b3cd55b73011b5638d2,1829.0,2024-04-27
d23b8575aced7df5f8b40ea836cda2c1,4897.0,2024-04-23
d23d06e129ae7ccc027e9015515ff51b,7708.0,2024-04-27
d23dc7724ccb996c7662dbdd98bb65f0,4243.0,2024-04-25
d24ec38f5f58fd7295c1dfa06fb7d316,3249.0,2024-04-24
d251fe5723ba9eacd5d1375d64f03473,9792.0,2024-04-29
d254647bc9dca21693ca4565a9b78e88,2158.0,2024-04-27
d25519a2878a55c664eea6889014abeb,6634.0,2024-04-24
d2560a08ac350b914de2ec87c35a06c4,4692.0,2024-04-26
d257453529b2cd1ab02d85cf57a2b2de,4331.0,2024-04-28
d259e16a2c90e8755f7c9ccfc6f3e1af,5820.0,2024-04-28
d25e375db5d637207ae7089fd7c6f881,8000.0,2024-04-28
d26674f6a67e2d723bf151f980304a94,9505.0,2024-04-28
d26a9c1cae32915b3d94efa1d07b6248,2820.0,2024-04-28
d27405a3e7956b3ca75cea1e86a4aa4d,2260.0,2024-04-23
d2766159d90ea844f3ccb38d40b385cc,6851.0,2024-04-25
d2786acf4508fbdc611b1cab21783afe,3146.0,2024-04-24
d281ddb13769fe634dcf481a8d4e9cf8,2756.0,2024-04-29
d28cd08538a2d51eb9e21edcb8b400c1,7809.0,2024-04-29
d28ce3742f35386e08c0bf46cef431ef,6123.0,2024-04-26
d28edc74bb2eb3b05937f37a1de1b656,6998.0,2024-04-27
d28fe010e639b3845889533f704e7b5f,6636.0,2024-04-25
d2938f8bf3d15e09e851cc93dfcf3d66,8056.0,2024-04-23
d29ab0bb96baaec53c9492dab7a8ac24,4531.0,2024-04-23
d29f358abaac7c9d37e11c8d3ee1956c,6422.0,2024-04-28
d2a2429d45cf15415204c1d3533905ea,5024.0,2024-04-25
d2a5b7218ca038602252d947c41dc10d,2713.0,2024-04-24
d2a8c59f7553b1148c4d5c68dc44c145,2193.0,2024-04-23
d2b2b20c2e59fe9746338cb0de29b494,9027.0,2024-04-26
d2b54d7ba1ad8ac2958b4fe31abf0878,4556.0,2024-04-29
d2ba683fddafd707754cf1928ecfb494,8060.0,2024-04-23
d2bb0c650dc384b6a41d833351d257e4,6944.0,2024-04-25
d2bfeb8d28734ddf52cef0f04fd46076,3996.0,2024-04-24
d2c0b08075410b0b96582874f06594a5,7810.0,2024-04-23
d2c4473a25d9e251cc97b6dc851fa0a3,6167.0,2024-04-26
d2ca3727b68396ab52c5bb0a1880069f,5895.0,2024-04-27
d2cf1a46573c1d9185348daaece61834,2543.0,2024-04-24
d2d281b3b85b05e9c40788a5aa1aa4b3,4461.0,2024-04-28
d2d9a7f56c5a5e4d56389809e3d814b4,8011.0,2024-04-28
d2d9ff80a2b28104c8bb097936295b87,7220.0,2024-04-27
d2e167a7eb0f0975cdb3c50a6261cb0e,2186.0,2024-04-27
d2eb7623bf6735b39a17dd56516d5432,9674.0,2024-04-25
d2eccc17fee13947fefc7404ef7bfdb3,11573.0,2024-04-29
d2f1e10580e4f7ec8cba8287db451e73,2216.0,2024-04-24
d2f3c3c55165b6ec44596aa7377995fe,1223.0,2024-04-28
d2f9391216e0c2f79384cef1563adb85,3317.0,2024-04-24
d2fc3be70e96d50f9e809b47d612ecae,8706.0,2024-04-24
d2fd44426fe74a08eae6e2af7cc7d1d7,5892.0,2024-04-26
d303362fe94b82c05894a777cb582bc6,5404.0,2024-04-27
d30817bb57b488fa561a4d3b128d6675,5640.0,2024-04-27
d30c6b0b1a7b034d120c89d92d2e8bba,8243.0,2024-04-27
d315990647ff78e9aa2981bc705fba17,1178.0,2024-04-29
d31a228ba8f3fc7ed0a3e061f8cf3d93,6795.0,2024-04-28
d31a58c843a8c787c64d2f771bafcf9a,7570.0,2024-04-25
d31c00dd8ef583b5a30b2b90275f46c4,6110.0,2024-04-23
d31e89b50c2245b9c5dd85a1e9e2936e,4101.0,2024-04-28
d31ef84c698f1c0ff86dc2e6f91150f4,7147.0,2024-04-26
d32577c0719d95ade670aacb63e4ee76,14808.0,2024-04-26
d3262b19a63407351a552020fb2ed663,3269.0,2024-04-25
d326f2a5318f526dfbadcaae1a61863b,6797.0,2024-04-24
d32886105955e8d62c6972328343fb9e,1297.0,2024-04-29
d329da679fc107fe748fab178085f338,2912.0,2024-04-29
d32b9fabb71a7d9429dcfd77e948915b,2216.0,2024-04-25
d3331677c96a9f0c8f84ec04a44675dc,6261.0,2024-04-23
d3348dc33f9b54ba581bb2b01cd8c109,11168.0,2024-04-24
d3355f2c849d89ef55283620c23b75e1,1656.0,2024-04-27
d33595bd741909c20069169a5ec5ca8f,4950.0,2024-04-29
d337e4eabd0e726a07e196cf1e146afd,4315.0,2024-04-28
d33c7066041f96103b25706e8a45b309,10670.0,2024-04-28
d33c74a31394a12539cd54d70f2e1881,6181.0,2024-04-28
d33f7df23bcf1ede31dbda4daf35e89f,3255.0,2024-04-26
d342d92556fc08d92def78d01470f186,3556.0,2024-04-26
d3444ccadb751e417a26b0027e78a894,5454.0,2024-04-29
d3457ba68fb8dff33deba7b293560cce,4088.0,2024-04-28
d347b0161824f1283b2db5513d2df581,1960.0,2024-04-24
d350f260b96ff4ca40543b026278ed5f,5583.0,2024-04-27
d3538701b290e2a0cf6af2088471dc1a,10518.0,2024-04-28
d354ebf299993af792a191cacc4b7d72,12543.0,2024-04-25
d3553014b43f20973b6eb87aad77a273,7122.0,2024-04-26
d355af6b1d7441417ebb0e4ad1da4911,8614.0,2024-04-28
d3593b9878d4ebc6b78a239aef50cf0d,3396.0,2024-04-23
d3593f69449facbe31a6bbf5320fa84f,4465.0,2024-04-27
d359ce514ef0d28a64465d728f2231d5,8529.0,2024-04-28
d35a009bd75230770341cd143312ed43,7706.0,2024-04-24
d35cb1fc376e7dce91139121d9b9b36d,1453.0,2024-04-24
d35d0bab6e7273e7af90df5948a00aab,4199.0,2024-04-26
d361008820aa69566f3b8dc3fc92e487,3407.0,2024-04-25
d361ae3fc2f546f20a6c3b2e30912f96,5076.0,2024-04-24
d36bb396c4322db09d78118a7c7059ab,7347.0,2024-04-23
d370cc6293c9c1fd55cbd08c708f2ef9,5178.0,2024-04-23
d370e01cbf10e4ea8756e233309f16a1,3966.0,2024-04-28
d370eba97db2881df9eec04e1cfd790b,2842.0,2024-04-27
d3710dd3db414d22b0755746afac695a,5270.0,2024-04-24
d374ee2db0df8ce290178a98af87ea15,11082.0,2024-04-23
d378dd25eacd1f66dd19456434f42d10,10262.0,2024-04-29
d380a4157e2f45b1fd136583bcc00543,3223.0,2024-04-29
d380eeb27e196b6c33ba6d8bd5132473,5146.0,2024-04-28
d381ea7ad7be298680f9da75b1a6a08c,11693.0,2024-04-28
d388d2ec2b973caf11f8ae81d10e5608,6340.0,2024-04-24
d3900adc7b239c39b309a0f73b5efc90,2327.0,2024-04-29
d3991035d9c0b1f40d90de3ee85e8aca,3644.0,2024-04-29
d39ac0634fa249fd64971213e1bc5e54,1984.0,2024-04-23
d39d1161bfef714228f51b76c56dd1de,5334.0,2024-04-28
d3a24a7c3c0702a0051100618d50a539,5595.0,2024-04-26
d3a4b603cc3afbf4ef945a4ae4eaf00c,3692.0,2024-04-24
d3a6cc5f44d718dedbe553d05edab744,7248.0,2024-04-27
d3a6ef07a9e25ce579a7d7780c75f756,8754.0,2024-04-23
d3abef207d170a6813cbe04c1cb3e49b,7071.0,2024-04-27
d3ac93487059441c0953d125bd2c16c0,6433.0,2024-04-26
d3b364bb2dadd4bd4961effb07d2a212,8110.0,2024-04-28
d3b4aff53c3eff191887d9d20b62e24c,6917.0,2024-04-29
d3b7079535354e0d87704b149a6281d6,6640.0,2024-04-28
d3c328220877e5a1c699c5ffe83dc015,12566.0,2024-04-28
d3c75073c49eac6d65d00afcba9c884d,4042.0,2024-04-29
d3c7529e665f5db7341777d3e74ea741,7185.0,2024-04-26
d3ca6ea4d1478242a437246e6713babf,2171.0,2024-04-24
d3cc212f8e16d25056f65cf070e740e0,2156.0,2024-04-25
d3cd4118fe956e5f291d4225bac40f8e,4386.0,2024-04-26
d3d6e7ec68f248f1597068ecc6453226,4629.0,2024-04-27
d3d77e99941aa45189e878b08721fe72,2726.0,2024-04-28
d3e77bffcc0079cb07bf27f98faf2350,5208.0,2024-04-25
d3e7a9e3cf306bb2f24d5c427da4c61d,7784.0,2024-04-23
d3ebc3a6bc8504e81a46503684f5370d,2362.0,2024-04-24
d3f09ff331a94f0894eb6e2a380cc7fe,1498.0,2024-04-25
d3f30dc9258d3208f0c5dfe92388ef65,2105.0,2024-04-27
d3fb313eabc7fb49534679c5b2b286e2,10986.0,2024-04-28
d4012375b8b72b31925efe5aea28a847,4390.0,2024-04-29
d40371d889d6e8fa0af665511505d98f,12582.0,2024-04-24
d40a22708930ea5f2d27d0c17a0e911e,6680.0,2024-04-29
d40dbca69364cdc938fcca53157f451a,8030.0,2024-04-24
d40e5fed4f06e264217ff04d0987676e,7633.0,2024-04-27
d40f67cb541a1fd338eac6dbf39def6f,8243.0,2024-04-24
d417c1abf4391f57bce89a30d4fbbfc3,9664.0,2024-04-29
d41f6f65ff726d0ba836cd7b1aa552af,10168.0,2024-04-29
d4261564cfe66a8e548f20539509b726,1960.0,2024-04-25
d4296931ff910a8b485136f47c445e07,5068.0,2024-04-29
d42a3f6cacd2ac353e37f180aa5d63f6,6312.0,2024-04-26
d42abbf9b3f3082793d9628be0870be5,3926.0,2024-04-23
d42b3d108e047b3688db3e4a2a57af91,6541.0,2024-04-23
d42f6683a76ff2e7e1b592b3bcd8c7c8,3134.0,2024-04-23
d4363ea0a3e69b60eed982098a22eb4b,3984.0,2024-04-26
d43667c5ab63a2d3121592291d04ff4a,5248.0,2024-04-29
d439602978b771953568a51f53d6b26c,9042.0,2024-04-26
d43b0c39c6ae26a685afc644e4a06016,3075.0,2024-04-23
d43cd565d740c21777712e0c160de59c,4713.0,2024-04-25
d43d3763ebafcf63b02a037d98d74986,4707.0,2024-04-23
d43db15465d815275f685f51ce46f5e9,6205.0,2024-04-25
d43f31a8abba25cf5f277637a5ec1d45,4908.0,2024-04-28
d43f343e0ab2ea34dafaac2dcccc6246,5307.0,2024-04-24
d441c3f71faca752153939f2cc979c3c,7056.0,2024-04-28
d444b65b59f492eb50ca85378bf63deb,3088.0,2024-04-26
d4470b5843308c6180c4929d9b6f4baf,4295.0,2024-04-25
d4482485c36606489dd43ba9d34e8b7c,5574.0,2024-04-27
d449fe73bb0dea231c334a48a20abffc,6219.0,2024-04-24
d44ffe48ba8ebd0ee4ee913ff5532eda,7080.0,2024-04-23
d45049f6007a67935e499fa86946713c,2576.0,2024-04-25
d451093b778b83c7278e5b27d5686270,3264.0,2024-04-26
d451e3483f25d2514c3cd694dafec6de,5615.0,2024-04-23
d45581009a24f1e956fee113360815c6,9292.0,2024-04-25
d45bbc5ad2f19133d1f585b678cc2bd6,2872.0,2024-04-27
d465fe6a2ae9b01d544bf95568079d0e,5711.0,2024-04-24
d46b9fcbb6b55c77b8eadd8abfac3051,10107.0,2024-04-26
d46fa9441d18737f85b02c45266594f1,6195.0,2024-04-29
d4722876d40814622e6fb9f6f93793cf,6355.0,2024-04-27
d476a30a80d0711a6c5909e3638776b3,7929.0,2024-04-28
d47a146b3fd7f14201d7b240f1fd10e2,2949.0,2024-04-23
d485ab7d6aa95673687c24604b53105d,3483.0,2024-04-27
d4860d1c2028737886981055e33034bd,4415.0,2024-04-24
d486695314661f2a8b49158359b5f25c,11651.0,2024-04-29
d4877e7889707bf8d0ca47ebbf5e1c1a,10417.0,2024-04-28
d48e7dcf046f75c37ede26b9b3edda5d,3225.0,2024-04-27
d494014f3a03f5d0f525dd810aba141b,3303.0,2024-04-25
d497edc2dbe0aec03ec4e8c6ccdf230f,3838.0,2024-04-23
d498947e1756249be826187a6dcdc945,3567.0,2024-04-24
d49a6646cec8b2ff4200ac0ceffc9b36,6760.0,2024-04-29
d49cf87ee462f818a18018f53a126d8d,2618.0,2024-04-24
d4a911b173870b754503f4586e30d51d,4000.0,2024-04-28
d4a97934f4aa75f38bc25cf48251410f,3518.0,2024-04-29
d4b126df4bf434bdd6f94d31eed8ca87,5990.0,2024-04-27
d4b249a9d90fe9e5bc38d30797692f85,3291.0,2024-04-23
d4b439445693e451b3b2d98b0b400c37,5150.0,2024-04-27
d4b6bd71ab9c6c103b8bbc0d44bd85d3,4513.0,2024-04-23
d4b9d4038566d359e02133aed16f7b53,5769.0,2024-04-28
d4bb5d226eeb2c2d156ace3e2cb7e35e,4730.0,2024-04-29
d4bd3f61b3c1443fbc6918f3b2664901,4653.0,2024-04-28
d4c0482fb7169799413c06dad47ddf59,8667.0,2024-04-28
d4c04910bf8f7c0c9ef9402c581770c8,2064.0,2024-04-23
d4c2199efcabe9dc040c243c84052143,13580.0,2024-04-26
d4c311f1c85d15f0a37c43d3bd651cf9,7340.0,2024-04-24
d4c99b1069e8c405df431767c2ca3d88,1536.0,2024-04-26
d4cc0fb17cc78c9069bff0aee2b2c5a1,4682.0,2024-04-26
d4cdcbac29f01d8e934245fd4ee80e03,9485.0,2024-04-25
d4d36a91429b911bf1c3a78578f152ab,3571.0,2024-04-27
d4d4b43fce59c02ef4ba8e4dcbed1095,4079.0,2024-04-29
d4d67a59c10a5954c38471545492098b,4711.0,2024-04-29
d4db9a84da5163e975d643b8f2c2994d,5739.0,2024-04-25
d4dba6ad7134fb167eaf754f649f0f48,3731.0,2024-04-25
d4dd25d2a5d8f058639fe3d482c8394b,1306.0,2024-04-28
d4e7397acac60661137ff127a15591b9,6917.0,2024-04-26
d4ea50ae7521727d8c6c7a485fb11724,3551.0,2024-04-28
d4ec2192cb5d14844daf80a50c9c0b68,8554.0,2024-04-27
d4ee91f28d397ba4649870413ae213c4,4160.0,2024-04-25
d4f44e510572095e6717269c59e6be18,6121.0,2024-04-25
d4f4db034757d31aad086a12f1f9e09a,15426.0,2024-04-27
d4faf0b42a7df426c1b6e8936f2bdf1b,3884.0,2024-04-24
d5027e7d284c214e7c188a64797acc1c,4165.0,2024-04-27
d502a883ca4bc4d483e9e021bbc01864,4022.0,2024-04-29
d503c136bec04990b7fc55ff2886eb4d,1598.0,2024-04-29
d50807f21894cf2481d61249439f3fc5,3968.0,2024-04-25
d50f4c4c5cb4f1aab47cc1569948d9cb,3444.0,2024-04-28
d510ffa2bf895e3afd0673ead881f72f,6491.0,2024-04-27
d512883e06e6db96c51ff8f9ad8e2700,8799.0,2024-04-28
d516d7abde4dd24f18c0cb5701d81c77,2926.0,2024-04-25
d516fc3bb4e0d3a04439f2ba2d0ec6d3,2335.0,2024-04-29
d51923941645c71ad9baf0ba1f4fcdf3,5869.0,2024-04-26
d51e7e9c41f1cfc28f22e8126a6a24f6,6812.0,2024-04-27
d520350bb8e5f92b68f5cf97e59540a5,5179.0,2024-04-25
d526309b3b36da1d630ba73498019e49,3354.0,2024-04-25
d528a1fe2728497399c9328db8b45eb5,2411.0,2024-04-28
d52a000f753f9bd9a62bfd70f0750e7a,2579.0,2024-04-29
d52ae85b4ab17df09ae9756375324f57,3731.0,2024-04-25
d53945da5985717546bf20192669d914,8116.0,2024-04-28
d53ac2114471ec8592f9a4993c4dfb74,2999.0,2024-04-28
d53b8cacb0fb551607a2e8bf3b16b21d,5773.0,2024-04-26
d542081d0ba27be86b1ae69219079d72,8543.0,2024-04-29
d544b67ee5cb43fab928ffba44a21260,14464.0,2024-04-25
d545425becd27b0b7f3aa4152ed18e7e,2016.0,2024-04-23
d5459f8a68cdc1f900c0e5225ae8c749,2216.0,2024-04-28
d549820f3cea4b8514b7fa9fd6f738b4,3990.0,2024-04-24
d54abec4d3e60a42e2ebe04835d8959f,20707.0,2024-04-25
d54afc33f12202ab8750e9d4a16f1360,3532.0,2024-04-26
d54b95b4ee07605a153cb7e34aeddf09,3175.0,2024-04-25
d54d3e619e8dd5f378ad616956844986,4916.0,2024-04-27
d5501af92e8ffd0805974bca14755211,8990.0,2024-04-27
d5502e4a4135f4f9fe03a9b6cbdc7fa0,5518.0,2024-04-23
d55689cc75b9a1be4f6600622623086c,844.0,2024-04-29
d55bd0a8c6180bbd634f9ae05c36eb5b,5307.0,2024-04-29
d55d4d09c52a0a6b221c6b517e9b191b,1960.0,2024-04-27
d55da5889a40e1d2a7cbe556b8e2a0e3,9784.0,2024-04-26
d5618262257e98c3642aeb54f2e5736d,3932.0,2024-04-23
d56a0bc59602c4b4141aeba35cb508fb,5265.0,2024-04-27
d56b75dcde341f3201368e7ee7ee607a,5253.0,2024-04-24
d56d118a5310d8064f410344b562c82d,1182.0,2024-04-29
d56e22bab1897854c95f348aa53cb481,1543.0,2024-04-24
d57165a8b6b8ee1217242652a4ef5fdf,2221.0,2024-04-26
d571c5a253cdaa422bbf0e0729f4a1bf,5655.0,2024-04-27
d5728e8151d18524dadaf27431abc8d2,9625.0,2024-04-23
d57327d8721ee1b85c2aaaa4550de90c,9895.0,2024-04-24
d5779e87e575bb89412d8a7134cc6575,11377.0,2024-04-23
d57fcc1b38ecc1613d55300e9e4a2d14,3503.0,2024-04-27
d583326d59c01744da8d8e106231371d,4110.0,2024-04-24
d5865d5f91b191a0cdb313522e232d24,15869.0,2024-04-26
d58a662f2e643750b81d31a2f58629b4,4284.0,2024-04-29
d58aa3d82d9d00129990aeadfe6f9159,3562.0,2024-04-25
d58fecf91e04000d52cbe60fd4b1bb42,4102.0,2024-04-23
d590805d630850c179bd11418f83aca2,2573.0,2024-04-25
d5980a9140255ec06ce9dd29ab03d88c,6385.0,2024-04-24
d59c7e4593e07a9d21d1626054c5c7ff,3518.0,2024-04-28
d59e08523e47f472ea5c582e5ca8ac48,3599.0,2024-04-28
d5a1027f9fc466f787a7b19087db3c0c,4975.0,2024-04-23
d5a52980bf8332704ddc54ed15464ccb,1990.0,2024-04-26
d5a5f5bf4f65a76a0f1c1b1729aec36a,3350.0,2024-04-23
d5a6289feb8b79d8b82636b30b6746aa,5830.0,2024-04-29
d5a93db8351db53d07024452c646a6e3,5287.0,2024-04-28
d5adfad2a364201f071b8bde6c56ed9c,4953.0,2024-04-27
d5ae5f6ded4e51d97f894827d9861acc,4638.0,2024-04-27
d5ae8e1c85210e481e0a125dcfce06b0,10503.0,2024-04-27
d5b750fa1cedd94f899058c9ceded951,7434.0,2024-04-28
d5b82fdfc868dea7e90f385a97ffd5f1,3569.0,2024-04-26
d5b89190818b7230031a0c3b9ec2da4f,4376.0,2024-04-23
d5bbfc3d0752603fa2106cb0332bf768,2421.0,2024-04-28
d5bcf4c75ea38bedef26465d87950476,4783.0,2024-04-29
d5c2118ae07ffa75a9f2f8e53843718a,5480.0,2024-04-26
d5c4a843048515a44922731c656e8eb9,4939.0,2024-04-29
d5c5431df064bb2082a32867d233ce35,8885.0,2024-04-28
d5c71ba4a1cc76955ae553512ffa2af8,17307.0,2024-04-26
d5c9b5163b39f11d56f3d1c36a1d4812,1222.0,2024-04-29
d5d114c7b2f823a7b4c0c41455992bc4,9019.0,2024-04-24
d5d1a7878601afefd66f8fb7e6bdefbf,2176.0,2024-04-23
d5d411ff2cdd87d5792abc30ddfca4f6,1902.0,2024-04-24
d5d502a85897968bf18e89ca5846532f,5169.0,2024-04-26
d5d59424c71824ab0c624258f095f455,3237.0,2024-04-28
d5d99cb057cb76d86bd0c8707fa01be3,4606.0,2024-04-27
d5d9e8b96178a6650724f286c283c923,8914.0,2024-04-23
d5db3daa574f33f4e645060735dda0c1,5328.0,2024-04-24
d5dd8e16678cc239f552cf66bfc3dcbf,5871.0,2024-04-26
d5df748a77e298bec2bd9e2a8ca9c36b,3931.0,2024-04-24
d5dfda523bce50608f45be76f5017432,8306.0,2024-04-23
d5e386715cbae498ffca084fced789a2,5351.0,2024-04-25
d5e8aca3782649225b8923fc1753afee,6008.0,2024-04-25
d5efc2982dd628bff5356d064f71899d,7629.0,2024-04-23
d5f0911958c8498d30066bdc29322cc5,4332.0,2024-04-23
d5f0bfecd6c8bb02815ac04eb8b63134,4376.0,2024-04-28
d5f116a9157b0fcb8c4dbe8543ff4871,6019.0,2024-04-25
d5f23b0ebe88fc6bb84e303be0f40a3e,5321.0,2024-04-25
d5f2d4443527ca1a4d01d603181c3635,4300.0,2024-04-26
d5f3386365f038fb90407adf98373664,2423.0,2024-04-25
d5f512eedc56041ce8ac7581546d3f45,10693.0,2024-04-23
d5f8f443b0ff2c8800e034b8876ac404,3038.0,2024-04-28
d5fbcb2d0ed61181ee3ea85247461863,18188.0,2024-04-25
d5fbe0c7e7a341131f7ccab9a7fad253,7744.0,2024-04-24
d5ff94c79e48070cc879923c743e49e3,5153.0,2024-04-24
d605722b32adbcf5465d7d5667f586df,4653.0,2024-04-25
d6068aa530d113da6b1329c4d2c02e2c,4928.0,2024-04-23
d607e8b818a2ffe210344d6a4dfd6ba1,6068.0,2024-04-26
d609f43a5ab745d6c6a1450b8dd157e2,7270.0,2024-04-27
d60b66d437e85079f80ae3cd88e06baa,5588.0,2024-04-27
d60bc147dd402a506dc737757fdc01cb,11762.0,2024-04-29
d60cf3877af166d7588623ebaf9510cf,5375.0,2024-04-29
d612f306678fd8ed00892e9c1bab020a,6685.0,2024-04-28
d613874262fd1c7f1d5411511f47c715,9870.0,2024-04-24
d616896a1d4c8ea8984fcfa5da8ef7ed,6110.0,2024-04-28
d617cdfb633d4c3de0f5615db12fa8cd,6090.0,2024-04-23
d619a113203548a3c965d1b81b0062a1,4011.0,2024-04-26
d624be95e095baadc33eb4e1bc57e9ab,6564.0,2024-04-29
d62592842a1ccea1c1c069b78d1cf33d,5571.0,2024-04-26
d626961192074214a0e3f73f2e7f0fbb,2533.0,2024-04-26
d628c554df1fd833177c3b0e51706c8f,10298.0,2024-04-28
d62e9f08f03b2246ebc963a25ac8900c,1591.0,2024-04-26
d636496ccdb483cc86c2cdb9bfc50d47,4463.0,2024-04-26
d639cb7eede7f94ff72d4468688f860f,3342.0,2024-04-24
d64268283384ad5f439483d1f46bd649,3821.0,2024-04-26
d644ecf55da6b20e7f22d4913dfbbc4b,6719.0,2024-04-27
d6451495cf013f9acbc2cf82a1d89c19,5828.0,2024-04-23
d648edeeaac757f5c1e748962d533d6d,8878.0,2024-04-27
d64ef82f01a114cb3ca656c5e14e3c3d,3388.0,2024-04-26
d64f3d1878c9866af2c66470d1849af9,7293.0,2024-04-27
d6599ae8bf6ecda475943cc6e47a749f,2196.0,2024-04-25
d65d682fa54773676b3b8ac274a8585e,4800.0,2024-04-25
d6642461d69b7818bdb3208880d9a67e,9684.0,2024-04-23
d66cbabb749ae04c053e4881888770ce,6619.0,2024-04-27
d67529b356e8950bd82ff8ec18c35b9b,5245.0,2024-04-25
d67551d4b72dab560b3f630d34e61b2b,3158.0,2024-04-25
d675f1e087fab17ad16de4de490ccdb5,3239.0,2024-04-26
d67ab3be367aa1e0655c498e16ad3d3a,6353.0,2024-04-27
d67ebd4ef6f3611533b996ef38bb6d70,3106.0,2024-04-28
d681953a37e407ca71aafdb2af15f71b,10524.0,2024-04-24
d6836186322eb27063c629ff5cec6053,3935.0,2024-04-25
d685a3c4171a7ef80630a535a80707a1,7304.0,2024-04-25
d6869034ea53d617a51a2729f4f8bbe7,2565.0,2024-04-26
d686a407565272b5e4ee066e1f2f10eb,3724.0,2024-04-23
d6879ac6a6a4388fc9cd3ccf18b11276,7071.0,2024-04-25
d6884ee5164d1aee74712eb411e973cc,3436.0,2024-04-25
d68ed95a5a78cb02f6062de9b2efb5fb,3677.0,2024-04-25
d68f031b0d71c7282389bfcef140964e,2667.0,2024-04-26
d69529b1e26d6b5a05fb67129b49a7f3,9956.0,2024-04-29
d698cfefa1ec9fa3a672e6655e9fe49a,11339.0,2024-04-24
d69d90c4be03ea04521d756e6d0e06af,4229.0,2024-04-29
d69e6ae93ea646a509857e3ebe91a9d6,2355.0,2024-04-27
d6a3899f1e45a287390b2c5776b4f836,1970.0,2024-04-29
d6ab9e157854b4296abda0eb6033bf40,6002.0,2024-04-25
d6ad3fab390ff305d26ab1812459aab2,7488.0,2024-04-25
d6b06641a29be28b152ef3f54b35d117,1164.0,2024-04-24
d6b1a7464f09a330a81ff468d21b35db,2087.0,2024-04-28
d6b6293f8307b6781edfbc04c15d0c7f,4006.0,2024-04-28
d6b62aa00fa4a58d20001a96a9ea3b74,6395.0,2024-04-25
d6b926a5781652711c60a0a5e0374456,4321.0,2024-04-29
d6bc3816756dd55e2efb9ed5fe3bb053,9561.0,2024-04-23
d6be5c6abcf50e7c6ac4aff62fbf2e51,4069.0,2024-04-25
d6c07d2306e98fd2fb91aeeb799ae864,6099.0,2024-04-27
d6c0ab4ff1c9ba2c2a47efbd14491b0c,10196.0,2024-04-29
d6c3450523de87285dcf7956663a2e7c,8176.0,2024-04-24
d6c7d63b27e400b70bd8712fb8373511,10437.0,2024-04-29
d6d277d795ce0dfec9737191873a0ca5,8463.0,2024-04-23
d6d481b6673d359624f4867534fe01f1,4854.0,2024-04-24
d6d5fdd3124b9a3635270d143b4aa70a,2066.0,2024-04-27
d6d81ae8f398822c6ce29024a0c1d791,5341.0,2024-04-23
d6e3d076e2677fc907ba1f2eef8cf424,3536.0,2024-04-24
d6e422fe792b1b802484c5d133957757,6117.0,2024-04-23
d6e49cfb69630e4dc4b013106643fd31,2973.0,2024-04-26
d6ecdf2cf6d625479e51b7d031d7ebc6,770.0,2024-04-28
d6ed3f2919d11f7f079c49a745a697fa,1293.0,2024-04-25
d6f16f8c11087893e789b4940efb5c9c,6558.0,2024-04-27
d6f197cd516176afccaa831dc3ac7d93,3328.0,2024-04-23
d6f2452a7a79621efefb14e3a26457a0,7591.0,2024-04-27
d6f359f9d2dff8b006ec187d81ab225e,6248.0,2024-04-27
d6f750f1937ba324247917ffd16c71b1,2989.0,2024-04-27
d6fa5d39402484db27a6eaa67833ff21,1690.0,2024-04-27
d702f8e33ff2e1aa4eebddb90c16dd1d,8641.0,2024-04-29
d70a046a44cdf3608ac17670045a5018,6375.0,2024-04-23
d70ae7fc9b9811053d8c285fc30f2be3,401.0,2024-04-28
d70be93f30e371f948ccc967ca23ddcb,6075.0,2024-04-25
d70d5a18baa00f3fd22e3ab96ca91095,6288.0,2024-04-23
d7159378ef7c368a928be0c6e736b074,4572.0,2024-04-25
d71ae17865ca2ef85f2a4e53374c499b,6251.0,2024-04-26
d71d880b8886544896e61d151642062d,4635.0,2024-04-25
d72426ae4a36d8def0bcb64c04aced73,5007.0,2024-04-23
d72527ddbb025a9375eab4058702aeaf,4063.0,2024-04-26
d726b7d901ec43c35a113b8d855d29f8,6326.0,2024-04-26
d73281bbcd0cee94b213963658822ee5,2629.0,2024-04-23
d7336aab29e0ba640e1366c079685137,1450.0,2024-04-26
d73f37047d20f966ac4e6feb9a55334b,7680.0,2024-04-28
d741b7f82f32741fb44943b9d302f685,3779.0,2024-04-27
d7422e37f56ce77e97800194ad68052d,3166.0,2024-04-24
d745319727c26d1d16d6f1571a8d7af1,3833.0,2024-04-24
d74fd0dbb7d179b511c63d473f1a5d79,4624.0,2024-04-23
d752bfc768d77957a03db9ad40f7dca0,7596.0,2024-04-29
d754a6af4a07d3052048f4ed3441a7d2,6112.0,2024-04-29
d757b6450aaa02b4e95abc66df779f61,5722.0,2024-04-23
d7595daea7748a795db5c08ff39f5aa7,2279.0,2024-04-23
d7610be1affea88ac7af0f55e82df0b2,4356.0,2024-04-29
d76188c40231139ff9078ebf4b1087c1,8883.0,2024-04-27
d764df66da570c4df55fe9419c24e901,5852.0,2024-04-29
d76833c81439189254390419a1fcc484,3920.0,2024-04-27
d76bfec6f2d9cd7ecf2d1475528285ee,1876.0,2024-04-27
d778095f38213f56f8968b874f7623de,3234.0,2024-04-27
d778ab9ec15c64e54d36f576cb7d392c,10920.0,2024-04-24
d7795d24a57566c45cba68d6d925b462,4307.0,2024-04-28
d77e63b4a3e69dc5fef0d4e0e488b564,6651.0,2024-04-23
d7867a4602c1c4b403cfda90d513c483,4887.0,2024-04-28
d78d49e6684c22d72369b256f0db20ce,4839.0,2024-04-27
d790145ca4f4dcaf1a811b60c3c96e33,3873.0,2024-04-24
d792523fafad13ad1c15705409f8b747,7431.0,2024-04-27
d7942fdca2b003753470f0e47d6923b0,7509.0,2024-04-26
d794745a224688d8d0d81716640ea910,2087.0,2024-04-27
d79679df601137b800b37512c6d7faf1,3186.0,2024-04-27
d7992c1896ffd0b8a46c1bad319c440a,4224.0,2024-04-28
d79b27bba6ca4c409b555ffae0d53058,10953.0,2024-04-25
d79b5b5f48d3b6b98b44b128ce2ec013,3786.0,2024-04-24
d79bec204a2ba8018a0a748066ed42d4,7355.0,2024-04-24
d7a4b7260020278c0113486ed9852b5a,5031.0,2024-04-26
d7ad2b3343583d79130a04213aeb2266,3597.0,2024-04-27
d7adbf1fc34ffc9d901b6c4c521b5283,9724.0,2024-04-28
d7b15966803922ba6cf0fcf81a2cdc95,4935.0,2024-04-28
d7b2a711481ff2f9d9ee8f811d4fc4e5,6355.0,2024-04-28
d7b2eedef7b66667434479ed8a2edda5,4035.0,2024-04-26
d7b33856d684620e97f18349db4410d2,6019.0,2024-04-25
d7b42d242c11a60c0b5eb61f3b481040,8092.0,2024-04-26
d7b5cd9c4d4e04e0f2068c68f52ff680,5769.0,2024-04-27
d7b5deef7321086fb9aed5f61a2d158e,4607.0,2024-04-28
d7bb5c0fbdb3bca750b939d94bd59ad3,4492.0,2024-04-28
d7bed6e74caced3bf50655fe891a2bfc,3036.0,2024-04-29
d7c1aeee176dab2ac4fc7fd2563d0399,1772.0,2024-04-25
d7c90553ab6079215c069d5b22449ee7,6033.0,2024-04-28
d7cbc815094a5c7c2d5e2bb2c0369a93,7325.0,2024-04-26
d7d34b752ce25696a23531b7763c37d8,4536.0,2024-04-26
d7d681a374cad8df639448abf7be5051,2361.0,2024-04-25
d7d6fb8c31d100675e8de697e4218628,4371.0,2024-04-25
d7de3f6471fb394fc61c09ace2860f85,6283.0,2024-04-23
d7e82494c89c10cc83af27c07bd6ca8b,3909.0,2024-04-27
d7ee9c269f63aadee8b2531344444aee,8838.0,2024-04-26
d7ef0b254702dd2f7d83d8734f025506,2694.0,2024-04-23
d7f0068b5d9368a07c89d6c47f56609c,6612.0,2024-04-25
d7f0731f77612666145fde6659002c32,8590.0,2024-04-23
d7f31aeaed77b2202fa0c356bbf8b26c,4959.0,2024-04-26
d7f64a23c3b60f8050a6418a431c3f74,11893.0,2024-04-29
d7f6655f8b939c70d0c93b9e80064f02,1515.0,2024-04-23
d800f30e54cd387a40bfdf3dc80c96af,2435.0,2024-04-26
d802c18526f400dc5d4ec7271526de74,5164.0,2024-04-26
d803223efb33f347cea28f3bcf53a1cd,3075.0,2024-04-23
d8038cc09bc1c47db64732c8645ddda8,5140.0,2024-04-23
d8051e7beee5fa54388548ee5dd990e1,3666.0,2024-04-25
d80b2de7d31b03ce4c9cb4fd5ba382f0,7774.0,2024-04-23
d80bfaad22f2986efb8a39076c8a238b,5502.0,2024-04-25
d80d4d821b5a6890572d7404c28a88c7,11383.0,2024-04-23
d811242f5cb4535abcd13e11d5716219,3539.0,2024-04-24
d819b789677c6b2479768482fd02583a,4353.0,2024-04-27
d82ee9b9ea404904789929fbb5e79e90,2451.0,2024-04-24
d830500986feaab0fb91cb7fc5037b09,5092.0,2024-04-27
d832e903dc063c0375329b29548ef53e,4637.0,2024-04-29
d8409f94ca1fab6ce8041b283d545679,3766.0,2024-04-24
d841658e92f70cd012cb6ea4817a8977,7132.0,2024-04-24
d842da06222e52bdc7fa0631248f99cf,3099.0,2024-04-23
d844977d798c15553b164112006a40bd,2706.0,2024-04-26
d84e0c1389737360812c3b9eecfff0d5,2778.0,2024-04-28
d84fbf6b778947fa3f42695fd5bc4ab6,2587.0,2024-04-25
d85364d0946f040f18f30dd7df1e2641,8062.0,2024-04-25
d8649b3224b95301095b91eac61c8ef6,5570.0,2024-04-29
d865826f18a01784e6376111eb01ed27,2802.0,2024-04-23
d866a7511248418c6212f0d9949e4642,12953.0,2024-04-26
d866ec379ad107cff92b63a378c3090d,3596.0,2024-04-24
d86bf3efb31e0b71e5f85907b1d033e8,3479.0,2024-04-29
d86e2c37d026697c4b4a9305e802d1e0,4215.0,2024-04-28
d86ecd898086abc994f599ddb9e6360e,5087.0,2024-04-26
d873b72609f9403be185384a2bffa64e,3341.0,2024-04-27
d874e580a307ecc08d44d0010327ca3c,9990.0,2024-04-25
d875884912fe6a438486d4bb51d1beb7,6483.0,2024-04-23
d879ef918ad5692c264441c9e780ae19,5076.0,2024-04-26
d881321e244bf02569ab20a82bc7b7ac,7140.0,2024-04-27
d881a2d5e4d6a6c6f9ffa1d277255034,5829.0,2024-04-25
d8837dde68b547fa67adddda478a057b,3157.0,2024-04-26
d88dd5ffff3ee29b16cb70ff6c84a2a1,7657.0,2024-04-27
d8965243cba12e9b5fce37df40c80357,1929.0,2024-04-29
d89b88893d1a2326baf9a8591fc151e6,5016.0,2024-04-26
d89f9d9c039362fbdb6051ae6fd234df,5616.0,2024-04-26
d89fa7d2067f8acca29eb81fa05f9253,5356.0,2024-04-24
d8a65ac173cc37278c1c8801cb758207,4473.0,2024-04-24
d8a6b565a148d303987734a95ae64c14,2812.0,2024-04-29
d8a98569728f690bb08a87b16d355cba,6428.0,2024-04-23
d8a9b789c3d1395dd8ca5345069d70c1,1628.0,2024-04-23
d8b28765509ef065fc58886d0742f1b5,5631.0,2024-04-28
d8b2d3d83dbdc71708db096bbcf6e74d,7782.0,2024-04-27
d8b5423146a1bab56938724c2891e5db,4283.0,2024-04-26
d8bb390939935d7b22152a3ca89079af,3477.0,2024-04-26
d8c12f1e4cc0e743b5b5d05a984f1ead,5601.0,2024-04-25
d8c6624ee8435ba907d97a7c23328151,4161.0,2024-04-23
d8c741951dd1f8b115244dd906916e23,7099.0,2024-04-28
d8cb56318e70c81eb079238b83f56d81,7424.0,2024-04-29
d8cb654db6c017ebab7bfd9f7d352e7f,6369.0,2024-04-24
d8cbccbeb7467021e1d65e68f6ee40c7,9374.0,2024-04-29
d8cf28e8cd6e65592d67d9c56bdbb042,3824.0,2024-04-29
d8dad6e3edb65b8eb77c74b23c15946c,12012.0,2024-04-25
d8dcf92fe3a167f52aad4b8c2dcf8cb8,1582.0,2024-04-24
d8dd67d1695fae5ef7b864aa1fce5fbb,7436.0,2024-04-26
d8dd787aa7cf8540fd02f2d40ddb7f8c,2346.0,2024-04-25
d8df3d3bc3454dd4b0bb0c2955fc534e,7858.0,2024-04-25
d8e014027605e460cf3f7304d8f23dd7,2539.0,2024-04-25
d8e182055fd958d81aef01bd1db44698,5731.0,2024-04-25
d8ecc72e70a91b9e29ec9c0505cd71ba,1712.0,2024-04-24
d8ed4951ec7d311e1679363a35350dad,4850.0,2024-04-29
d8eddf865ed429e7f6bcde37e7be7a15,2488.0,2024-04-26
d8f5bd09543ab0ba3c782e4cdc7f4e25,3875.0,2024-04-27
d8f77b125ca1a3d61af9bc269750066f,10797.0,2024-04-23
d8f7b0be8815043ef4ea2d2e4ebad9eb,3082.0,2024-04-27
d8fa9731a187c498ea8141ff8833bbb2,6555.0,2024-04-25
d8fafb9a7f86142da6b5f9088e7d69a9,4760.0,2024-04-29
d8ff1c1726fbfc1cec789bca3f878142,7495.0,2024-04-29
d8ff360faa75e150bbf8618a2cf04342,7685.0,2024-04-26
d8fffcf83a08b087200d29296e892662,2973.0,2024-04-25
d9028cadaab099ce5ee61e308951cfa5,3723.0,2024-04-26
d903f8e03d278b18938b57bfcd9c71bf,1915.0,2024-04-29
d907bf2e5d728d2b0f3aec0a79ebd126,4753.0,2024-04-27
d90a7d4cf93484fbffdf14ed95d0b043,4915.0,2024-04-29
d913c42414a9d6180936b26cf293387f,2452.0,2024-04-28
d91b95fdfc1ee56398b9e044c03cca8f,11807.0,2024-04-28
d9200b239585546e0c295cae40523405,5235.0,2024-04-23
d920deb194cc51ce84eb9b4f5eb85b3a,8197.0,2024-04-26
d9274e8a1a6cac4d63ddfd01b170a144,5414.0,2024-04-27
d92c20fd2b7fd3ef4775122555a20a5e,6131.0,2024-04-24
d92cc3efcf858a140d6c1e9aced068ae,9327.0,2024-04-26
d92e6350435229a2adcb08b43101cfb2,7073.0,2024-04-29
d932842251ef5773b867d5d57e8f72df,2932.0,2024-04-24
d9328f19b8d6936f2e035a053c1f6bda,9377.0,2024-04-24
d934c32849fdb3529d882656cc7f0d62,2837.0,2024-04-27
d9415fea92cbd7bccedfbdebfe1bad62,3569.0,2024-04-29
d94396cf4041a5079b5c79cfc7e0913e,3193.0,2024-04-29
d943f6d5d85d176e5ea3ee8e53cccf28,3780.0,2024-04-29
d9479762dba345822845dd7c10787f1d,6305.0,2024-04-29
d94c9d25ffc1304709f0b00d8dd60072,11588.0,2024-04-23
d94cccc07cf7315f3b4cd48691f8f765,9054.0,2024-04-27
d9558dbad2895285f0485009f3878630,7200.0,2024-04-23
d9575441989349dfb5498368d4473e14,4548.0,2024-04-27
d957f7b1e63aee59dd8140b642e640eb,4031.0,2024-04-28
d95914bf8ef84ffb3a9b751684081d60,3749.0,2024-04-23
d95bd3269d0ec1482aa8818873f38e85,7752.0,2024-04-27
d95bfd00c6fa3fa55afaa84db7d15aa5,7929.0,2024-04-23
d961d36af389263ceb709e21e10c615a,3107.0,2024-04-27
d967d2bc749f9c0753fcad1e718362bf,1680.0,2024-04-28
d96bc485d5d949c954405aea387bb9fa,3335.0,2024-04-26
d96f8aaf6f8c0c4ee19bc77a1b3ad92e,3656.0,2024-04-23
d975df7b05d057e06c971a0addc1fcba,7077.0,2024-04-26
d97f9ea7fc81b222083f08d70ba04466,2924.0,2024-04-24
d980c9321c00c50b2974a9b82d37f81c,10354.0,2024-04-26
d9871d3c8cbf799a7ca8256b11b8a295,1754.0,2024-04-28
d987f620b3a7b23e2cfe419ab0b95232,2913.0,2024-04-26
d988873b959f8089930f9e337d62f2b5,2703.0,2024-04-27
d990f599ad8691b29a9ee1bb47794a8c,6182.0,2024-04-26
d9911bc55b171bb2804f56622c26233c,1430.0,2024-04-28
d992f262bc1cc1584784bb69680ac1f3,2550.0,2024-04-26
d997cdebb6a11220675e1e79d443b57d,9226.0,2024-04-24
d99bdbda41b1581cd695827689a978c4,2105.0,2024-04-28
d99cb1cb9ce4df2cb1c96a9e52372201,1400.0,2024-04-28
d9a19ba3b2869ec4d54b461b0fc58515,3267.0,2024-04-29
d9a1def8f8fa32b3333e04d0955c2a3d,7649.0,2024-04-27
d9b28d92a76abfce2b9f0b68f0e80791,7020.0,2024-04-26
d9b491d661b39514ab68f442aef6d47d,6868.0,2024-04-26
d9ba34f6ad8633ad47e691aeda60a829,3904.0,2024-04-23
d9bb21cd643bdbcaf1161fc4ceb7c2d2,2674.0,2024-04-25
d9bd1b3c9c699aa701d33d77a242a2ab,2620.0,2024-04-27
d9cfd0a3dace85ed740354f6bf3c4d25,3836.0,2024-04-27
d9d879b0e0a9ee602205f1fe7ff79310,3595.0,2024-04-25
d9e235c60475b46753384a22ae89821b,2540.0,2024-04-24
d9e650a05ee6cf7aafa5b6bad748d364,3482.0,2024-04-24
d9e71725d26b54af975d43a1d363e9df,4434.0,2024-04-26
d9ec163f7bd55e9322ebd6ebe3db81af,4512.0,2024-04-24
d9ee409b5fd8786193415efeb0a22e96,4958.0,2024-04-28
d9f040f7ed47bb3fa6d83d7d4f1d3aaa,4878.0,2024-04-24
d9f19658d31cbb236bfdc20e25383bd2,7853.0,2024-04-24
d9f532ccdff8b4576cf4a91d242c0df8,6894.0,2024-04-26
d9f5c43137f849eed9648d0db69742c4,6302.0,2024-04-26
d9f6ec280604ccd2d824b7c1f9e289f4,9006.0,2024-04-24
d9f9a34ac854896c09d687cb21e7dc68,4421.0,2024-04-28
d9fc979b7b300a668b1bde4f0a2d60e7,1857.0,2024-04-23
d9fe341c2038c2c03e243e98e5878cea,10406.0,2024-04-26
d9ff7fcbcffb2b17345955b61bca8eb8,4345.0,2024-04-24
da01b874cee9aa7d0f7ae06cb5f0cfbe,2983.0,2024-04-24
da06adc1bc6d24d013e22a60898fe5bd,3872.0,2024-04-27
da09959717224986e8355017e8ab4e3f,2517.0,2024-04-26
da0c56d54956e4d0b379de0509894c49,4476.0,2024-04-26
da0e0b7b288a3fdc9dd4602791299bfd,5330.0,2024-04-23
da11c52cbc1fb41adfeae56e1c12ca02,5734.0,2024-04-24
da16dddbb4c2b208185d05a39748da65,3635.0,2024-04-24
da171a1735ce78c0d5cbecfcdb6124b9,10120.0,2024-04-23
da1fa56f3f120840f43bc99bc9ed9252,6811.0,2024-04-26
da26ea70a8d183423dac125ae4516e27,5617.0,2024-04-26
da276eee69533a0e17e294274bf965f9,4357.0,2024-04-24
da27a4518651fb73225fad023934d279,3156.0,2024-04-24
da2a1d9cf291d467c3fb748911d8604d,1316.0,2024-04-24
da2cbd40f422f98c4d1349b4e900c2bc,3823.0,2024-04-28
da2f3d37416c325352d307c162220a0e,9717.0,2024-04-26
da35733f9c9f7b547b8e6c621f62a45e,3283.0,2024-04-28
da35afebcd7d552f609ee0a0a768afb2,11134.0,2024-04-29
da3653b98a01bb01ffe3c824ff163d65,3760.0,2024-04-26
da36a3dcd6623a6282527e33ae7355c8,11674.0,2024-04-28
da36f24d296f910bdea6f799840b3968,4161.0,2024-04-29
da3ad839ee79717e69d8acb6bf2510b8,4553.0,2024-04-23
da3b32bff64806745dac85ebc0b23881,6469.0,2024-04-24
da3cff6a544270d68723c14efdc343e4,3792.0,2024-04-27
da3ea777972b2345d7b0f6e33bab8a81,7716.0,2024-04-23
da43f6838266e19eb270f2179bcfb9e0,12619.0,2024-04-24
da443bbbc0b1171b032dfcc063a05bcd,1294.0,2024-04-27
da4c355dd66de0d605d92dcf3b904c83,4661.0,2024-04-23
da4e7a9e867b3bfade50e4ba00dc31e6,2679.0,2024-04-27
da52e8aaa7e21e38cdd988604b5a9430,6180.0,2024-04-25
da53ce17a1c364cc97d18a16fb280ee6,5997.0,2024-04-27
da58add2752c3acaebee058370be4265,9254.0,2024-04-27
da5a8f374210fd64ea3b35039966398c,4127.0,2024-04-27
da5ab0de9bb7a219e64698bb13b76bb0,6963.0,2024-04-27
da5ad459f706fc948a36d369b3e3382d,7296.0,2024-04-28
da6620087d4ea2709a2fd115b08c3612,621.0,2024-04-24
da6c37ffe4c9aafd58eae23afea09cd5,9320.0,2024-04-28
da6cd4a15a2751bb8336ed91515b320d,5602.0,2024-04-26
da6ebc5d881d40051f7a38fa68cea851,4796.0,2024-04-26
da7193699594260a76d774d047194ce8,6659.0,2024-04-27
da729f3995ee4a5e8a107d9e7e795e8f,10091.0,2024-04-23
da78184e12b73882ff8a081cbca91ad1,11053.0,2024-04-28
da78ac65b2a3c8521face0d405fb285e,11046.0,2024-04-26
da7ca8d5087a8fbfcb4e4c05bafceb6b,3579.0,2024-04-24
da80d1e8f5698af4a93b76d1773d9c17,4245.0,2024-04-26
da83659d65227749ae18dc6d7ded7bd1,10199.0,2024-04-29
da8595bda006fca6c4015c26d433c1e7,11358.0,2024-04-26
da891780d2ceb1fc6735c7aca01d7dea,2366.0,2024-04-27
da8eb872391b6a6e8062c2981c51c560,2241.0,2024-04-25
da96e28ec92a42ca04d9261c57c0ccc2,5761.0,2024-04-26
da99d18e8a414e79b19a88a1854d2e84,6736.0,2024-04-29
da9b28aaa85046142b1e1d6173a53711,9124.0,2024-04-23
da9d3d097aa3f07e5a49031e17cf82c9,3998.0,2024-04-24
da9eea93d3543ac5a888620d549bb3e5,2857.0,2024-04-28
daa0eb7ff004148ef5f9e8917fc5a226,1873.0,2024-04-25
daa20679ab9c961da1640e18690280c8,7515.0,2024-04-25
dab0012b509bfa863eee24872a76610e,4727.0,2024-04-26
dab8152ec67bb70d1bbb6d6776fbf725,2870.0,2024-04-28
dabb4b634af6c150270ce7f3095f9fb8,5065.0,2024-04-23
dabd48b418a0232d12bf3612767c10da,7404.0,2024-04-27
dabedd5363684212acaa39de960327b5,4225.0,2024-04-28
dac2b5a1022fc9589c5f4b406adc8336,3376.0,2024-04-26
dac4ceeab6e4eade4088c6edbd5361f8,1326.0,2024-04-24
dac5cba3fc6c793ab542b57edf2b17f1,1893.0,2024-04-29
daca6fdb7d9ac9b6f5d2e42147c46a15,5743.0,2024-04-29
dacad6cce2ad626b1483ce0d80094a56,2009.0,2024-04-25
dace78b1f48e802be67041732c1ae2fe,7104.0,2024-04-24
dad1288761ebb73e0ff5959889186c30,5777.0,2024-04-24
dad1a489f8f98b4c5c1f076fae041c3a,1965.0,2024-04-28
dad579e7f043072d8527f8e81165226b,2897.0,2024-04-26
dad66010ee08d44806801afca071329b,946.0,2024-04-27
dad9fb7e8f38339706a6d3a4d1ef5214,5022.0,2024-04-28
dae2f1caf9900b5d91356aa0f70f1113,4213.0,2024-04-27
dae50822a853aa30d351f97a1f115cf1,7227.0,2024-04-26
dae8fcb7934ce61d4bf25b34c197c9f3,9963.0,2024-04-23
daeaed7a42ba8c339cd701bb8706ab98,6495.0,2024-04-26
daec6e70dc6218097449353f9fe4ca96,6234.0,2024-04-29
daee4abd77015dc4a321f0a79c638f7d,4302.0,2024-04-24
daf37090dbee096414e788cdc3c3324b,3960.0,2024-04-27
daf7b2b235d531a5b3b0fb1db56c4453,9308.0,2024-04-26
daf8e527674d11e5b7f90aa640f7b20d,10499.0,2024-04-28
daf9ffdbb2918602f9356ef774fb21f0,3466.0,2024-04-24
dafc7ca14a5b2cb494dc947cb089a5b4,1147.0,2024-04-23
dafe9e49e87bd9925c676e2d2ef0aab7,959.0,2024-04-28
db013d5639051991711463adbb33f924,2792.0,2024-04-25
db032aea3f7ab84dee2552e12ae53850,5413.0,2024-04-25
db04c4237fd2ef35f097011dfdd8e39e,3416.0,2024-04-23
db06fcd5aee544e9ff4408ca8b93704c,3944.0,2024-04-27
db11640e15b4e457b845e99133b0f6b0,7755.0,2024-04-27
db1211f7e59af3a54e4158005a10080b,2446.0,2024-04-25
db1251194d39a35624777964775816a6,13581.0,2024-04-27
db131fb511c59b1eb448e9e069979159,4059.0,2024-04-23
db1decf3fd8407cbd7d585e1d37ef523,5600.0,2024-04-29
db1e9ee322b561b89d29ecc521ce7e89,5487.0,2024-04-29
db23ac2f1c67bec8ea6b4842fcefbb25,4851.0,2024-04-27
db2bf377f80b5ca761884d39ebd35426,6469.0,2024-04-27
db2da87ab89e5d80731a2b75c9f8eb8f,5238.0,2024-04-27
db2e60b7c8be93b8dfa621c50352c3f8,4035.0,2024-04-25
db2f358c4a50904d7a1c2260406175c5,5569.0,2024-04-29
db35bf3a411654179f5a754885473d39,6874.0,2024-04-28
db35d668f5750984470018154376e25c,1472.0,2024-04-26
db38627caf2759546775cc2f674741c8,3022.0,2024-04-29
db3935f7a1827d9b5d601a2a43b8c0f0,7292.0,2024-04-27
db3fbef591f02b8e55754499cda27028,8985.0,2024-04-26
db442ac3512956c3de99726bb817feac,1136.0,2024-04-25
db44349a15684cd774b97a95e4de8404,2647.0,2024-04-24
db44ca8d3736ac2cadf5dd3c8982d7ad,4832.0,2024-04-25
db48a12ec637403a29b7b597558c269f,3605.0,2024-04-25
db4cad23c684f7ada3349977fb29789e,4613.0,2024-04-24
db50f60111130a184782159680e173d9,5412.0,2024-04-29
db515a6163021a2762f46402d4932df1,3927.0,2024-04-23
db51d6fa59c731005bfc6ad3e5432a20,9268.0,2024-04-27
db53680b73d6a1a056c95e17a07f7ec8,1350.0,2024-04-24
db5c1a84d1bb3f1b1e4adfd55ca8806b,5416.0,2024-04-29
db60714582af345cef076c3346b64a94,4606.0,2024-04-24
db64e027e50733621da4169613bc9144,3180.0,2024-04-29
db65e4b2bcea63a8852f7991e4af4799,7176.0,2024-04-28
db663617af0cf7a2511f1d24087d031e,5953.0,2024-04-23
db6735a4c7aff0c0a48846b4cb4b515c,5517.0,2024-04-24
db6c7b44c05c72d71aa94bdfca87ab7e,6799.0,2024-04-26
db6d7c6e34f6e4d4c76891dde6bd1e4d,6379.0,2024-04-25
db6dd2cd5cbc04585309e2b16f2bcf12,4282.0,2024-04-29
db6f6af1b637488c2b07bb5bbf5d9553,4513.0,2024-04-25
db72a5ae6a0a26135ffa962ed79a9986,11152.0,2024-04-26
db7489bc515986d6d3b4b369296cdc3f,3953.0,2024-04-25
db7a8969671ed1c10b4b2b21b50585dd,3925.0,2024-04-27
db89569f839c2794769637bdfa8fdae2,6515.0,2024-04-23
db8a3c96afdec30f4aa4855888cd6dea,8495.0,2024-04-28
db8b978580ddd178e93000c580f9bf9f,2319.0,2024-04-27
db8d32c74c077c1341f1751c4b84be39,5602.0,2024-04-23
db920fdd9bab06f37e6e026cda64c68d,4204.0,2024-04-24
db93051cbc9863d8a8c1a6140e5c4fed,3971.0,2024-04-29
db96c3b2859fc010671ba322710837d7,7011.0,2024-04-26
db9b61d6e0368378459119b508a5b8d0,9093.0,2024-04-25
db9d43f988152a8f410d277cb5b5a764,7656.0,2024-04-23
db9d4d75dc56dc072d6af7e762e515c3,5484.0,2024-04-26
dba47343afce5984547787d586b15ea3,7675.0,2024-04-28
dba4a7b517d374c3735ff319d76f4f59,3118.0,2024-04-23
dba994c733321fc02af715681fdc7e07,3659.0,2024-04-28
dbaaa7a73c3351d7933ed34c0300bb3f,8074.0,2024-04-23
dbac3ba6428c48c73012af0271f4c7ca,3823.0,2024-04-23
dbb157da036ca53e8209c06352ea1793,5376.0,2024-04-27
dbb22e43059949e62749e5f775966cfd,7105.0,2024-04-29
dbb3b14897e21ce89ba6ec1d14002936,4320.0,2024-04-24
dbb4ad83bd9206fe24b1801f87faf1b7,3336.0,2024-04-29
dbb75fce7db9cf0140dc31c29ddbe4b9,4179.0,2024-04-26
dbba44549795157ed2f1f28a60647e0d,8500.0,2024-04-29
dbd0a1e0c01b212aa0fb3a0d9106575a,5467.0,2024-04-25
dbd358bb5826cdf2d77ae450b41a2e57,5760.0,2024-04-23
dbda23e8e77f5541ce3735ca1cb393c3,2683.0,2024-04-29
dbdb264a461164e31460480a5dd8bf95,4193.0,2024-04-28
dbdbca5d683b4039744ef395193dbc2b,3699.0,2024-04-25
dbdcebe3fa2d4e9beb264c3bb2f82e96,11604.0,2024-04-25
dbdd9f6a98473d0a7f3b20d93c5a8919,7102.0,2024-04-28
dbdf4d107cb53754356091c4e1cb04f5,5886.0,2024-04-28
dbe69f93640eec76bd97fa8bed689d13,5701.0,2024-04-24
dbea2e5e2c2d470cbccd4587bde5ffa5,8961.0,2024-04-28
dbef19426b1acc1f84b7f12defd08f12,4148.0,2024-04-26
dbf1d968339b824abc1110cec3cff5dc,6916.0,2024-04-29
dbf208f3218f8dc9fd0f40b5ab30ea21,2508.0,2024-04-27
dbf587f44d9dc402b393d66331662217,5477.0,2024-04-29
dbf8c0c8dd53777e681a367c9c31bc5b,3546.0,2024-04-27
dbf99d37c09e2eebd9d5af490f8621bb,6475.0,2024-04-29
dbfb1441fa53d786d2924389b71f9af3,5307.0,2024-04-28
dc002971531181c8a82e6baea6f43264,2921.0,2024-04-25
dc013ee13fdb8a993645ab5019bea970,2821.0,2024-04-29
dc0146eddfc401cc8430b4062697d337,6040.0,2024-04-24
dc08aaa1a562b052c161354e8d2b4d6b,4439.0,2024-04-23
dc0cc2245d2a348d96b57eef95f6dfa7,10732.0,2024-04-25
dc0cc6ca53b9b006ca0de15f64ccec62,2689.0,2024-04-25
dc0cf6ed56880c33fdb618f35c0aaf77,4451.0,2024-04-25
dc1109ff332fd345998f1993f5cf1757,7262.0,2024-04-24
dc114fdec8233eac494c15914536976d,3381.0,2024-04-24
dc11fc08b6ae8910b587ec8354d334ed,2781.0,2024-04-24
dc121691b7e893a5a1b849eb01f2bbbc,1743.0,2024-04-29
dc12edbf7de40b2fdc9aa3c0c9f3a964,5418.0,2024-04-28
dc163e07d57b96035d9ac4aed0ef5c92,6681.0,2024-04-28
dc18a50e80076eb9bf08111387304b98,7354.0,2024-04-23
dc1e44f13324859331b140b578416f0c,4436.0,2024-04-25
dc21123e19ac368179aa49b44d7a8a6b,3883.0,2024-04-24
dc2c43c2d84cadef030c18af7dd4a3cf,5843.0,2024-04-26
dc2e608a0c839149c039fd0abe0010f7,3751.0,2024-04-24
dc32b3e77e2e85c07840b5cb41e35a58,3884.0,2024-04-23
dc3973df366cc88c87f52d29624e5024,4847.0,2024-04-26
dc3c9cc98cd241e795b2eed658b49ed2,5713.0,2024-04-23
dc4aef55fd7a52c29a6e592fb95e0a13,4833.0,2024-04-24
dc4ec1b3f5b2f70145b8be9731bced39,4781.0,2024-04-23
dc5550c472ec1483a845216bf116021a,8360.0,2024-04-27
dc55864065ac96906623255a9febd8fa,7216.0,2024-04-28
dc5d726252d932ba2dd0dc4f77f24065,3111.0,2024-04-27
dc60b796194d5e5c384bb21610833083,5391.0,2024-04-29
dc6883c0913197248792b6d43daa29de,5460.0,2024-04-24
dc6a9fa1a572d9d545d1a67024a76459,4822.0,2024-04-24
dc6b7afb0103defb356364cb43bc9537,6073.0,2024-04-23
dc6e39c1c177f810eb345a6b6178d1ee,4429.0,2024-04-26
dc733b5b183d3553c3fd4b62f2118c0d,5811.0,2024-04-27
dc78472718641c353f9222ad47ff885e,1632.0,2024-04-29
dc7a7c08e2b567a8b165f3404ca9cc56,9608.0,2024-04-24
dc803f9bb0e46119aca131ce8287b2d7,12389.0,2024-04-26
dc8171b774f1a0e1afb64043d8b6c482,7209.0,2024-04-29
dc842508207a360f16b74ec1521b66fd,3973.0,2024-04-26
dc8a9ea0f1a376b7c339b8126dd1cccd,3836.0,2024-04-29
dc8d6294dd836908a1180b01f0a6b8cc,6963.0,2024-04-27
dc8fc9ad9f964b183b22ac0d496575bb,3435.0,2024-04-27
dc9085c9f0074bcfa5c86b954785e698,11982.0,2024-04-29
dc963ddf6dcd6afb4f4d9958ebd18944,4562.0,2024-04-28
dc9b58800a8b8a6bb9c4819219957e57,5165.0,2024-04-25
dc9cab7f8c4a987ea8d318125927f8ba,8718.0,2024-04-28
dc9cf1b0aebfe798a76cb0a189057e76,4210.0,2024-04-25
dc9fb6dc7f502a626df6974dca0655a7,1548.0,2024-04-27
dca0001606d4d54dc581e55b8a61bb22,11251.0,2024-04-23
dca0c6ead310c32041db231b8f5db2bc,6131.0,2024-04-29
dca1a214699fa1086889aa59a504c156,6295.0,2024-04-29
dca3396935e879a3826b7ab3c3ba1ec4,5880.0,2024-04-23
dca6ce4db67d7e2e27d1ee91046a0874,1165.0,2024-04-28
dcaa762e3ce94d6cfc9643de305d2240,4226.0,2024-04-29
dcac68c9a8e7ae672e01824fbb6d00d2,3292.0,2024-04-24
dcafec191b40a910fa94120d131431a7,5163.0,2024-04-26
dcb0db68a5b680321367c909becbc9fc,5897.0,2024-04-29
dcb0fd19bec78fed4582f81da2f8181f,2762.0,2024-04-28
dcb60a49c1c469ae462b4d48e4470e44,3791.0,2024-04-29
dcb662831e1bc551843ea8d3bf2c1df4,4165.0,2024-04-27
dcb6e3ba352bef0caf1f848acc3483fe,2366.0,2024-04-29
dcb802e52e2e182db4658f223cccae11,5831.0,2024-04-27
dcba461e286ada282aa015a320197434,7957.0,2024-04-25
dcbac223fb8ce2b598b19e081c61b689,7113.0,2024-04-25
dcbe79fdfa907d9d47e9752e649ebf79,935.0,2024-04-24
dcc533e9ecc5342f223ebe0f95711029,3135.0,2024-04-28
dcc8a767d70e6b87a536ea23405b3d51,5984.0,2024-04-29
dcc8cbfbeebe6a96ff5518708b506848,7668.0,2024-04-29
dcca923b325cc910703ce0d927b74fdf,6653.0,2024-04-26
dccb0d4424cd91ca3524e2d10aff35d4,3729.0,2024-04-27
dcd37fd9351e71e0658970ec15958cf9,7977.0,2024-04-28
dcd38ad7cdf3d9af21de1e067371a961,4586.0,2024-04-29
dcd3db72c12286ada0d568644bf38b1b,6277.0,2024-04-24
dce58225fa9ccb08c251ec17d5a65ff7,3780.0,2024-04-24
dce6d358f8bc8978ad129bb3764044a6,2228.0,2024-04-26
dce82bc575bcc106927722afc7464928,5050.0,2024-04-28
dceb0dcdad23b0eeadd7c36b54d9d101,4229.0,2024-04-25
dced0b30c4e0f78dbeacccd7c8677d14,3223.0,2024-04-25
dcef49ebbd9b2d38b78905ce6222ed9b,2960.0,2024-04-28
dcf1bc1de9b2c72290839a3b3f62479e,6416.0,2024-04-29
dcf2c07ea1c7b5d237bb866c6203d162,5874.0,2024-04-27
dcf3ec171c5df93cfc3c1bd905babff9,7499.0,2024-04-25
dcf55149399526b0def2499acd38d761,3335.0,2024-04-23
dcf8ca7a3d1a17d344289d41a5b7125b,11193.0,2024-04-24
dd00174732cbd17bd2bd6fdcb65bbbf2,5443.0,2024-04-25
dd0abc24c431a52b90734eafca107654,2413.0,2024-04-29
dd0e1a54eb633e141e4e3cd58dfc82d0,8254.0,2024-04-23
dd116459d2e13bcd9378279f20fb336d,4315.0,2024-04-23
dd1499e8e6f6d6ad1de0c2500d3646d5,5136.0,2024-04-25
dd1681bc3bd66f51854ae4bbffbbb95a,5095.0,2024-04-29
dd190f39b2e29b4dc3e88a6eb99fe622,2561.0,2024-04-26
dd22969a6f1d9f5a87bf43ce78d013ab,5037.0,2024-04-27
dd24a5fe0ae25b77ac3c119b019f5b6d,3160.0,2024-04-27
dd2b0068feef7f7673bcc615b7254e2b,6105.0,2024-04-28
dd2cc267ac5048f5835ce948b8adc9ed,5378.0,2024-04-25
dd360a9e35fc5413046e64421149c6b6,12097.0,2024-04-23
dd36b90c6e8b20b38a4daecad9aa72a8,12369.0,2024-04-27
dd377b54791d4c8ca695ea613d74a167,5932.0,2024-04-25
dd38d88e1cd85ea42db4f969d5e67438,4219.0,2024-04-23
dd3a89c94c4ebf1d3f32e8868bd0f4e8,6145.0,2024-04-26
dd3b698f04699051050b9be788ffedc4,3750.0,2024-04-27
dd41aa478c6adb33202d0b4ec29dca57,5470.0,2024-04-27
dd46a0450f623e425f826a5931d5df81,2885.0,2024-04-28
dd4963ac9e42934f1135a4ad2d2df0fc,1576.0,2024-04-23
dd5474f4985cb427493a8c84769621a0,7167.0,2024-04-28
dd5dc9de91632569464654f014a794f0,6257.0,2024-04-28
dd5e5034a5512a5ebfc881c170cbe2d1,2801.0,2024-04-23
dd5f71facc0372e974bb525a0483937d,8331.0,2024-04-23
dd6903fd339cae3740e9ee6e94d70a4f,2828.0,2024-04-24
dd69f01b5613140dd7382a23fe544746,4233.0,2024-04-24
dd7133cc7f7eb5baaff4882512193b97,9313.0,2024-04-26
dd7423aeed80334f96697ad05d69d305,8786.0,2024-04-23
dd7543e7759def42e0f400925296980d,6058.0,2024-04-28
dd77852b6e01d90117920d2d5524a85c,3262.0,2024-04-24
dd78f32cea28dc0b32a6476cce9dfdef,7636.0,2024-04-29
dd7948a7fc2c514ac41d0a842f935b0f,3068.0,2024-04-28
dd79cf6346d60cbfa2807e6c223b1af0,4884.0,2024-04-27
dd8a6db4093824ae53e386fe53acf1e9,7118.0,2024-04-24
dd8af340504fc7d78a8f34f8d0b33abf,4448.0,2024-04-29
dd8cef8bc424b6af49d85585e52807f9,2294.0,2024-04-28
dd8e0bdd3852bce40e30eacadffef1e6,5335.0,2024-04-28
dd8ec1d3e373fda9b5eb26ad6128d95a,4782.0,2024-04-27
dd95d8fb3ae55aac321781b4d91c3a80,5190.0,2024-04-25
dd9a7aa579c95860c6d9551979a5cc47,3234.0,2024-04-23
dd9bbfc0b050cadda3f352e89e67fefe,5046.0,2024-04-26
dd9c01caeb3312a3ec51444138ff967d,8183.0,2024-04-26
dda062397995038b4778603fd7acffb7,3482.0,2024-04-27
dda0d527a01da74f1b9f6efef5cdb705,6514.0,2024-04-26
dda809749bcd26b98df462f6587d949d,5371.0,2024-04-29
ddb21bff36737c68db669809b7755a4d,5834.0,2024-04-23
ddb4c7f42fae1d1904148e4e7154a2f3,9620.0,2024-04-27
ddb73ef8ec7784b3206525232271f20b,3747.0,2024-04-27
ddbe849d4317970f54db3f40c37416b7,4850.0,2024-04-26
ddcaf82922153674a092f5a57b42f3b7,6834.0,2024-04-26
ddd5ac147c0bef5bf6b27f469b8cfbfe,8786.0,2024-04-28
dddfa550759b5dac9af3373ea51bffd9,8308.0,2024-04-25
dddfd261cbd98ef9318cc529b7320672,9965.0,2024-04-25
dde19ab98cb7c1284c4de1c580fc9689,12357.0,2024-04-25
dde429f8576b2838a6b48990e23e3cab,3499.0,2024-04-29
dde85f032b090e345c4b8632aa97c218,5481.0,2024-04-28
ddea5b22bae38f1c8bc5efe42f5493e7,7042.0,2024-04-24
ddeb70e81edf1e0dfe62415ed2fe15c1,5320.0,2024-04-23
dded270ba18a60840f618c5cf730dd38,2956.0,2024-04-26
ddee392ef84318260ca0c763490fcb2d,2345.0,2024-04-25
ddf1d74af3657fc71e41337fd7cc0a75,9292.0,2024-04-29
ddf315dfcc2175c28fc0cbbf3b5c1515,4771.0,2024-04-28
ddf41f1089f4eb3888eaf31bfaca3020,4189.0,2024-04-29
ddf4fcc9dfba9dde86cecf0c5ea41090,6448.0,2024-04-26
ddfa2ae4592ee92041ec5cc3d26d166b,11314.0,2024-04-23
ddfe3a44cffdf6304d3f965c3782000d,7030.0,2024-04-25
ddff24cfee3ffc3ff4bbdc70283caf49,6057.0,2024-04-24
de05d5ac8d507f337ef58de8efe18523,8372.0,2024-04-23
de09648b77ab90efcc039a78a59f02d7,5441.0,2024-04-26
de0cd1981c54ecf97ac0009f341f8420,5932.0,2024-04-23
de0d57dff7f588226cdbf9e785b19d48,5352.0,2024-04-23
de11dfdc42ad87540f9efc2c9bc5b5b5,4456.0,2024-04-24
de12c7e1dc9785d29e91c2b718c643c9,2270.0,2024-04-29
de130def1882aa6c7fe69489ed70c0eb,4457.0,2024-04-29
de149712291496977451ecde79939d05,4147.0,2024-04-23
de186773f725f4a014e09cd70f6656d3,3231.0,2024-04-26
de197cd09b08db519ee27d1b849ea376,7530.0,2024-04-24
de1f430c743ab015d404e86c586dcd29,7415.0,2024-04-28
de1f78bfc1015a80e017800b35da385e,4223.0,2024-04-28
de2084b5b9a22483601fe8aa2714b067,5067.0,2024-04-29
de20fbb470923e87b0f58ef8d3d049dd,2117.0,2024-04-28
de265a39ca17c7e108e0c3760735f13a,10150.0,2024-04-27
de2b7c7281a38e5d51518958e27a2df9,10143.0,2024-04-25
de31caf1753f11eb2038092a713054e8,9601.0,2024-04-23
de41d1ae956a24f25b8cfaa807afceef,11115.0,2024-04-24
de48b70c94c1863e76ad29c11f070ae8,9497.0,2024-04-29
de4c390fd8fdde96caaa3628c46d2f8a,4788.0,2024-04-25
de4fbbc371750e08798fdc0aee63d660,3479.0,2024-04-26
de50c85658a81e82e743ada0a04282b0,5963.0,2024-04-23
de5294fca02afc8d36db4de105c0c651,3961.0,2024-04-24
de557f5ea6cb0fd03e5f8a748c7ab3ba,6147.0,2024-04-25
de5671d0ab37575180aa94f3d5048f3c,4099.0,2024-04-27
de5722c1968217880bd56c7880086bc6,10249.0,2024-04-27
de5921a0872784bd06a49573e312ff80,1889.0,2024-04-28
de59bed459431e06cf052e954fb069e6,7125.0,2024-04-28
de669e80f17c5254e338f6ab01bf3280,7129.0,2024-04-23
de67b82ef14e6bd454450f6d01d20082,14733.0,2024-04-26
de6a722279f180814f395e346ebf0e82,5073.0,2024-04-27
de6c8f4043d10eec012009f87b11c672,6010.0,2024-04-24
de6d1f50aa9c1f6e973cfcf636c167f3,7211.0,2024-04-28
de6d3976fcb4f3ed243854170d659bf6,3061.0,2024-04-27
de6d82990cf3fa95de49a14f032c53a5,3144.0,2024-04-23
de7025f53abf9372dac4f20d1d25653d,5635.0,2024-04-23
de7025fd357f45c7e8dfafb7c9559d6c,8167.0,2024-04-26
de736fa7e69b963fea5ea097a6bc2958,13818.0,2024-04-26
de7632426aeb299b976620307df0201f,4535.0,2024-04-29
de7bf6037472b6cf3e4d825892d365ce,6016.0,2024-04-26
de7f8cb9ab6b9389a79f89f633770445,4169.0,2024-04-26
de7facb002f6e85e5240cfb827c4feb7,12819.0,2024-04-29
de8010a7141721dfe1948f52583f4dbf,2644.0,2024-04-28
de8c732898dff745e1f4d9cdc36565e3,2347.0,2024-04-26
de8d95dd2c563434f49cd1b5b11b3bf5,4186.0,2024-04-28
de8e0f9663fedfe14e666226139a32be,1742.0,2024-04-23
de9034d71799ddbd75d8447066a576bf,5760.0,2024-04-27
de9d81e3634cc561f9fbabfade52447b,5087.0,2024-04-29
de9f70fe3cfa46d7136d7cc2d5dcce7b,4992.0,2024-04-23
dea048ab4c929d2d12494486b694fd16,7119.0,2024-04-23
dea070a43caded9d310ff775bec2d88e,11690.0,2024-04-28
dea0c56070b258cdc4521611c91825ab,4926.0,2024-04-29
dea3cf894d04787b71f6e968b035d2c8,12836.0,2024-04-24
dea55fb565bd53150c4ca723d785dd60,2943.0,2024-04-24
dea694ab0671648ce767a7da1566e36a,1362.0,2024-04-24
dea85d96f14c2a1d13b93e505714d56e,3475.0,2024-04-28
dea87102bd177d3e72c29fd224b45292,6530.0,2024-04-25
dea959ec7c262afb31f8317e67b4ee07,2788.0,2024-04-26
deabe18e5b33a0ccac20ed1167e5333b,3498.0,2024-04-23
deb0d8e5d5252dc57906bef2124d8147,7584.0,2024-04-27
deba6b5a544d0420ff16adda3c0772fc,6265.0,2024-04-27
debb8ea45249a562bcf392606cf4d213,3528.0,2024-04-25
dec192b97ed75f17331a1dc1bc305f97,3492.0,2024-04-26
dec1aadbc7e261c6ca59fa31a4e56504,3053.0,2024-04-26
dec440a47d7688ebc691d672bf33d4ad,4196.0,2024-04-26
dec47e01babc913c25a4955f3389b70b,6995.0,2024-04-27
decf62106fd0165e0aa87752d10f4159,5243.0,2024-04-25
ded2b775300fcf2bf9d7e9bc5aa9f1ce,9453.0,2024-04-26
dede4c488698747cb990e7cc51352854,4044.0,2024-04-26
dee50e3d5846a4ca1a3477b766809049,1898.0,2024-04-24
dee6fbce0f4f374d498b4cec057dc033,5570.0,2024-04-29
deed12de4107459bfbd7fb413e301ed2,5008.0,2024-04-28
def535ab61584e2a9200cb2badf658e0,8575.0,2024-04-23
def5471b5106528bb3c2535f0b257415,7002.0,2024-04-26
def757f47f4914af1e625033ca0fdfbf,8187.0,2024-04-27
def80b776a9e2af08ea3370c7ef55d4a,4636.0,2024-04-26
def9dcbfd6190bae6440d5176921e2f0,6407.0,2024-04-26
defca70167910f607e5f3f865491ae3b,4538.0,2024-04-25
df0952780d440952a48aa2ec37b8e9c2,3817.0,2024-04-28
df0b7459ee6945501d01273086df625f,4354.0,2024-04-25
df0c3b1e5db98bc66fdec85008ec2ff6,13626.0,2024-04-23
df0f5057f1835be309cc1fd0dffa72c1,11547.0,2024-04-25
df0fce5c117452050ba45899f4d7f24c,4204.0,2024-04-29
df15c93f1fa3254f22afd45f4eaae061,3684.0,2024-04-25
df16806469577dde9085a0c54f9fcffa,3730.0,2024-04-26
df1acc4ec7fe5428f493e787d726cf03,8825.0,2024-04-27
df1cda8c002e71b6b3e53789a184ca60,3205.0,2024-04-28
df253276b2bf796b8fe0cc4e8b8c4218,4071.0,2024-04-25
df258d8cdce5884faeb29b6dd237e307,4639.0,2024-04-28
df259ab7119c2162ca09b349cdbf9643,1790.0,2024-04-29
df26c41715b8e4913ab7631731e09394,8731.0,2024-04-29
df27514f0ab72e677d2fa5dff55a035d,2153.0,2024-04-28
df2fd654b44d5e93c942e39e94e882cc,6978.0,2024-04-24
df2fe6744e042837ef10866a901b6c3f,2529.0,2024-04-24
df34b845c2af227361daf3c6ce8a635e,4122.0,2024-04-25
df35661e86067e70cdffb3ccaa190265,2429.0,2024-04-29
df3951702846acd7be4283c159aa1328,3917.0,2024-04-23
df3bcc6d6defe4ccefd4b378efd75ddc,4645.0,2024-04-28
df3d2c9e575235333ad208f58a62bdc2,9328.0,2024-04-25
df3f16162043ea8fd475604f4be571d4,6274.0,2024-04-28
df43022415508660594733cbfb4cd4fd,2369.0,2024-04-25
df49d95d60f9d91fe40d0ce6c3d5b315,5222.0,2024-04-29
df500d6df1cd9782ce76d85d6d6dcb34,11242.0,2024-04-23
df65fdda941fa80d124bd96bc996398b,2097.0,2024-04-28
df6cd39e0359c013c5bb088df6e70a7b,5162.0,2024-04-25
df70f85b736b8957db8e98dfe59bf4e8,7690.0,2024-04-24
df7ba010b6d71afab591105fd4ecc4ca,7382.0,2024-04-23
df7cbb42079f5e628dfe5d58389283da,4673.0,2024-04-25
df825366e219c40837426e999607fb21,4944.0,2024-04-27
df83aa1a554d8105c38bde3602723bd5,2488.0,2024-04-26
df885e9165569397bcddc66e87dc851a,4028.0,2024-04-24
df89e7c0360a65d3d94fd18b307a4c74,6988.0,2024-04-26
df975db4ef0124b98eee122aa4630255,5136.0,2024-04-28
df99eb3dd3a640119f7925edf7550f3c,3530.0,2024-04-24
df9c4960fa297aaceee4062d0ab66176,8320.0,2024-04-24
dfa1f6d7a6061981acb7c8d63d056048,6037.0,2024-04-26
dfa73ce1b776b03abafc0175421ee8bb,3157.0,2024-04-28
dfb559d68ff9c8be6fcf21fbdae11098,6740.0,2024-04-29
dfb96ad128b20be1f25e4c8ba1c78985,6044.0,2024-04-28
dfbbef9b8e69b3f6170e466d533b15fa,6448.0,2024-04-25
dfc6ddcd3dcec2670a8fefd0e2c7d047,8927.0,2024-04-26
dfc97e7a8e08d492587d003e6486e699,4980.0,2024-04-23
dfcc75e8c42e625ba8cf5254797c4f47,8838.0,2024-04-28
dfe115e8b65f09e070bd036d632b9af2,4427.0,2024-04-28
dfe477050406722c378b1f7534d175bc,2005.0,2024-04-23
dfe884fec7c27d9ca57c3e9aa18a2e2e,3270.0,2024-04-26
dfecec7ed76429fc426fe09cc43b400f,4922.0,2024-04-29
dff0751ed83acc145a81fa8cb05e6f6e,4633.0,2024-04-27
dff096625a95c082c44087e44d5c5a05,4244.0,2024-04-23
dff1a93dd67692ad9290afed49a55f14,3256.0,2024-04-25
dff3391af898b383fcba165917b18f34,3205.0,2024-04-24
dff43efd9b4e2ac57552fee4c0d86540,3266.0,2024-04-28
dff5408b09294e879c7a8fc402e1060b,5437.0,2024-04-24
dff598b4554d322b0c26cae74bc34298,3587.0,2024-04-27
dff7691697ba6ac4fb784879b4a40783,11800.0,2024-04-26
dffc27b5274035b5c6d940a8c7e29715,4155.0,2024-04-28
dfff542ccf325036601cf15a47317ca7,3933.0,2024-04-26
dfff7a65827310979cb993f62458d93e,6696.0,2024-04-29
e002eb659825de8068ef9df7cf7fd83a,4784.0,2024-04-27
e003a0947ce0e0cfb993b437f6277564,7310.0,2024-04-26
e00d43500a47dea0980fc1200bf0227f,4137.0,2024-04-25
e0139467a75b194f1dc06f42ce3a9dbf,7132.0,2024-04-24
e01463660158fe51e7f9658b7cac1e19,10784.0,2024-04-29
e01b0ace42a2a7eda170cfe6ced74244,5687.0,2024-04-25
e0221194991bbb0d91a8f2eb24aa5759,6922.0,2024-04-28
e024b38fa35ad7e96611251e99189b6d,7476.0,2024-04-23
e024c622aa85bc46eb9322d47a4ca586,6050.0,2024-04-25
e027d557adb6601c575585cdd302f0ae,5183.0,2024-04-25
e02c30e76dd7571f4c270cb8a231a548,3503.0,2024-04-29
e02c8f4ea751dd119a65078a6e1ecfe2,5907.0,2024-04-26
e03014193e81cc2531089486179a7ea1,6700.0,2024-04-23
e03047cc1a3061e6a2014fc21284010e,4684.0,2024-04-25
e032c5a3c269323f0a7230d41b789890,7939.0,2024-04-26
e03641a167e492ebfb39a1e5b7f87e88,3358.0,2024-04-28
e037e59cdf15d640b9f780177fc55869,3332.0,2024-04-27
e03a9fe20954e2bee8872872be38dd18,9097.0,2024-04-27
e03f7a58e36a3c64832d04a0de719f01,7552.0,2024-04-24
e048a6e5a031aa54f36e31e5a93f28f0,3578.0,2024-04-26
e055b598b94d47f68a484b27752591ab,10000.0,2024-04-25
e055cdd637aab564c10acfb3de2543b9,3046.0,2024-04-25
e061971430cdccb9cfeeae69ead1ed42,6034.0,2024-04-24
e065df62cde006f3db8c784dd15b42b8,5736.0,2024-04-24
e06acc7d8e9e4e9ee6e6ca005c27786e,8746.0,2024-04-28
e06c798998542f7f147f6b907d01f357,7648.0,2024-04-28
e0735d8a810ef2972d99f84cc51b5a20,4313.0,2024-04-24
e07902a945feb69957ee9e1ded288c0a,4337.0,2024-04-24
e07f9ca80b2e811b0231fc535c1545d7,2740.0,2024-04-23
e0802d1c9a9b38d20762b9e65f8a8509,1951.0,2024-04-28
e0804be645faeee60b5e0a532d11b0d7,6340.0,2024-04-25
e082be39ac4078204067679ce08a4b38,3077.0,2024-04-29
e08379195583650b89f26d074760ee09,3496.0,2024-04-27
e08941690a1371fefec70d3abd964ef0,7507.0,2024-04-25
e09021ee426e48d665c26f4c1b475ee9,13349.0,2024-04-27
e093294aa70f0905bdf15d8c8bea76c1,1141.0,2024-04-23
e0942a30c7e66a097aa69a1c2b2b2c31,1649.0,2024-04-27
e0999dc585d67461e216c6467567401e,3415.0,2024-04-27
e09b1d32d11b3092f8e0348942f40d13,4128.0,2024-04-23
e09d4f3250bc537e645ea02b3e21af0f,6641.0,2024-04-23
e09f9b45de9ae4c41e6f5823fd2ae417,6657.0,2024-04-26
e0a04b5802f2b06704c5cc761de5b64a,5680.0,2024-04-27
e0a15622fcb06b46c4a5f0dbda209d2f,8420.0,2024-04-25
e0a98d8477e0f1a7582d86eb86afd4b2,9040.0,2024-04-25
e0a9edb05458ec02cb8bca2e4648c5e2,7864.0,2024-04-28
e0aa7f41d62dabfcb93ce9438c849a14,5783.0,2024-04-23
e0ac71e14325bacca4a171c141e5c723,14265.0,2024-04-26
e0b17d46186bd3c88fe8290ecde395d8,2431.0,2024-04-29
e0b6328ab2a21d44818a1aa8618e6352,1901.0,2024-04-27
e0b77315a56c9186b9b807304679c955,6502.0,2024-04-26
e0b8495c6114713e39806d843dfcb3d4,12788.0,2024-04-25
e0b8ac3e955b309d60b407ca9530e14f,2798.0,2024-04-23
e0b96a45215a7b05244d99e3685c0ded,5880.0,2024-04-24
e0b9e4f379c55e5f87aef89f3f68d44b,10482.0,2024-04-23
e0bd08ace24414bd75f668cdf22d9db3,4740.0,2024-04-23
e0bd80ac2e07111a3eac171dcb8e3864,4959.0,2024-04-27
e0c0f6e6a14b59d1bdc1896abddacb6b,4525.0,2024-04-26
e0c240bf86c3c2fde6dd7034212ce724,3982.0,2024-04-24
e0c4d310c65f36a40c55d3cd63709a1d,5366.0,2024-04-26
e0c5d7f2ffb8dd498e22863dd4f2d695,4176.0,2024-04-27
e0ca038785f95345e9cb56ed8d324513,6333.0,2024-04-23
e0d3b1621478438d174eeaa0047f0724,5336.0,2024-04-25
e0d6e9c4a8788c2c6a9380a187e4f3e5,7085.0,2024-04-28
e0db045818fa30ffa1617b42ff915af9,4866.0,2024-04-27
e0dce5b8f186b0e42069bf84fd904443,5781.0,2024-04-26
e0e0dd8493b513594c6d910e4b5c4308,5943.0,2024-04-29
e0e104fef577cff49db5771a8829c4a5,9429.0,2024-04-24
e0e3b7c43017fac39a6f2758406a0d46,2393.0,2024-04-28
e0e9ba01eedfe69ddd1797a156c17625,6727.0,2024-04-23
e0ed6621a0b085df7d7d0c6ab8a29a66,4219.0,2024-04-26
e0f34247907411b1022a49e10a509fb6,6146.0,2024-04-28
e0f5564f900a61dd17244cbd577c04c4,6707.0,2024-04-26
e0f7249701a4a2ff851d78118a476006,3145.0,2024-04-27
e0f9a4800f99a88a770fd096b146bb29,9394.0,2024-04-26
e0fab5ab59dba85342a540cd1bed4b15,6620.0,2024-04-26
e0fe72532cbedeae8e3d147bf0e5d6d6,2567.0,2024-04-24
e0ff97418378243c23d266e9c5ea4c50,7579.0,2024-04-25
e1038c53f6da1ce8cf1bb619cbff0d07,5619.0,2024-04-27
e107cb83a98398eff09ddeeef18946fe,3246.0,2024-04-24
e1089217b62985b568bf00540259e950,4554.0,2024-04-24
e10ac4e4901ab6509473dd0020e3ed64,3100.0,2024-04-29
e112eb02ac74ec00b8d43fa446d52a1a,5206.0,2024-04-29
e11a3278f967155217d2cbde7f425c6e,4857.0,2024-04-27
e11af121b6be7e7e29ebb5b70299deda,3887.0,2024-04-26
e11cf4728a8b827d3ca95b44a3fe977f,11007.0,2024-04-28
e11da5f756cb23cb71146e29bad32d1c,4078.0,2024-04-26
e125da46c0cdf2227b3c911cf3cddcc7,3266.0,2024-04-26
e12841cd36dcc94ba63cf3213b063964,4527.0,2024-04-28
e130be721876e1e49d6a3066b4074140,4807.0,2024-04-24
e1363391793b7e6ebcb78c58d69ea150,3725.0,2024-04-29
e138966663dfc18707d7e48cb7f794ad,1908.0,2024-04-25
e139c7bf3149bea7a835b4674eddbc2e,5471.0,2024-04-28
e13b8ea4463fafb9a39e3957fbc18748,6336.0,2024-04-27
e13e5e912517f78f1594b62ffde0e43b,2116.0,2024-04-29
e140eb0eccbab9c47818abd37203ff79,4601.0,2024-04-23
e14263be81315dce220293f6ba313e16,6821.0,2024-04-23
e1457607dfeca73925cc80ca89efd8f3,9417.0,2024-04-24
e14ff87bee4cf93785bf0abd6558fa94,2403.0,2024-04-25
e159a42f67bc4d7093b5479796ed7ae9,6400.0,2024-04-24
e15b582392483543e4cb8ebb4e93938e,3291.0,2024-04-24
e1625339af297531d12456f5e1f9a33e,5073.0,2024-04-28
e1660951a57bd0ba2f33f623b0089d2c,4873.0,2024-04-26
e168256c46cf59231630f52ef4c848e6,2819.0,2024-04-29
e1689e422f6ff39801ff061b1b4f81b0,6772.0,2024-04-23
e1727738f684d8b912a9887c598541bf,10388.0,2024-04-29
e172c8ae2f08cae8837be7f25ed54876,8965.0,2024-04-28
e1734cad5319d6eb466afc84aaf87612,9335.0,2024-04-25
e1764c564e5b7236595f3ac98aca071c,2558.0,2024-04-23
e17810db927685ae69b1bc32ec535fde,4328.0,2024-04-24
e178145903a31d1d419c507229d00aa7,5799.0,2024-04-25
e17a910a12b968ed541c087c8c599b21,10581.0,2024-04-29
e17e271f2cd459fc77db353e1afd6342,10234.0,2024-04-27
e17e47cc5c89aedaa5117e22321e4f63,11679.0,2024-04-27
e182874582249e13f99583ae42c41b71,2780.0,2024-04-25
e18a61cb44aa79ceedd361f97409463a,2503.0,2024-04-26
e18c70dc702d07f68aecab080fff09d5,4061.0,2024-04-28
e18d0228a0e25796d705d15d04551f85,6254.0,2024-04-27
e18d97c5cf35cf76c273f0f81076a3a1,6546.0,2024-04-23
e18dd75588f2df2f41db08cd2d4c2f0f,4143.0,2024-04-28
e1940c0f5831e27e660cfb35b0ecb810,2197.0,2024-04-28
e198f13a7cc0c49683e845f6d9e692ec,3948.0,2024-04-27
e19b2f9181f159c96041204ba7e652b8,5358.0,2024-04-24
e19cee8599a179a04a5feec93ed2076f,3256.0,2024-04-25
e19f3617352b4886afbc4737cdd89459,7214.0,2024-04-24
e1a5e7c48f94382fe3eb464324ee8950,1528.0,2024-04-25
e1ac08fb7724047d90fa9134312a3e40,4779.0,2024-04-24
e1adb28d9f753b4ac64f8f4d62e6c604,3360.0,2024-04-29
e1b052b957c26eb856364180915405b6,5797.0,2024-04-29
e1bac327509788fe63fc401ae4dfc343,2795.0,2024-04-25
e1bcad5b080f51dd9c99a1de92863980,9566.0,2024-04-27
e1bde0aee8cbf2f47efa0c4d28841a2d,9413.0,2024-04-24
e1c39ec4418805ae7fb25400e7f5c6cd,9171.0,2024-04-25
e1cb4ed504550e9ad06d6ad4a3aa0711,4874.0,2024-04-24
e1cb4f8fd3bdfb1d17dee2504380ce26,6754.0,2024-04-28
e1cc83c7a6049829bda828450bfd3d71,3237.0,2024-04-25
e1ccad3fcf0f53c105ba6420825d872d,14334.0,2024-04-28
e1cdc14ad8d1b5a029d09dcaa59ba5c9,9086.0,2024-04-23
e1d2117cd452a622af8747f083f3906c,6187.0,2024-04-29
e1d596141d4ac15c62c3798c0d4bebad,3261.0,2024-04-24
e1d82408456b0e13c59c362d8b14e0d5,3070.0,2024-04-25
e1d9d59484a4cc4a280e9d5b4f12ea25,8121.0,2024-04-26
e1dcabd7fe85808c67e6589eb1dc370a,4055.0,2024-04-24
e1dd45de4af269e7396ba298e4003e7e,2706.0,2024-04-26
e1dfa9d5837ec1573f511c24676d4601,6842.0,2024-04-24
e1dfc619047a862cc9b86b8d53917563,1889.0,2024-04-23
e1dfcc4c43857b43e9eb117babfb5a4e,5355.0,2024-04-29
e1e48dbfd460fd22778704e9f2a1f2be,7661.0,2024-04-25
e1e50e9ba61fea0c09278f20c1ce2ecc,4754.0,2024-04-24
e1e5565eec7c02fc92ad3ed74244480e,5405.0,2024-04-24
e1e7219013908a5c2b8dde2bf8bcf9ca,6635.0,2024-04-27
e1e8a6dfdccbcb1b23359052e0fd9cc6,5884.0,2024-04-26
e1eace2cfc6a8896aa5773b74799e333,6144.0,2024-04-24
e1ec1d715caf2f5058d344c88de5dab8,8519.0,2024-04-29
e1edc95a1b594964c79ca04774ce1937,4121.0,2024-04-28
e1f0baeb36a3e69421a4c1219d1c9f2f,4606.0,2024-04-27
e1f2100be79999d75cb58c72e832750a,7961.0,2024-04-26
e1f562d4959d31d35d41664abf594eab,3607.0,2024-04-29
e1f71b8d644846d056630f3cec16c48c,1445.0,2024-04-26
e1f9efd4c37eab246cf72af7d40714bf,3672.0,2024-04-23
e1fc05a01659752ceccaacd99688ce8a,10533.0,2024-04-26
e1feac9d92477626c35811ec5a1b1e80,6306.0,2024-04-27
e203a346f0b2d93dc26bb6da90a81f98,7029.0,2024-04-23
e2050057d4b71b9cecbd232f48294de5,10478.0,2024-04-27
e20542262a5ff8b9a6b8ee2bd6670603,9196.0,2024-04-24
e20e2cdf393b0c71ddd7e0b47ab809d2,4759.0,2024-04-27
e210dd279d3fdec69bd0b97e1c7dcfcb,12198.0,2024-04-26
e213a521a0e40027d88e261d018a03fd,2728.0,2024-04-27
e214378216fcfb75c14bcc34d5636b03,3865.0,2024-04-23
e21d4aed399cf659ae9fcabc635073b7,6664.0,2024-04-29
e21fdc1ac71cf1f8749c69531fa2baa5,3049.0,2024-04-25
e2269b90aa8864ce5f2b65808ab95442,5755.0,2024-04-27
e227fb23821defdbbe04c0e9ceb0610b,3226.0,2024-04-29
e23099a20eb74d8b1be181dfa77eb0f8,3864.0,2024-04-25
e233642d57a41cab918a06e4c9b310ec,5278.0,2024-04-27
e239e900ee704401de594679ef110139,6407.0,2024-04-28
e24082eebe2d0660874c6226b6f30757,6797.0,2024-04-25
e241558b5af2c34bacdb80b399034d23,15125.0,2024-04-27
e245a6382ffe81a960a8ba65c8be88df,3463.0,2024-04-26
e245d54a218d5b1b735e2d45ecf00c3b,5439.0,2024-04-24
e24ce51aa1ac78811a5ccf19a57a02ae,6762.0,2024-04-25
e24d09fcceb0e032d22cc08f9e97cbb8,4878.0,2024-04-24
e24dcb3b7d45ea58b67afd977e95885f,5750.0,2024-04-28
e254b18892dea84fa649ed27096e4e3a,5461.0,2024-04-27
e2570d4551137bdb4f4c9cc6980030e7,2956.0,2024-04-23
e25bfb4c4dc94a29bd0263118a288472,4692.0,2024-04-28
e25f018e82574d7cbb246f289e838fd7,7199.0,2024-04-26
e2633b99b5a1e29e01a56931e960aea4,5196.0,2024-04-23
e264f9a3d2b44d219b0bbe4f60b7c852,5092.0,2024-04-28
e265b6f96f1cc9794a17c306a61c08e2,1956.0,2024-04-23
e266aad546a4a51e9433241a71d55243,11749.0,2024-04-26
e2687d3b1796652f7802847f03125c2a,8598.0,2024-04-25
e26885f53019bf7e54c9b7cc202ccc3b,20527.0,2024-04-28
e27329f30c34155213c6d9a6df2e03e2,5228.0,2024-04-29
e27469fe9435b2f17e69721fe225ae70,8138.0,2024-04-29
e274859048fbbbee099f1fe2cb47057a,7170.0,2024-04-29
e27776f86e1dd363bc39c333478e74b2,4947.0,2024-04-24
e277a1bb0645003bd131774e019d8710,2675.0,2024-04-25
e27dc5880ff57bede78e39dc66f420e5,843.0,2024-04-26
e27f5757ec1df74b3185f71ac262f8b9,3659.0,2024-04-25
e281e985cd438f587010f2d336be660e,6397.0,2024-04-28
e283dee3d16958df72d308a9280d7d23,11171.0,2024-04-29
e28639d6a9113579f81cbe28063c03a0,2515.0,2024-04-24
e2894a49d7d5e3bded8a8d60cb301739,8732.0,2024-04-27
e28a646b72751f1c8c8b755f74905d6f,6085.0,2024-04-26
e28c8383755d3f15bb54df3001e725c1,7345.0,2024-04-29
e28e4099649c2ea319e2ddb3e2716a54,10904.0,2024-04-28
e28ea02fc91e9f206ca06113f451e235,3491.0,2024-04-24
e294c41bbc67896d2565a01b6faa00c7,5172.0,2024-04-27
e2952bd94b1f307e6950de837a7c448c,9475.0,2024-04-25
e29885942207ca56dd0af0740b2ceb66,2493.0,2024-04-23
e29967b3761c4f67b13d267da95bb472,3626.0,2024-04-29
e29dddac486456cac9736f3472b4d145,2633.0,2024-04-27
e2a2bb5740d15c221209edaf6087e578,8641.0,2024-04-28
e2a51413a446fa6d943e07b9e7878a1f,8250.0,2024-04-24
e2a60e6e37769ffd03ee0c673a288c12,5579.0,2024-04-26
e2a6d2062c30bee50b855e0b142cae82,2687.0,2024-04-29
e2a97b29d44681dae131994bfbc12882,20041.0,2024-04-28
e2b16ddab0262de626e0feee5349631e,5911.0,2024-04-23
e2b5e43f1a8d90bd2459d0d3c12410cf,9311.0,2024-04-26
e2b70489f5e82876612337a3cbf4f770,6722.0,2024-04-24
e2bafaa20352f217d00cb2b2170963b5,4830.0,2024-04-29
e2bcbe7cdd93fe558d8b4512039a6729,13273.0,2024-04-23
e2be70198f217cd47b908afae06496ad,4630.0,2024-04-26
e2c44a8e4f94e6397002f5d4ce8423bf,12686.0,2024-04-25
e2c62c1107fc06adcade2733e11e1631,1378.0,2024-04-28
e2c7f61b9573f4209f0eb109fa5e46a9,3972.0,2024-04-23
e2cab36f77f9888c2ad7f59ecb068ac9,8717.0,2024-04-23
e2cc15ed2dc06a12c8013ae11f6e38e3,5863.0,2024-04-28
e2ce0967d56f915eef193a66e12f0117,4286.0,2024-04-26
e2cec3e14a8fee38e4a2bfc447de60a4,3072.0,2024-04-29
e2cf1bf0f6cfeac6f05e2ac13ecc07ef,11414.0,2024-04-28
e2d2e2cc9dad0eb346231af1cfad7f61,6726.0,2024-04-23
e2d4ae22210654597c33d104da9283bd,3413.0,2024-04-24
e2d87ac802d7b76fd4d357f5a9c1d4ca,8039.0,2024-04-26
e2d91ebe2a96a68d7bd43952c4488e33,2543.0,2024-04-29
e2ecb2e241ff95d12ff797eb963a4321,6130.0,2024-04-23
e2ed8b0097454319f5b7f239fe631754,3478.0,2024-04-26
e2f1c642da7b1686ed867aabbcf8d568,8589.0,2024-04-27
e2f8407aeb8f5a5dc8a6c1d4725d1f27,1205.0,2024-04-29
e2f9b8b1d472a0a52b71d43f2b4baeb7,9891.0,2024-04-27
e2fc19a622bd25844c2b09c7244caf3e,9447.0,2024-04-26
e2ff45a63a092c3eaf0c33366511b2d0,5931.0,2024-04-29
e301adbead9348910036a8a190849e9f,6964.0,2024-04-29
e30455b79d2a60766f4e5d050da727f0,9860.0,2024-04-26
e3073703adeaa3418daf56436f66fbd8,5078.0,2024-04-28
e308d3dba22605863f3526875c436f88,7648.0,2024-04-23
e30f25219be3f4d1defa80d34140e5b4,6404.0,2024-04-25
e30fa1f09271ad88f2977a4fab1a5455,3305.0,2024-04-25
e3148720ddaaf8dc11e46b27b6cd11e5,9623.0,2024-04-26
e319a7839b1109410ebfbe8b62b04339,5917.0,2024-04-26
e31c89d17ae5fec164b8fab061d74b02,5580.0,2024-04-24
e31ed56a22cd01fbd7b7535ac5d5c575,5650.0,2024-04-28
e31fda39464974d8d1c0906328312083,7849.0,2024-04-25
e3217dce0ffb3c930697fcc1a66ea9b6,3381.0,2024-04-26
e321feee208b8aec3bbf7a5ce7ed42c4,11188.0,2024-04-26
e32349765af5ac6a1709428490221575,819.0,2024-04-25
e32397ef8bb418cab46e6786dfa2e120,5776.0,2024-04-24
e324bacdd33b2146e410671e0188d3ce,9619.0,2024-04-27
e33133905c0aba05e7f5b172f9745a81,4139.0,2024-04-23
e3331093be9519c5953822e27ca165c9,6641.0,2024-04-27
e333dbf9001a7e4cfa7020150dd20ef6,6465.0,2024-04-25
e33ce083365411c3be016a6436162ccc,4033.0,2024-04-29
e33d35dd3f3efd21d9c47690d9e87102,6837.0,2024-04-28
e3407fd011e1781d4a68f106a2b9e653,1797.0,2024-04-26
e3442db5a9e79d350b9527c41c703503,4614.0,2024-04-25
e3457ad1ef6d25a35f91396a34a30913,5567.0,2024-04-25
e345b58cf1f6b1a5c96fb930a82c78ba,4045.0,2024-04-25
e34ea93c7b0b5a64df6aaf060ec079b6,2621.0,2024-04-25
e34fd39573276640f5fdaf8183f5a52e,2956.0,2024-04-26
e3514b2933063cfecd8c0cc223e53eda,11240.0,2024-04-25
e351efa626f3c94af2285f4df29a04d3,6679.0,2024-04-26
e353b2437ae003aa78b71fa8202e562e,4103.0,2024-04-24
e356e5e95048ffbd497deeb49d10d43b,12609.0,2024-04-23
e358ce70b86087204ea237e651c3a2d2,11077.0,2024-04-26
e35d2d726c605820f180aa7341f30c35,4242.0,2024-04-23
e36691c4375213029998b20536f80900,7174.0,2024-04-29
e36e869a90e52269d5d237ccaadfa927,8046.0,2024-04-27
e37d486bfd2b4006c5e9ce18badcfc64,7862.0,2024-04-27
e37e350cf68b7e6664f8ce443124d7ce,8554.0,2024-04-29
e3810f9ff0b09658673110e81b4fee0f,2441.0,2024-04-28
e3881edbcad4dc69585646f473c8b318,3500.0,2024-04-24
e3908ddf6de5f761606c721f3db9c247,7340.0,2024-04-29
e39554dfeb9ac060ff8d865c12c8e9f5,9558.0,2024-04-28
e399b1c71d6e482f49c1184d0bb9689c,5537.0,2024-04-28
e39cda1c50b8fe12acbddcc1c5ecede4,5366.0,2024-04-23
e3a1bb547d4111b97472e8d4004637ee,5015.0,2024-04-27
e3a250176dcc1c7b5c1cc234657e934f,5046.0,2024-04-28
e3a32e217c8f7d461e26af927fc44bba,4193.0,2024-04-27
e3a658d74591866b38d7a963df198343,6043.0,2024-04-28
e3a6c029f8b7f441ebfd91b853a3b59f,4643.0,2024-04-27
e3ac91dfef553667b7670e10dfa9ffea,6449.0,2024-04-27
e3ad14d528404677582ce3c1cac78126,4578.0,2024-04-25
e3b154efec68f837af8580cf4eba690b,3957.0,2024-04-28
e3b612dfd449d3478c80220743c0a09b,2973.0,2024-04-24
e3b90ce29e5dbc030520fa8f3a506a84,5108.0,2024-04-28
e3bd6b8b793914d4829e8b008ae7d0a6,6628.0,2024-04-29
e3be32e5a4eb1751b5b705539922321c,5932.0,2024-04-29
e3c207b69beb276f5fe1b5cad380b47f,3456.0,2024-04-29
e3c76187c09d164f7b34208c51f9113c,5406.0,2024-04-27
e3c7d5dc88a8b4732e4d603ff3587e79,7384.0,2024-04-23
e3c875a92e33465a8db2544e56ebd84f,5971.0,2024-04-24
e3cbaca7b40704e94279d59f53e2db40,8539.0,2024-04-24
e3d3a0652f69dc913f261f325607a97f,6968.0,2024-04-28
e3d633c3b37217e0012a0c8ac545a4a7,5926.0,2024-04-26
e3d91897f16805efe22bb36393622213,5469.0,2024-04-27
e3da4fd36c34539fa266efa3968b749e,6202.0,2024-04-24
e3daa4c432c641c71994de4e2059fc18,4329.0,2024-04-28
e3dd5162632d456d78cd1e99c8e8cdd2,1925.0,2024-04-24
e3e28ebf99e340c89ff58c2ed440e66d,5775.0,2024-04-23
e3e32f1bb3488f387aa5f353c94a096a,7455.0,2024-04-28
e3e5ceecae28465f80086019cae44d6b,8310.0,2024-04-27
e3e65fa40c72232557371e1cdfd77d28,4955.0,2024-04-23
e3e8f5a73b8c6faf139452e1ff90c168,10903.0,2024-04-24
e3e9eaa9eb280962f43e07e411ff248e,4085.0,2024-04-27
e3ec0d0233fbcdf334f2d8e9c4f54e0e,4835.0,2024-04-28
e3f38a3b9461eac02107f48517e5ff66,6466.0,2024-04-23
e3f5765f1111261c71af1dde12fe010f,1766.0,2024-04-23
e3f61e61a71586661bd5029fad063746,4400.0,2024-04-24
e3f8214c70630fc256a695bc4d91035b,5776.0,2024-04-23
e3f9b594e8ac9f71a6f5182a538d0592,4152.0,2024-04-24
e3fc073600993746006b47cd0da13444,3008.0,2024-04-25
e3fde6f4b4206214ad255d4688ddc428,3391.0,2024-04-29
e3ff63269f46299bb6aa2e53d5b73a10,10841.0,2024-04-23
e402a8f1878c78f902dd58d158f530aa,1347.0,2024-04-24
e40855cb2b3381e65afe221b8e8e4a5a,3200.0,2024-04-26
e40a07c2240e0d0de402670d056ea358,3994.0,2024-04-25
e40c3b013ac69657e5290cea4f2a4664,3126.0,2024-04-25
e40de91c4485f78ca23c26812d3b2f90,3845.0,2024-04-29
e40e25e76e9234241d659b939d52bcf4,1903.0,2024-04-29
e413d1a278f6260ab4270dcf83a7685a,7996.0,2024-04-26
e414c458dcc417b95ef31205c6422891,8772.0,2024-04-28
e415172e3788aa44e2bc6b2b59a62d65,9522.0,2024-04-24
e417ea5389bc1418c865a3f93ef0295c,4946.0,2024-04-26
e41862ce09b26bb3d2719d02731d6334,5348.0,2024-04-27
e41bd3df3451b6d0e10db09c4f5cf628,4657.0,2024-04-26
e41e37c6557ebc4a5d5fd647b23175c9,3390.0,2024-04-23
e42468a11877ba772ed612db2586e262,5219.0,2024-04-29
e4293882e4c6d9d10c975cab78ee846c,5238.0,2024-04-28
e42ad14c8597f575b9492dfe96b527fd,5758.0,2024-04-28
e42b1c8d20dc5a19d7c63e61a22cffb7,11574.0,2024-04-26
e42ecd96e0cbe1786ef0b72b611f4872,4975.0,2024-04-26
e4325dbb673e8a7dc01cc0d7967497e8,4617.0,2024-04-24
e4354f86dace58771aba08cd01e9885a,7129.0,2024-04-23
e437542a2714a728c1d15ae8024eef5c,4316.0,2024-04-23
e439f852b68f8f0f03c69d170f7fcdec,6953.0,2024-04-25
e44568be110503f8766a1cea4187125b,2563.0,2024-04-23
e4492fbe55562b8d1ba146376d0612c9,5789.0,2024-04-24
e44ff4b6de048ed23aaa4213f99d1e90,5706.0,2024-04-25
e450567372f609f2d44b0da360cd5df5,5795.0,2024-04-26
e458cff4f26c7e8455b3998219c560be,3691.0,2024-04-24
e45aae094e2a489f12ad31db8d488446,3211.0,2024-04-29
e460c74a621e0ab6970810bc3956142f,5702.0,2024-04-24
e4698fa373b82cf67bc09ee9fe7dd955,5238.0,2024-04-29
e46acb20a063a100b9256af29698db7b,5406.0,2024-04-29
e46b0a668772244fdc771319442502d5,4939.0,2024-04-25
e46bbd70782a2788ddf7bf609e6fadeb,7076.0,2024-04-29
e46e84c8897c8a0cf078d4b688f297fe,4134.0,2024-04-26
e4720955370bc04aba0bca6843d1c6ac,10406.0,2024-04-23
e4743545ecfafd874b59ae7446cf7e17,10097.0,2024-04-29
e474d0efc23fe6ec5753101170dece46,3662.0,2024-04-24
e483c6995eea2e1ddf0d8eb8846fef75,4053.0,2024-04-27
e485aac0ee8379634bbc16a0426ecae3,4421.0,2024-04-26
e48e28836ff8da79306d5116966f37a7,7920.0,2024-04-28
e4915880a34bc39ef01b40106ba6a7f8,4013.0,2024-04-29
e492d64657a3716b5146cd8c216a2085,3636.0,2024-04-29
e494670a3a85aefa2f0e5a7051b74eba,5986.0,2024-04-25
e4955b24806b2ba80db127c75cea40c0,1246.0,2024-04-28
e49674e88d069d1a83f6ccebe2ba842c,7123.0,2024-04-26
e4992bf4eba7b3f7bf8db7764676b1fa,7376.0,2024-04-25
e49b9b85dedac4f9752c4b42e0581e43,7564.0,2024-04-25
e49d014bf00b7e546321e4c4b231f809,2396.0,2024-04-26
e4a3055a9fe204e2dc03429086cad739,3725.0,2024-04-29
e4a3fb0e46011c6ecccaddd6d40b21e0,2309.0,2024-04-23
e4a436bc5d3fa075afa2a87e3e6c9074,3722.0,2024-04-29
e4a9a2907950ae0aa1409928c0ead2b1,5178.0,2024-04-27
e4abb15bf01ec852461ce23f9a07d1b0,3264.0,2024-04-29
e4ac8c343e6cb6275a8e879edc01f984,638.0,2024-04-24
e4b950fac1489d79af0556f0008e0196,6839.0,2024-04-23
e4bf154a0d05b5427c7c41fb7401f5c1,5577.0,2024-04-25
e4c7fa28fbccb776aeb4e51a8e56e5b5,10732.0,2024-04-29
e4cb22547f1c6efb3124bd30eaa9b4f9,5513.0,2024-04-28
e4ceb9e8c51576f52d0816f1b19efe53,5194.0,2024-04-29
e4cfc71b79918d31180bacd07f2d9999,5603.0,2024-04-26
e4d067891518dab7b7a12f167f46d345,3691.0,2024-04-28
e4d14063205122726740af341fb5e33f,3856.0,2024-04-23
e4d55623772bf25fae971e21ed8b8fdb,2771.0,2024-04-29
e4dcc65196e5a8c28e8b1dea51592dc7,2840.0,2024-04-26
e4e0a86795ece4d33cfd113f29432724,9450.0,2024-04-28
e4e59cf41f733282c286ea7d92ef5f81,3679.0,2024-04-28
e4e75295f4837671babecb3cc87494b1,4699.0,2024-04-25
e4efc590ff55f69f581f03f9c8bad26d,7523.0,2024-04-29
e4f31709326519449ec96cb577121f10,4030.0,2024-04-24
e4f89a7561e43d4c4c68381b6b4cafb7,2716.0,2024-04-24
e4f8ad5e88c84a7c6289f10e08592689,6827.0,2024-04-27
e4fddddba8a9003b12b3a1e599347bf1,4350.0,2024-04-25
e503f0894bed0ac307f3a61c86b1e9b5,5531.0,2024-04-28
e50652d2d902dcb6ab3a86d95885d339,2938.0,2024-04-28
e50a7d26fda8ce0536807ee09cb757e3,4852.0,2024-04-23
e519bedcc75230477ea9a2b3d491d102,6536.0,2024-04-26
e51c6503d084f8c6d56e95933a79f203,2796.0,2024-04-26
e51c7e70922354d9c0835f7a55cf369f,2986.0,2024-04-24
e5264e00f25bc985c064c973c1c9ebeb,2827.0,2024-04-27
e5274ee94077a6cdb3ff320c8208269a,16133.0,2024-04-24
e5296661de402fc27c2a2ee07b9ae195,3127.0,2024-04-25
e52b73fbb6abd6d170ea52fcaa08a0e7,2804.0,2024-04-27
e530a1cbdaf183e90220fb79d290759e,8016.0,2024-04-29
e53985b42d8619604d6d6459308caf3a,2965.0,2024-04-28
e53a49e2223427bb05e077c904514263,7250.0,2024-04-23
e53b66f288d5be1220124a60c96bb660,3658.0,2024-04-23
e53d86b61e4529e865686a3ced6b97b3,8686.0,2024-04-26
e5413cb73906918abaddd63bc46fd1ae,3803.0,2024-04-23
e544736de5f902807ad4cc121c8a7723,7206.0,2024-04-28
e5483f7e86285e6e91869df9bca99aaf,8036.0,2024-04-28
e548b014b1c7003bdf81168f18d9fe43,1497.0,2024-04-26
e54a3abe0fae351938975d2bd6f47aa3,741.0,2024-04-25
e54c1b41465be9d5e39d9f8f527d9b9c,4997.0,2024-04-24
e54cf0527cf2e9844274723cdfa8314b,8230.0,2024-04-28
e54d04913fbedd3b9a4c6eba2797c030,3635.0,2024-04-25
e54f80411ae748f85e9039fce90bfb9a,3502.0,2024-04-27
e552006c978dde91f6690215c608ddea,7476.0,2024-04-25
e553c1e2f1fdac96946640d3e8b68c1f,3834.0,2024-04-28
e557e025699e99830141ce25fc97e073,3237.0,2024-04-25
e55b20330054b7deb878f3c7f97109da,10832.0,2024-04-23
e566595c9fef61b2cf1b9fde840fd97b,6639.0,2024-04-27
e56e8b9760d16b5e86646c447f24ccd9,3943.0,2024-04-24
e56f849fbec26b59ee67af0e51b14e34,3712.0,2024-04-27
e5736a3c49d80352e5fe9f73ab377e99,3393.0,2024-04-26
e57537416c70990eeab160db9ec9183b,5923.0,2024-04-24
e576d3f0ecccfc396f8a297e1e76e1f2,6079.0,2024-04-26
e577005c37490732cec411d829b20d4c,4341.0,2024-04-25
e5797bcaf887935b8a4cdf9a9145ad93,6365.0,2024-04-26
e57b1ae891ec13a90efbcce0d2ca5941,5299.0,2024-04-27
e57f50728acc9455e303720223c69e57,2313.0,2024-04-26
e57fde65dfa210afd41a92e0511dd71a,9771.0,2024-04-29
e5809a9208b5d5b4c720fd2e347f8d84,4797.0,2024-04-27
e586a320470c9f33e351ba7335562349,2116.0,2024-04-28
e58a09c4e5224d795bad67d79909f4b4,5968.0,2024-04-28
e58ae5bdb113e3ab43b9ac2689789618,4851.0,2024-04-28
e58bfbe5a7570dba556f1c89760e5384,3353.0,2024-04-23
e58c81b41df0fb1e276f45247e0ceaaa,4951.0,2024-04-26
e58cc8f9e3984120a57da50e8944c4ba,2248.0,2024-04-29
e58d28ee469037b238e9fb09ea1ef820,7128.0,2024-04-23
e59041f74b755ab02be98c92515e756d,10859.0,2024-04-26
e59b7a25db79870826340b3549184efb,5496.0,2024-04-26
e5a31c29a0edce9f33b580116db45a2c,3908.0,2024-04-29
e5a6992c6d6b8a9653a126a1764e05b3,7398.0,2024-04-29
e5b1e2d0522505fa02fdf0d55b173564,5685.0,2024-04-26
e5b44d1de4a1fda60aca8d3d024f4260,8189.0,2024-04-25
e5b91754652a7ff11053004b687fbf93,10629.0,2024-04-23
e5c4a19784ff853d7acc2439b61d966a,6530.0,2024-04-25
e5c4d1c0fbe13b7f91a70059a99d7288,4539.0,2024-04-25
e5d1768e3f652233df0426de33feaa87,6138.0,2024-04-28
e5d52023f2e4d7d2292565d133c4afe3,4282.0,2024-04-27
e5d5bdaa432b2ea3ec372cc65d9e0959,9328.0,2024-04-23
e5d69a5124eefbdf916b43182033b0a0,7307.0,2024-04-28
e5da70795a1b171e4a9c92ced36969c2,1626.0,2024-04-26
e5decfa40e0da482868d11abb3feb960,1522.0,2024-04-24
e5df4fb425b712dadce6d22ce1d905f9,8625.0,2024-04-27
e5e238702d1acd63dc7cc0b1d048f868,7719.0,2024-04-29
e5e4a5fa1aa61e770e00ad1ae96bd856,9061.0,2024-04-25
e5e4e551dd06fe2534dc115990bcbab6,5122.0,2024-04-28
e5e5b973c6031a0def8f76ced635feef,12332.0,2024-04-25
e5e5e2c00b5226e9d1ddb13659729d47,5088.0,2024-04-23
e5e5fd3aa0da968a46396cf5d63e7bed,2369.0,2024-04-27
e5ea79f184e63a7909f99e2abc341435,1583.0,2024-04-27
e5ead6dc5b1cd25fac866aa135232821,2790.0,2024-04-29
e5f1a13d7fd2228f10913f8a54cf0f99,5869.0,2024-04-23
e5f33de3f769cf1247ba12e1202a39b6,2973.0,2024-04-25
e5f721bf2dd7900db56531816355092c,7203.0,2024-04-23
e601079b8e54e838d493ea1a7b4bd068,3155.0,2024-04-27
e602342eaa06b120e6037c5ee9fb5552,7490.0,2024-04-28
e603044522b06f3fe38a1eae32adfa79,4287.0,2024-04-28
e60635db4e1be3f04e0f78f9db384d63,2281.0,2024-04-23
e6071a697d3b3a7c83a679d58a16cecd,7880.0,2024-04-23
e6125d278fe653f46381ba314d86bccb,10911.0,2024-04-26
e615794a03aef5650a3c54cf6cfda07a,3999.0,2024-04-26
e61701b6962aeb6f1b369b05ac6f79e9,2425.0,2024-04-24
e620d42841cd03b407a7718359909b3d,4970.0,2024-04-28
e627aab3802605090cb17982694d4d83,6801.0,2024-04-27
e62b53ccc85a9acc78c18b1d65c62821,5473.0,2024-04-28
e62cb2d3395da97e4267924864fb14b8,3743.0,2024-04-25
e62ea73b35b5f7ce120ac81483f9ea27,5193.0,2024-04-25
e639eabf5f64bcfc29959b67e451b5c4,5154.0,2024-04-28
e63af3091e97aae1ac93e3a9d11159fe,5016.0,2024-04-25
e63eaac8ada741b6469b1864e0d6a35f,5843.0,2024-04-23
e63f1179ab8de3e6a369fcc6c08baf47,7419.0,2024-04-26
e644ea247923434b88efcbf198f3d624,2214.0,2024-04-27
e6461259cff105136099ee3c5ddb697a,3653.0,2024-04-27
e648e4c0632a074560d59db5aa15d474,5848.0,2024-04-29
e6490cef08cf66194c468cbe1d66a2e3,11146.0,2024-04-28
e64a36395f3a8872e2a8c0640bf799d1,4046.0,2024-04-24
e64b477b2763179e0827d6554e1637c9,2316.0,2024-04-23
e64d9718363fbb85b54aa4d2295e01a0,3921.0,2024-04-25
e65c2fb4e4619b785e4d3be7d7eb7e09,7226.0,2024-04-29
e66674df65a7f056a8db79a97129bd1f,6693.0,2024-04-24
e670390d7d5a7e79919f6a93b510b0a1,5617.0,2024-04-23
e67276e1e8a95a680eb4fcda732e5697,5395.0,2024-04-25
e6745b33097623f089ff05b7d45a0dab,8612.0,2024-04-27
e676d929417701bb4f394c1de6a61f43,3283.0,2024-04-25
e676edcac5057c5fe7e289c9d23416e6,4498.0,2024-04-25
e679c53cf814d78d866d474da47e949f,4027.0,2024-04-25
e67d8e40a610fd1cca2a5cdc49a50c4c,7550.0,2024-04-25
e67f965e4476bcc8b2649a595a3530cf,4849.0,2024-04-24
e68802a74e19edb451d53b07cd812d2c,5950.0,2024-04-27
e6931cb9fc49f9c5147f84211984e4ca,5566.0,2024-04-25
e693c0123c502d52216e04de2bf76567,3686.0,2024-04-24
e69738503a26372ce77eca5bf0a0a9d1,12369.0,2024-04-25
e6aa1d09d36ee1b1add9c661ce5188f1,1992.0,2024-04-25
e6ab56e811d012f986093b4b3dbba069,6786.0,2024-04-28
e6b1a0ee27006eab7676ad2998012695,6005.0,2024-04-29
e6b664cce6768670ef48899ddddf30ac,5501.0,2024-04-28
e6cd29a32594dccdf19b3db8892682ef,3669.0,2024-04-25
e6d24f869210cce29afeddabbdde3354,3817.0,2024-04-27
e6d253e1c3c4fdd7e2726aeba48265d0,13911.0,2024-04-25
e6d476d888bfef1f199369e7416829b6,2412.0,2024-04-24
e6d58a61d1035ed109f4365a8193fb08,3274.0,2024-04-26
e6d72ac3080a4c9e56df461d33e38fdd,9158.0,2024-04-24
e6dc82ac2ce6766b2baf825a180329c2,8818.0,2024-04-29
e6dfcdcbd9c11190578f15558fcebb1c,5065.0,2024-04-27
e6e46168fb5fcb9acf73b59224ad38bd,7431.0,2024-04-24
e6e516f71d41df0e7b398108347d7454,3472.0,2024-04-28
e6ea30add2fca8400eb26ec8c762fe16,3563.0,2024-04-28
e6ebc61b72440c875903c7bd2619de00,3286.0,2024-04-27
e6ee794162e77688a5e9121d27858063,3670.0,2024-04-26
e6f2a7d55393ffd3b475b2e06d813fd6,4248.0,2024-04-24
e6f37933a139b7fa1a2f2708ae39aa85,3023.0,2024-04-27
e6f57c0aa9839127bcb1bd9f47b2483a,6245.0,2024-04-23
e6f665ef7fc6c1cd7f1b064802ff775f,1763.0,2024-04-26
e6fda20eb72d4bc9106d904b01dcaa59,2796.0,2024-04-23
e70004d94b08092cd49f8ff34cbaa0a0,6930.0,2024-04-24
e702951e59226f118fb8b6aff7d1a215,5348.0,2024-04-26
e7030478251198cd517e04763a3ebe5f,2489.0,2024-04-24
e70448c43ebed004a7cacec2bc42b934,12710.0,2024-04-28
e71b0ecf856bfe41b52cbfc8960f2f16,2984.0,2024-04-23
e71de2a9b3075fd22fcdb4aea02deb82,3416.0,2024-04-25
e72803dde963bb84c4c8137ec241b53d,4855.0,2024-04-27
e729921622b6ddba28c4e42561e1315e,5595.0,2024-04-25
e72ac8c0f7b491db906568dac8e58766,2629.0,2024-04-27
e7370dd17b2236385c264166f49d7a4e,10058.0,2024-04-25
e73c76c00d2c45af5b993be098ede731,8449.0,2024-04-29
e73d3a53ed1c8ad84893e7d373b04125,5081.0,2024-04-29
e73d6d3b097a1206d08f26e7ea073a98,6461.0,2024-04-27
e73e1d2483c4558bbd357fe93a906b27,4959.0,2024-04-25
e74038e73a0694a9b2290eb572647780,9048.0,2024-04-27
e7426e1d5cf2ac3163cf37715bb705c3,5172.0,2024-04-27
e745683aaa405f4be4f940993f319dfa,3869.0,2024-04-24
e746eeb6668761a6999e70dbb375274c,7628.0,2024-04-24
e74b772586c4f808aade441067c19870,5096.0,2024-04-26
e75308154ab22e10da43742ac7a3e15c,3499.0,2024-04-23
e75427e5107ecad7d3dc651402ee5c4a,7863.0,2024-04-28
e75887b96f63af086d8ab15d0f5814d7,2248.0,2024-04-26
e75f7c69b7660cc20ae2be9d4086a2f3,8174.0,2024-04-27
e760734d2e0ec9ba4ae5c7180164382d,1627.0,2024-04-28
e76112733f2677894a6d7fbc2230594e,6111.0,2024-04-24
e761ca1ec415ce51a874b64d55dc43d7,4753.0,2024-04-28
e7622ed3a955c56297746f7d092cec18,7240.0,2024-04-25
e7692ee294df61f4ec38002c10fe2145,2189.0,2024-04-27
e76a7323c8e247b768225805576b9bf4,1211.0,2024-04-24
e76ad7fbcd4404459dcc123677d3209f,1522.0,2024-04-29
e76fb7c58000b600e805f77b56b84191,2222.0,2024-04-28
e771966a26fea8b3e4ff1c49d7994975,6264.0,2024-04-29
e7747c4c654449bb13011b1e972a890f,4640.0,2024-04-24
e7763dcff3a6a22c9bcc9e1f91a475c0,9445.0,2024-04-26
e779f6c5d65b78c4b159f94e49f81b75,8924.0,2024-04-27
e77d5b7aaf6c564a1fb98420abc3ee1e,4214.0,2024-04-27
e77dae97993af0fdb18804bfa0e44a3d,2006.0,2024-04-24
e781c32c798ce1628433f75c1ece0f1e,4993.0,2024-04-25
e784a14f8de12bf6b6a2b04c0ba5e4c1,6204.0,2024-04-28
e785a90ec6cf5a19512b61aa6e29b303,5875.0,2024-04-28
e7882a38bdf94fd5809cebcfbf3800cc,6891.0,2024-04-24
e78c1f60acb06b61076d5927449c6902,3886.0,2024-04-29
e7961e10d1219f276135126e61c9d6fb,2791.0,2024-04-28
e7984d63d324e93ce6d0c1d78491cc59,8180.0,2024-04-27
e79d7d5a96fe89e82cf0988f1da09bd5,6282.0,2024-04-26
e7a15142fbbb001243261b53b631008b,4668.0,2024-04-27
e7a1faa53df99a61fffa4fe5ebc635c3,3002.0,2024-04-28
e7a708d602bb80fafe62d5d11e30d3e8,5868.0,2024-04-25
e7ac58e0d3ec3041c1a169adf9d677e9,3798.0,2024-04-29
e7ad23377165ef9ce2d9735010f015dc,4043.0,2024-04-27
e7ae0e836a991dfbaf160460155fabb9,2779.0,2024-04-23
e7b1239284d5db48a7db6c699ac423b6,5613.0,2024-04-23
e7b6b4baa352afc67ae82caf17b13ed3,7254.0,2024-04-25
e7b6f38795126cef28ccf3b52238f11b,3906.0,2024-04-27
e7bf212f6a577feddf582edd765e5777,3977.0,2024-04-25
e7c01d7208154f94ea7dc045ee60a261,9606.0,2024-04-25
e7c346fe7a74ca4aac6606075161291d,3683.0,2024-04-24
e7c75b5568543e73744ee97b6bba7a6b,1341.0,2024-04-23
e7ca1c33232a843a85ae6d3fa252a897,2051.0,2024-04-24
e7d02d3b3843e13ea7d43749901d5bb9,4545.0,2024-04-28
e7d0a81949b3e11ebbe098ec0b30063f,6496.0,2024-04-27
e7d5f92e95a031e63ff59553c7aefe8c,2146.0,2024-04-25
e7d6c208dd70d5173a4311a72ea558a3,3207.0,2024-04-23
e7d709317e9773a328fd8a9bcbb1b3de,4782.0,2024-04-24
e7d851b7e9f1de51614dadc5d70facb3,6578.0,2024-04-24
e7e28c85b23b1a5033e2af2df4d7e245,3869.0,2024-04-23
e7e28cdf9cb094e10883bde0c0bd2d34,5107.0,2024-04-26
e7e2f90416060a8bfa44add244592f77,7271.0,2024-04-25
e7e8a59fcf777cbbd7bbc2d8b051e681,2982.0,2024-04-28
e7e9105b78705f1848846be0c8e723e2,2446.0,2024-04-28
e7ea4c2d49526216ec596278c1298e94,4194.0,2024-04-27
e7ebc07b42e4797e1a58c9931bf6db2b,6100.0,2024-04-26
e7f3892faddfdaeb410eb2f8c7f13433,4134.0,2024-04-29
e7f66e34e2f7830fd171fd7a2e6b34e1,12984.0,2024-04-24
e7f71f98471d320d892273f56ae5324e,4474.0,2024-04-25
e7f9aa2fbc93ba1af52abfbc0884e9d2,5165.0,2024-04-28
e800a9228f26481567585eb514b01d0d,4442.0,2024-04-28
e80295b0397f841cd48fddc04b1e776f,5595.0,2024-04-25
e8065426b5456ccc773cea9ef059893c,4158.0,2024-04-26
e806c170f918628164f2ba8650e5eb48,5632.0,2024-04-24
e814ecfd203c4cd9e4e7c26a101cd154,3288.0,2024-04-28
e8181847416ef96e94ebbfe7dfe7a462,4497.0,2024-04-29
e81fe2c0554eb2040dac791cd5ed01eb,2227.0,2024-04-29
e828e51a532a51af69e0437c4793623b,3797.0,2024-04-24
e82a25c66d176dac6c612cf73001d22f,4326.0,2024-04-27
e82f3b539254726232160c31ce1447c0,2796.0,2024-04-26
e82f9d80daa3fb015e7b39ecb06f5d54,7513.0,2024-04-26
e8337f50c7fda533f04f121d772634b7,2253.0,2024-04-26
e838e3b5f3cc6289267fb43cec1b2cea,9723.0,2024-04-27
e83d0a06384bd57c351d5e7a9ea7d5f0,5285.0,2024-04-26
e842412d006cd45c36fc2635a510d47c,2785.0,2024-04-28
e84326bd7bba8ae3e50099dc1ccac0df,5630.0,2024-04-24
e8487bb08201f6081c1fd30d950cc509,6748.0,2024-04-26
e84c1877a6c9e4e541f849c9743dd05d,7070.0,2024-04-29
e84c4f3a874d19a2c1a997d947b2cd55,5620.0,2024-04-25
e84f760d54f9796514de5961a73c6a2c,3102.0,2024-04-25
e84f7e87673ed5887b5357510d333c04,3974.0,2024-04-24
e8553e5643d52181e7a2b24f7b80412b,8600.0,2024-04-28
e8569ae374f8760efdb968977fb65232,5533.0,2024-04-24
e856ffd6f3ea39110b92571559156c8f,6973.0,2024-04-24
e85801bb311e2863a2992ffa25475af0,4506.0,2024-04-24
e858e08de22e7f7b3cc093fb66305a39,9284.0,2024-04-26
e85a647635c5fc75f2de2c36f289e949,10713.0,2024-04-23
e85b9c7bc29f94a4792e2b7821d776d5,1252.0,2024-04-26
e85ce6ee30716adab01990632bc44576,7418.0,2024-04-25
e8612408875daff2b193015276566c3b,7209.0,2024-04-25
e87163146a7e2ff609ebfe406ac81204,8432.0,2024-04-27
e8723df961306701a945afb523d46d75,6682.0,2024-04-25
e8756252cbdb680dbb497a189f2dd82b,6555.0,2024-04-25
e8776b91ca71a93251cfabb6fc317404,6651.0,2024-04-24
e8821866b0eceb1dc0c45c6204a8ae97,1920.0,2024-04-24
e88fd7162ac0aed7f7be723bfdb34cc7,4930.0,2024-04-26
e8900a66f1acb9b3c081337b2d8b99a5,5959.0,2024-04-29
e8909565aefbb4d0f9d4cc21df360b64,2231.0,2024-04-27
e8943b63dc76a4466551bfcdb9733978,4340.0,2024-04-24
e895006962e52deb5a32a1cf0a542a56,3734.0,2024-04-24
e89b1ed4b19016f1978524ec1c6387cc,4628.0,2024-04-27
e89de45b5791e25d42b1255327b377e2,4284.0,2024-04-27
e8a725b13369f127cd3b5431d754b56e,5397.0,2024-04-25
e8aa4866b60fd811a84bcbbfe10b3fd5,5904.0,2024-04-25
e8ad0e9df6e2e4869284764a8b4dc3fc,3849.0,2024-04-29
e8b475514120e346afc651cf2d61989a,3125.0,2024-04-24
e8b56fb30dc97ead7effc6e107da3819,7335.0,2024-04-24
e8b6e704c9c809a181899c73f433aa12,9092.0,2024-04-29
e8b722504e61fbf6a12e5bf23befcf4a,4157.0,2024-04-23
e8b7b92918e090e1cd4185ede00aa7e6,10292.0,2024-04-25
e8b81e36fa90b65717665b80505553ce,5559.0,2024-04-25
e8bdcf3df0c811a87283a06828e4bc6e,6391.0,2024-04-23
e8bdd6e6637d5d9fbe40043af6bd450c,2825.0,2024-04-26
e8be96154ed4533197b39d2b0821c9c2,7754.0,2024-04-26
e8c23a9de35c12f8d353265ce08bdda3,9551.0,2024-04-24
e8c5e3f0d5f97ca01ffbbfca7ba00a1a,6517.0,2024-04-27
e8c943576558988c1604d529c158c9b1,7320.0,2024-04-27
e8d0bf746942642996c854e45adece62,4604.0,2024-04-25
e8d16eeaff8b06b1a9bb2478a8059c17,7390.0,2024-04-24
e8d4b43818acd39ae343aa945567e638,6990.0,2024-04-27
e8da0e5f9e7af0d4f787b45cc22f9b64,2317.0,2024-04-28
e8e66a812f85e77e2057f610b817edab,2766.0,2024-04-29
e8e822b3bbed6e1e208e8c88b3e75a31,15430.0,2024-04-29
e8e8a86c03c676a5045c79842d815c8e,3987.0,2024-04-26
e8ef55990d5243d9327f6a506ca8dc7f,2460.0,2024-04-27
e8ef6cbe5675b98d2594d91e25c5f1d2,3816.0,2024-04-24
e8f090f0748c6375afe09ccec75bd38d,3677.0,2024-04-28
e8f0e97e106a63d1a35e8166f2cf00c9,3451.0,2024-04-25
e8f2aa7721c509b90d3fded435343903,5210.0,2024-04-28
e8f9de7cc76ba295d07b1fd0eb724e46,8909.0,2024-04-23
e8fb93a54436f56aaec01b2f060d891d,4246.0,2024-04-25
e8fc791c32b0c9c224f36844f5a09b92,8579.0,2024-04-28
e900b43696c5be1672d97d30e6c65e32,4990.0,2024-04-27
e9018ca929df816353c789580bc8d00f,4087.0,2024-04-25
e9033b6664010ec10cebd3a224e7d5a4,4862.0,2024-04-27
e90d9afaf8f98869f98c8467182ec610,7463.0,2024-04-25
e90db26c324a93f333c52fffb27b45a6,5315.0,2024-04-29
e90e800b0529526cb0f76adfef6dc2e9,2908.0,2024-04-29
e915203776cff8ebae2b625fec56b00c,8013.0,2024-04-29
e91635c989b90e0f13eba2e658538f92,7089.0,2024-04-26
e916d63beff62a127e3c5c9a7fa8852a,3616.0,2024-04-23
e917f3e6b70f2d5b2b18b409e1137e7f,9734.0,2024-04-24
e918bb7cf8fcf30bf585264aad5c8694,1381.0,2024-04-29
e91b4b33d0d39a472bdf1008d4079e6e,7498.0,2024-04-27
e91cc229cf713d0ffdff936c430c2d23,6862.0,2024-04-23
e91d8a1135df455a9c9b7835c1785a1f,8481.0,2024-04-27
e9213a1fe569e0e059f991f145cac069,4545.0,2024-04-28
e921a87820b8af174b3228db24d97bb3,4475.0,2024-04-24
e926297ab96630c5d3bc565bcb8af4a3,4034.0,2024-04-28
e927552ee235f670a1912e97ded1a18f,1618.0,2024-04-24
e92ff4a5a4d527a241b1f03a4f2227be,7095.0,2024-04-26
e932e0d76e470bd70a7db2557700758d,11660.0,2024-04-27
e937a9bdd83a2be43909503069ba8fc2,3621.0,2024-04-23
e93d08b8e41cc3311feefb28847d34ff,12952.0,2024-04-28
e93e341b81dcf88c4e3e072769f1c8f0,6448.0,2024-04-28
e94029870f789fd45b34472ed4bf04f5,2853.0,2024-04-29
e94f68e71de3611c5e083cfdc7a8b7a7,7630.0,2024-04-29
e951bc6abc90607584e03ae49098591f,5177.0,2024-04-25
e95460b24c3ba8eeb6cc7c4ae730e995,5705.0,2024-04-26
e958f8fce7332ce6da68d2b05bff5145,5950.0,2024-04-28
e95adf6a134547a43547c8865a84f8a0,4162.0,2024-04-25
e95e0aed97f16b53eb9b20bc8260a0b7,17187.0,2024-04-24
e96221f33b098cf63eb81c7f48e9c39a,9096.0,2024-04-28
e9637e763fb28797b6aaf2bd8d685ca4,5529.0,2024-04-27
e9661b9b167df59e5aefbd80e53c0d96,9723.0,2024-04-27
e966809c2ae83c4bc180ffa963e18f0c,5086.0,2024-04-28
e9690e3d4bba66fa40e4edb7066732fc,11505.0,2024-04-26
e9694404abc334870e70a099988cd5cd,4218.0,2024-04-27
e973fa0a78205cd598bdaf9046d6c2f1,5375.0,2024-04-23
e9772805533aef06ea3c20e36ed796db,7468.0,2024-04-26
e97a16de409a87b02ea7ebdf2517343d,14656.0,2024-04-24
e97a196f291c253c7be6f4487e42e0cf,6877.0,2024-04-28
e97da5eea56703c508b98fb698b3d587,6685.0,2024-04-23
e97efcca850b24c9032bb963439b265c,4722.0,2024-04-23
e983994cc7b201e73e08076143e62763,5770.0,2024-04-24
e986fc126a5e829a4e1afbb587249ecf,6037.0,2024-04-28
e98813cfd8803a60fda4abeb16b66c72,9382.0,2024-04-23
e9894ad87d234e67cbc7065265e15c5e,12312.0,2024-04-28
e98b7c6e75a34e600356854a62fc1686,10103.0,2024-04-25
e98c721f6147ac513dadac9b959163f9,3689.0,2024-04-26
e98de3e6da1672024a9aec59ad85bdae,6421.0,2024-04-26
e99144bbef0ce8fae16228826dd885d1,4080.0,2024-04-24
e9928da16d155a06d3fb497d2c492f10,7103.0,2024-04-27
e99460fb2ae218948a1abf20b8d3f3e7,3268.0,2024-04-23
e99463b69b5f27ed88f3b7032aa07852,3118.0,2024-04-23
e99c7b18d8c83dc9735632f36a8d6dda,3356.0,2024-04-24
e99f25b4e2f30ca4c1fc9e3a97fdf791,4890.0,2024-04-25
e99f6bf64e0855336a97ed3a45b1c4c0,3920.0,2024-04-29
e9a308a70881f38df6b74c59c4ccc216,4118.0,2024-04-29
e9a63f36f1e24ed909f6dec33e65645e,2808.0,2024-04-29
e9a82333e8646f77b56b41533bce2bd7,2932.0,2024-04-25
e9a8458cc9bb74ebb63525974dd8e299,4209.0,2024-04-27
e9b2ac60bb7b980cb285d0cc5a76ad3e,6586.0,2024-04-25
e9b723394a511a586cb4452528b0cbe7,3016.0,2024-04-28
e9ba79592387adba13942f97eb0af94e,5996.0,2024-04-23
e9c47f6ab03d21e48903f0573028d498,10772.0,2024-04-25
e9cb79b6bfb7bfd8d0c63b409b0257fe,4838.0,2024-04-29
e9d2e9502be8f25a4cd439384cf5a380,4233.0,2024-04-29
e9d37da32708d8ba1227197088b41b9c,8894.0,2024-04-28
e9d6b5f3d1f5df746a4272b7f7f0cb87,7125.0,2024-04-26
e9d78683254d3865a64bfc4abcad7016,5367.0,2024-04-25
e9d98cff91c879d6a5ce6e6313b8b829,1295.0,2024-04-26
e9e223b3bf45d444e4eb3fa99ed27288,8377.0,2024-04-27
e9e37d8cd70abfba6991b881f08d49d4,5679.0,2024-04-27
e9e5cfa508dc56b87d4effde46cc6016,2281.0,2024-04-23
e9ec9634b6c68725e15fa3f1aa639089,8439.0,2024-04-28
e9f0a387f9967f7ec84138f6bb26112d,3507.0,2024-04-27
e9f104188c040433167658f67c38eb24,2821.0,2024-04-28
e9f88e09a98a5854c83b8ffa0263af78,7460.0,2024-04-29
ea03ef4dca2e9203b7a5a7208d67d48b,2793.0,2024-04-27
ea07787836e1f525bcdb7a7c76daf8ce,5638.0,2024-04-26
ea0a730aaeb90df13622a28f66d488ee,7892.0,2024-04-26
ea0a7fbdfb15074b49c99067a67bf745,10893.0,2024-04-26
ea0cf5330c8dc107ff2a35e6aff70551,5154.0,2024-04-24
ea0da69dd8eb4a2b7d023cd5f181a4c9,2430.0,2024-04-27
ea0de9587fde6ab5adcbc4b2037567a9,8111.0,2024-04-29
ea0f639e3b6872c5d8e3d6aa934812f3,13037.0,2024-04-28
ea1187c7d01751ab2585beb7b5b38160,7316.0,2024-04-24
ea1b58d1ebd8cd62c2f941e2a9f50760,6314.0,2024-04-24
ea1b922f65830b26753fcfe2d739438d,2650.0,2024-04-27
ea1c2a9cc52f39b3b1c098d565621fff,6372.0,2024-04-28
ea1c4ed285f84e3d0013aab011696770,5552.0,2024-04-29
ea20aedfb8a0941dafb4ab9d464b4045,1316.0,2024-04-27
ea23a8c03131e192f5de988db4ef1097,5198.0,2024-04-25
ea241b28066c0f19aa8a6d10529cdc3e,7034.0,2024-04-24
ea247bf7eb11fd5ad345af2c5b6f37dc,3446.0,2024-04-28
ea26d3b9e192a3310c79e7d482cda068,5070.0,2024-04-29
ea27823ef934d84f71e6b4a6aedc5306,7974.0,2024-04-24
ea280cac6f3316d00fddaeb4ba3ea398,7649.0,2024-04-29
ea2b764de2b546ae6720530ccdc9e23a,2590.0,2024-04-25
ea314e3c3525e3a7bbdc98c7b5470e99,2557.0,2024-04-27
ea31da59ca6cdbaae3dd873ac972bff9,5163.0,2024-04-29
ea35c85b0d28aec2a46877d58f6482dd,2478.0,2024-04-26
ea37d3ae3f182171d3c4b7076afc9ef8,6818.0,2024-04-27
ea389f5a3d46fcf13304766c9c99085a,6958.0,2024-04-24
ea3c1690d961be5fa476606170e88228,4386.0,2024-04-27
ea418fb9d7c9e2629cfadde94ae8ef30,3858.0,2024-04-26
ea458bb901e49fc4b94bbda82b9f618d,5768.0,2024-04-26
ea4fafea1558577681a7b129303e27a5,8105.0,2024-04-25
ea5375b6573acf27d3e3a08cbe9d8fb8,4610.0,2024-04-27
ea55c0cccb1a8f1230b1d4fe0a34b933,6872.0,2024-04-27
ea580f006f39ec542f0aa433c450358b,8791.0,2024-04-23
ea5a93dc64fe0f17e262aa493433fae5,4692.0,2024-04-26
ea5d393f0b8c4d0ce2ce93258f2842be,1422.0,2024-04-27
ea5ea5f1fdd162c9571686d1ac739e6c,4994.0,2024-04-26
ea5fe73b3c31e0dc52c083ab36590b3d,3516.0,2024-04-23
ea66f56e54bcd9890e747d9035e39d4b,6109.0,2024-04-29
ea6bf1b658ee0bc521c1dbc476db9ab4,7083.0,2024-04-28
ea6cb95c128c3b40f09e8ee52cb573ed,6196.0,2024-04-24
ea6d2b1de51ecbf598a91af94334a84d,6582.0,2024-04-28
ea6e2a560751d825ab2fb76c9bf4931a,8139.0,2024-04-27
ea6f8ea72f3347256607042715192bca,7720.0,2024-04-26
ea7380c96d8c7fb3302609114640c804,5665.0,2024-04-28
ea74063a7ba75249c6ddcb5b4dba98a4,5676.0,2024-04-25
ea7744379cbb0fbcec4adad69fc40a82,3586.0,2024-04-25
ea86981dd7ca204c32127311f77e3e05,3399.0,2024-04-26
ea88019a016f21c661d5e6d1ecfee564,3771.0,2024-04-27
ea89779f46f34c1bf3a9ca5c9656b91a,2841.0,2024-04-27
ea8ac85c6c18103579d5bc2b3636e3a5,5267.0,2024-04-28
ea8bc264caf60ad3d420de63dd229e32,11398.0,2024-04-24
ea8c6621e8b3bd88e1614950d11533fc,5266.0,2024-04-24
ea8fe6a0567dd2b84cd121dcd57b398a,3031.0,2024-04-28
ea95f568f78269b151b85e08205dcf03,1603.0,2024-04-29
ea96bc39dfba01e1c8bb9e4740b3a40a,3181.0,2024-04-25
ea9744d641a3798f9ae923c917a10b2c,6890.0,2024-04-28
ea9928e0bf517ff7b0ee8905629fb43d,5984.0,2024-04-26
ea9932178bbd52ac40231054d4fb09d5,3746.0,2024-04-27
ea99931450185038318185651119dbf7,7564.0,2024-04-28
ea9a3609d6c0d9e77a5c6dc4233df243,3662.0,2024-04-26
eaa828c017ff7e41f2336daee86bfd2b,4703.0,2024-04-25
eaac2bd52b148b8f697cd0c6a6371685,6532.0,2024-04-23
eab0f374b2533abe95535f056de12625,8891.0,2024-04-27
eab5ecf2d31011ac8727188eee6eca7d,14035.0,2024-04-25
eab73a237b6e47f02512b69d49595b85,6848.0,2024-04-27
eab9b743bce457b6c7923eceff6943ad,4349.0,2024-04-26
eabe8443d8af0d005a196716282cb1a9,4012.0,2024-04-26
eac193d610e9bc6164ad4ab07da30ca2,3823.0,2024-04-29
eac54321a08022c0ca39d6506a155abe,8135.0,2024-04-27
eac54f12abeeb6e545bcac9c5ccd6481,4810.0,2024-04-25
eac6a9b13691be707f34a5d685f5b062,10485.0,2024-04-24
eac8181f98555d6e16f05dddbe0ff420,5352.0,2024-04-26
eace1887cc8140b7e8f386053aaa4c76,6665.0,2024-04-25
ead373c0f720b74014cc92f5eff25fdf,5902.0,2024-04-25
eae081fd2119aedc792fc00410cc5ac9,4857.0,2024-04-24
eae8c32ee8859b1e9ab9afc8a4d74287,3371.0,2024-04-26
eae920c2960aa7a6c40732b3eeb6804e,7151.0,2024-04-25
eae9783b953aaa9ec3e102656f01e583,2227.0,2024-04-28
eaefb65e5cc258aa2bf79f764315fee5,5104.0,2024-04-29
eaf1ce63d12f062a6f8611998328ee43,1461.0,2024-04-28
eaf66e7edcaad08b9339784f45185547,4485.0,2024-04-24
eaf93c87213e0c4ccdebe3abdc1583dc,7337.0,2024-04-25
eaf971852e04e61fd83f7d90fb4d7cdb,6451.0,2024-04-28
eaff3c32c18f6ef717733f606125263a,4607.0,2024-04-25
eb01adb2a79162d5d5d8d9906d746268,7259.0,2024-04-24
eb03cedb69e129c549c836304435d719,10144.0,2024-04-29
eb0c048e6447a3f2cd7d845d2cc65c6d,3539.0,2024-04-23
eb0f194d276fe4129740f4e040bf0709,4438.0,2024-04-26
eb0f7622197c845fc3161430760eca40,6243.0,2024-04-25
eb10bd077c47764edb1c3b6497943d30,10658.0,2024-04-23
eb160f8ffbe521ef37f996486ba81c76,5530.0,2024-04-23
eb1faae5690d34c630b3458961d7f1a2,1970.0,2024-04-23
eb222a2ad8ca7d3493ea3fc5a66e24b2,4829.0,2024-04-28
eb24500c92fa3d9ff2f7af0271a8e70f,4706.0,2024-04-25
eb248973aa102f908964393a638bdcaa,1806.0,2024-04-28
eb269b1af13b9553e6e72bb12787188a,4425.0,2024-04-25
eb29487af87ad3dc0e5b3f39c44acb1d,7749.0,2024-04-25
eb2e8e36d10cf92fe2623d01f3bf8d4a,5918.0,2024-04-23
eb3015c470a2339ae65f8d452baaf8fc,3408.0,2024-04-27
eb3129cdaeb10d7503bdcfa43a71e1aa,10867.0,2024-04-28
eb341da9d090001275a952d4d421273a,3182.0,2024-04-29
eb357d57108595eb52f87ede6754c7f2,7245.0,2024-04-23
eb3faf91b443e70a70eb94b41b975663,5096.0,2024-04-23
eb416cbdbd0662765a01d46328377be8,6270.0,2024-04-27
eb43d434528831a0ebb28747aa178e98,6762.0,2024-04-23
eb45634c943a65f221634d4252694a98,5458.0,2024-04-23
eb47fba475a21c07b893d0a38ff33049,6497.0,2024-04-28
eb483dffdcd8723ae83fd221704ff9fc,2740.0,2024-04-27
eb49883a3cf62ee6ccbaa10adb09df49,7529.0,2024-04-26
eb4ae430ecd89b3fe9044680f093d1f7,7209.0,2024-04-23
eb4bf007677c2dc00c9be927d7278fc3,4169.0,2024-04-29
eb50e08108f332cfbdb8bb6566230757,5471.0,2024-04-29
eb53aa5b76dd980dc94a18ed80e67a97,5996.0,2024-04-27
eb553ace87d318e470dd11663950f4b1,5296.0,2024-04-24
eb57d540390cd8d2d8989c419e30ff8a,5352.0,2024-04-26
eb6132dc0d19792e7a95c639be0c87cb,9426.0,2024-04-25
eb666e892959ec7b345ef527f72e57f7,10241.0,2024-04-23
eb6da7a4efcb681d031843fffa1316fb,2987.0,2024-04-24
eb735cec574150f7edc84c56e69a80c9,5559.0,2024-04-28
eb7bd6d7640eac623dcf6997d3c8d54d,3022.0,2024-04-28
eb7fe5bd5d758a2a79e6f54a0fefefb6,9235.0,2024-04-28
eb81bd98eddfa8bc8a140df1ac1d3c54,3836.0,2024-04-27
eb8465da73d0f3ff0254c1fb61a3df91,6934.0,2024-04-27
eb84f7c4e2588603146ce7a99954316e,5588.0,2024-04-25
eb86dc6b32053948121b54c42e602a6e,6940.0,2024-04-23
eb882f457c28669d833e54f8289540f1,1494.0,2024-04-23
eb895e66c028778a27dc7f8b97aaf8ff,4013.0,2024-04-26
eb8eeee4c09bc9d53e2c769ca68e4703,5592.0,2024-04-23
eb8fdbc9766e06049af7cade63916500,5720.0,2024-04-26
eb9075437ac1e2e703bfc790ecb3b366,4004.0,2024-04-27
eb92ade0b2369be2de3aaf22eaa0904a,3076.0,2024-04-24
eb933bff8b58aefdb3530f79f33ab1b8,7486.0,2024-04-27
eb9cd21985004734cf18442b1e82eb65,5551.0,2024-04-29
eba1d614f56d4e287073690ca0660c9e,4192.0,2024-04-29
eba3a9f8bff5aab0bd67f652e6b63066,4881.0,2024-04-27
eba4aeaaf90cad3efc930c79f8a1b44c,8288.0,2024-04-27
ebadd8cb7a4c5d4b62193399afafd571,9553.0,2024-04-26
ebae55c362b83b12f1d1a05aa68cb2dd,4069.0,2024-04-23
ebaf90b8b00e5e360eb748f94ee90d02,6474.0,2024-04-28
ebaf95ecd8eca46f0b87c99e378e3b74,7303.0,2024-04-27
ebb547fc61b59bf395e23c0558340e65,6458.0,2024-04-27
ebb8cd31b0a55a57557afd0e8cb31629,7944.0,2024-04-23
ebba2116eda0b8f6984b2d3ada9054a8,4259.0,2024-04-29
ebbf1fd37a1cf5627b1416d862cbcc09,7847.0,2024-04-29
ebc213c26ba9903d84bd57c77b96c156,4153.0,2024-04-28
ebc3422cb5d37c707ac018b94a536ac7,3372.0,2024-04-23
ebcb5a87b2b069d39ba4f4563e544693,6553.0,2024-04-27
ebcb872b392823fa9c7c97a06c608341,5117.0,2024-04-28
ebd3eeec083bf56898ad0835fbdf43d0,11625.0,2024-04-28
ebd6fe468d3b3d0ae377997c3043dc58,5102.0,2024-04-27
ebdc50b0cb4b76f3edf01d06a9e6a737,3112.0,2024-04-28
ebdffacbac031b6a9d0c9e5bf2792292,3643.0,2024-04-26
ebe89c91ae7cfa42136305295b32d830,4735.0,2024-04-26
ebf1bdafb0d6eab2480db62943b8ab8d,4800.0,2024-04-23
ebf3da8f88af02a39dc141a0aafd1062,7874.0,2024-04-25
ebf4573f4945e9338405827e1e474d47,10346.0,2024-04-25
ec068cc3d144c9f328d261fa8977990b,7329.0,2024-04-26
ec0b67d455f1fa69482ca44b1de1df8f,5511.0,2024-04-29
ec0b900f241c8a5456263d03a965aea7,9025.0,2024-04-23
ec0db31706969d58b9a29809ff6cc7b6,11646.0,2024-04-28
ec0e7f71bcfbd6b85f8508368d70f71f,7804.0,2024-04-29
ec0f073979d0c5e8e2e0fdbb24efebb4,4557.0,2024-04-27
ec0f1969e7bdc61a9776a656519f02c8,6247.0,2024-04-27
ec10ce389ce830911e2f7ed9a18ddea9,2453.0,2024-04-25
ec1279e4fd5f526bae430e7286d68ade,6249.0,2024-04-26
ec1f474de902bde99c5a72886415d830,4677.0,2024-04-29
ec2460980051d04515e7a768f6be5568,4316.0,2024-04-26
ec2fc11001ac803c124eaf6c889d2b0b,5651.0,2024-04-25
ec3442af8d79bd046bcaf865726bdc3f,9562.0,2024-04-28
ec44e7f7440c9683fc2d581fa431ba43,3438.0,2024-04-23
ec48472a0cc9747f15bb7b1659a2cff4,1545.0,2024-04-25
ec4cc95e3a32ae6aa122dd149f63617f,5870.0,2024-04-24
ec5194fe0cb521181ef698254183c0de,10023.0,2024-04-26
ec5702dd52236a6c8f6adebb9b3cf580,5118.0,2024-04-23
ec58f534ffa0037dab463e8b9ea09c8b,5944.0,2024-04-24
ec59b3c0fcb70cfde267d8f5e13d8c97,4141.0,2024-04-23
ec5bf472ed9076e9a969b22b940fba9a,3975.0,2024-04-28
ec5e645128d8f651e07a72c68aa99e72,5112.0,2024-04-29
ec6344708878f1fcb168f6139a49f297,6273.0,2024-04-29
ec6c062cece00fd250f692f6b1dfdb00,4023.0,2024-04-28
ec6c0b921320b31dd6744a114ce51500,7948.0,2024-04-23
ec6e29b85ae935521c9dc35a0b0626c6,8392.0,2024-04-28
ec6e55873afefc1c0ed2fb70c53dc2e5,5366.0,2024-04-26
ec707e55efcffc5f3b6702e2614d0f8f,11868.0,2024-04-27
ec7103c48006aadbf602e8d630b1b7bf,3660.0,2024-04-29
ec733b0d6283b851ed39d13aac700b1f,6550.0,2024-04-26
ec77e5553b8c3c4efa5b5207cf9f754c,2636.0,2024-04-28
ec7efbb41f7e2836b95865a6993f76fc,6407.0,2024-04-26
ec81e8860526f74e77ae840a89e4c851,3888.0,2024-04-29
ec86b0b6144060f8f321e5e249718433,9572.0,2024-04-28
ec8a58eff349d61ea34e2ee9ad7de848,5247.0,2024-04-25
ec949d716345b0fabb6c76d38f6b78aa,7198.0,2024-04-27
ec956d6f2e677be583a534a7bf8c7395,3629.0,2024-04-27
ec96dba3087288ceebd35af4f0cd5c25,2828.0,2024-04-23
ec9952059467b67d328daf5d7c50f7c9,4986.0,2024-04-23
ec99535e455fc67aa0f6c7a7a9a33965,4764.0,2024-04-26
eca0abb0e97639df96dba9fa93dca3d8,10088.0,2024-04-27
eca4c820dfdd6fd0745271199c66a4ea,4358.0,2024-04-28
eca954f9814cbd5704597edd05e21061,3956.0,2024-04-27
eca95f8204ce7a3c5708d2e1ffcb3d28,9044.0,2024-04-23
ecab6b8a7cf9094ed408833a2f68b11d,4082.0,2024-04-27
ecab8709045e7d7b1c19214b3f855cdc,7622.0,2024-04-25
ecae9efcaa6db41970e018ae41f6d114,5657.0,2024-04-26
ecb6bcac6411dceff4bb24ff11bdc36a,6121.0,2024-04-24
ecb6f3e5ae5df12022051f20a7a92e54,4470.0,2024-04-28
ecb885c87ff6ec50e797ab6004724260,15369.0,2024-04-29
ecc124e4e6d992709fb6827f3d858eef,1520.0,2024-04-29
ecc13b3c56311be7b8a3df0826d8e3a6,1382.0,2024-04-23
ecc7fc986e129fd4fb0ac52ef469da0f,1723.0,2024-04-29
ecc87e0fc3ac1885c857e6e65350d79d,2274.0,2024-04-23
eccd6b614cea8b47f36bccccb5161bc3,3869.0,2024-04-28
ecd477fdf47cb08a25ed2fe5166bd30e,6558.0,2024-04-23
ecd5c16780b4b17b89351f76e6c7c29c,8493.0,2024-04-28
ecde10ec1970b5ca24e40d0c3ace8fec,7795.0,2024-04-24
ece18decfb9fc46c920edfd049a15010,4188.0,2024-04-23
ece398c4fd63c97e90fe4d46015efa84,2416.0,2024-04-23
eceb012af64265953560c65d5f61ccc4,3329.0,2024-04-28
ecebe2b42e364f4eed9f00404df84622,2379.0,2024-04-27
ecec27a0feeb43345962bad04fcb9e60,3025.0,2024-04-25
ecf1aba8c64c1ee62f6fff383a4ff9b5,5652.0,2024-04-26
ecf45dfb3bf28239a6706f82f1cf988d,6324.0,2024-04-25
ecf554abcac58e2dfc511d1d1461e6e5,8826.0,2024-04-26
ecf627c2b2636edf80c6211791ab0a16,4725.0,2024-04-23
ecffc4e65eb01ac26e26b49bff29411d,8462.0,2024-04-27
ed041d55d4988d8abb4ebdd7a53194b7,10161.0,2024-04-25
ed0552b1e56be8f32618c66f6e54c650,1875.0,2024-04-24
ed07c81c0a78b40db4a84b67bdf75149,5264.0,2024-04-24
ed1052914d92292ccc36cb45e4923053,12038.0,2024-04-25
ed16d238110e295b5a25b9fed1599deb,2933.0,2024-04-23
ed1742a89d5074295536e42e5b080362,9127.0,2024-04-26
ed174811ed3bfa19e52a63ede50636b5,6811.0,2024-04-23
ed1c9bdd5dc8cddafc65c4cc14e3e05e,4583.0,2024-04-25
ed1e67185da82206122326b51534dfdd,4358.0,2024-04-27
ed1f4ebbd601db471428a79c5019a1a0,5573.0,2024-04-29
ed20301a34acddfa0b3973bd55c21489,10596.0,2024-04-28
ed24f605d1067960cf7f8ca1dc360932,5371.0,2024-04-26
ed257c073d697ab6dc222e8ff13bf3a3,3244.0,2024-04-24
ed2a163f22c20bf49997932c2fedee9e,5685.0,2024-04-29
ed2af41114737cadfe5bcc87c018e8ef,4941.0,2024-04-29
ed2f6e0e879fa74418e3b8582466eff2,6098.0,2024-04-26
ed3032e343c921ef10553da50c26d77a,2600.0,2024-04-29
ed313313dc264fd2535b19298620f266,7936.0,2024-04-24
ed316bdd38281c46f8c89d3f617b14f6,3833.0,2024-04-29
ed327e3445b1db6853258fea3a766a00,5442.0,2024-04-25
ed3386b22233403ab5c885b8b06407be,1478.0,2024-04-29
ed3ce5083c16bf45f0844454fc761139,10854.0,2024-04-29
ed3ef096884175033bcfd4e7cd70c07b,5829.0,2024-04-26
ed44feb8b25d2e98b65671d6be04391f,7298.0,2024-04-27
ed481c5cd18d3dd39fad2fe851f8f579,2608.0,2024-04-26
ed63773402b2a01a4dff9d99882c2548,8220.0,2024-04-23
ed65090442d89ee032822e9137feaea0,3299.0,2024-04-27
ed66c5e2e2859828afd9407f8c95d995,7453.0,2024-04-28
ed674c7a778173785edfc378705253df,6854.0,2024-04-23
ed6b44a14acd9711ede554baead40e18,5325.0,2024-04-24
ed6ca278589ac5b4da12bc99593fc290,5195.0,2024-04-26
ed6ce776514b6f515605712e92f1899f,4650.0,2024-04-24
ed715055cd2b3a95e09180b00f451f51,5386.0,2024-04-23
ed71ae3bfb86ac4a87a216f632b29e15,1314.0,2024-04-24
ed72d5326c09f995a72920d355f163e2,1819.0,2024-04-26
ed74af7e07c25626ef53ba4f0ebefb2b,4358.0,2024-04-25
ed7b4ed5d2f8a6cb196dc8d21ca32c13,9148.0,2024-04-28
ed7d0f4bd5037da831bb170f165796c1,3511.0,2024-04-23
ed8a5ab5ad44b9f08da3a9adac6bb1ef,7478.0,2024-04-29
ed8c8e9cde370d6b9d4df4222e1d06c0,8439.0,2024-04-24
ed94544ff5279ccf3518fac7c3e4973c,4115.0,2024-04-26
ed957ba757d953ff078f37757f721311,18759.0,2024-04-26
ed998bc4ff907fa3e24c20bec48aee9e,2533.0,2024-04-27
ed9cff95d410fecb5f447c96538d7a4c,9741.0,2024-04-25
eda164bab3d49fc21aa3897cf83eca3e,7522.0,2024-04-23
eda40c52f4fc316dec2aeb5d85d07875,5901.0,2024-04-26
edae8df74af64498e1f804ca60bda7b3,3187.0,2024-04-27
edb8b236409b10a21d28d8186474eab4,9065.0,2024-04-28
edb94df37d797b95e8a278ee4facc707,2607.0,2024-04-25
edbab6f54391acb8c23c5d9bab1f3c19,4121.0,2024-04-25
edbad3bb4f8c24d61e56bda8d10713ea,2485.0,2024-04-26
edc0482e074aab3a9fb9c309899e6702,8847.0,2024-04-25
edc122cf473b2bfe93c79b3c93e64476,4889.0,2024-04-23
edc6176a97b955e0cfcbe8abf5ed7fb4,5589.0,2024-04-23
edc7395f02069b9c77f42a02514f520b,3918.0,2024-04-25
edc83bbeae827caafddf9814ac3bed5e,7258.0,2024-04-23
edc850906f46f24397747ee3a67190ea,1865.0,2024-04-28
edc95c83fa709ca6ccf7d95f70949d00,5198.0,2024-04-28
edcdc1504ee69e7d6a4a59b41636a3ef,7245.0,2024-04-26
edd08227406f173b43632b6d3d742521,5218.0,2024-04-24
edd6b5b3f0a58c0253d9152d25351acd,9863.0,2024-04-29
edd9981b2d942515c10a2005750b1a1f,2795.0,2024-04-23
ede3b4fd6bf4bfae7393b550f2ac58fd,4192.0,2024-04-24
ede40640288e9c75c2cb9f75ae7c75bd,8410.0,2024-04-27
ede4e44196fbd925308ba55da2386737,7394.0,2024-04-26
edec0ea4c0edc628bdc143c5b176e14f,6653.0,2024-04-29
edec8b7fc62f306021022d1337fdf153,6981.0,2024-04-29
edef5cc4fec6a780220c22c0f61a1040,1910.0,2024-04-25
edefecabb05fdbdda406a56f38d6810e,4382.0,2024-04-29
edf1485d18d4366a875a275d737225fc,6011.0,2024-04-25
edf6254a8f7c602a92c6e6f0a8c0a46b,4074.0,2024-04-25
edff984a306d1111896e7695f368c7a4,4330.0,2024-04-27
ee0e5a6ff85c850c046bd3f969318612,5259.0,2024-04-26
ee0f09926cae365ddba497d847edb7d3,5081.0,2024-04-27
ee0fdf936d21f035706829c57c81c305,6398.0,2024-04-26
ee113519a0dbbec262c721295723edf9,3671.0,2024-04-29
ee13b2b62e724924c62e13a530d9e53f,8875.0,2024-04-23
ee16bbb7d013f086dc206fed6564441f,1605.0,2024-04-23
ee19384bda8a5d000ea7b38f112be892,10107.0,2024-04-25
ee1c70c6bc4036dbba2c69cc9c771c12,2973.0,2024-04-26
ee1f47e9ef828766b1e82e2a1e332bbc,7829.0,2024-04-28
ee23feb2907dbce7d8a3fdefe77088b5,8932.0,2024-04-29
ee2582418e4dcc616305f2bd914c0a86,6384.0,2024-04-25
ee26eb7566abc7d383648067f17c3d09,10016.0,2024-04-25
ee277d248e9a2d70b68cf4131357cd90,6583.0,2024-04-27
ee2846b686eb88042c3080e3776b4540,4199.0,2024-04-25
ee28935e5f7c4d1f7dd396e6b33b40cf,6280.0,2024-04-25
ee2b2da7f279df7aa8378cb4226154fe,2984.0,2024-04-25
ee2f806648631c6e0aeb11b8eae70139,6152.0,2024-04-26
ee300ffc6be3b0d75cb09a91388788c8,6652.0,2024-04-25
ee340f0a4ea68a5c52eb08e2f1181ac9,2996.0,2024-04-23
ee341b1930200a829f7f7040a820cafe,7942.0,2024-04-24
ee354b93e7204e28e8f7fa6b987be1e5,2285.0,2024-04-28
ee3722a9926bdff517c9326665354cfd,9584.0,2024-04-29
ee391548cff10d3a04ef70fbae4f3d2c,4168.0,2024-04-29
ee46c4f4bbacd332510c340aa669ec85,7564.0,2024-04-25
ee49692cdbbeb1d0e06a4549cbce92dc,7483.0,2024-04-27
ee496da731e02b747878ae512e4814f1,8456.0,2024-04-26
ee52830db0c12e26ab6aff5341289f83,5107.0,2024-04-26
ee52d86559501bc164dbb278ec47bfc6,6269.0,2024-04-24
ee5ab9704a5451a35b3ee815b7be66d8,5480.0,2024-04-25
ee5b43496d7cb594489211655e31c91a,3562.0,2024-04-25
ee653d0a3335913a87ac7aadf6c9a30c,2916.0,2024-04-29
ee668eb9db7c465ef85f864962d2d539,9302.0,2024-04-29
ee6711e879af617c3c3befc260b0334d,2848.0,2024-04-27
ee6ad37f27d95e2a0c4dfd38ee3087da,1231.0,2024-04-25
ee6f46bc28e5b3dc893cc931bd20ad36,3102.0,2024-04-24
ee768fecaa732b3e2dcb2ed99c4112cf,6060.0,2024-04-24
ee76f140d60c9466dd9213370ef4bd9f,6190.0,2024-04-29
ee7dc3bca3a843e8302dcc0c8d6c19b3,2180.0,2024-04-28
ee83e08ae545942b29450f28bfd38f1d,3989.0,2024-04-27
ee844362c832620d42de41165170c28b,7373.0,2024-04-27
ee849d864760edeec011b8512e1d5ee4,4729.0,2024-04-28
ee882d9b1459853765dbd8c876f6d886,3439.0,2024-04-29
ee8bc19c5315eb2cbbdbc68e4807bef3,2181.0,2024-04-28
ee8df2aee1ef9386ad586b4c2913fa8d,5949.0,2024-04-27
ee8ee6a25cd8627032b0e6a6cb287542,1997.0,2024-04-29
ee903d01f558a0d2f721c7f205b28757,3911.0,2024-04-23
ee98041eb403164ef3af47da3199d168,3456.0,2024-04-27
ee999ee92e3ff92858e616c306235fec,4865.0,2024-04-24
ee9c328e24fee34e84c07ffba38a6e9c,6726.0,2024-04-23
eea7c83c59851e2a2b6385db9170f9cd,4920.0,2024-04-23
eea8969618a2267ae54626a4e3a1fdc2,5832.0,2024-04-25
eea8e7095b55dd140bfafa101d8fc3c6,9251.0,2024-04-26
eeabce6d5f33e04484a93c5380ece8dc,5929.0,2024-04-26
eeb24625acc08c891b4208b3570b4a83,5546.0,2024-04-29
eeb2590b3cc343a2d3462cc8b84c252e,4840.0,2024-04-27
eeb2ce9c10095d677f5dd934858ab6ce,9601.0,2024-04-24
eeb40bf7a5ff949c06968444735d15e5,10298.0,2024-04-29
eeb572e9ecac37927b4547079345e947,8293.0,2024-04-27
eeb5b65a1579c71a39da526f53be1b84,6326.0,2024-04-26
eeb74876a4bf8383d564ce48cf8b2602,5318.0,2024-04-26
eebadaa1a413e73f3ca260b4dc398c7f,3464.0,2024-04-27
eebae84f43a049a1dfdd6b0f1f2ae8e0,5163.0,2024-04-26
eebc2d436bb76e4798ebe146bb5a6c50,4778.0,2024-04-29
eebf51c4016835dfb15aa9b9c23c2bd3,934.0,2024-04-24
eec8336255ebbd14dac0cbdb08f0f4fc,4059.0,2024-04-23
eeca57bbc42b138411a1815b7d484664,9230.0,2024-04-27
eecb2286dd10bf91f29be35ea786d2d6,8106.0,2024-04-29
eecc1a4b3de6ed58dbed100afc65a1ff,3183.0,2024-04-24
eece1942c56ea672f598c62394514bd9,3885.0,2024-04-28
eed4c20a3f960c06e1a1762d2f26acc0,4913.0,2024-04-28
eed7c146518540cfc3ba860573d5d94a,5040.0,2024-04-28
eedff7b116b459ec50ca035d13397a28,3761.0,2024-04-29
eee0acab5104ae3e6f0b5aabc7d8f679,3876.0,2024-04-28
eee33782570eb361e8720b70ebb3e797,8332.0,2024-04-24
eee5adce76722b6f5846332cc1daf0a8,7689.0,2024-04-29
eeea35ad278a5ac6f6e553484b9ef898,4966.0,2024-04-25
eeea3cf32db9254c76ea0b1e3e07a45e,5249.0,2024-04-24
eeec1ccb3cee558a967d6e53ffdf8028,2041.0,2024-04-25
eeec38d6941b7804d2e2dab54c15c128,2137.0,2024-04-28
eeed4f2177eb08f5a39601b71ddf6835,11076.0,2024-04-23
ef01ce2198e9d46875fc0de8712577f1,2522.0,2024-04-23
ef034eaf6954d3c18f854ad1528603a7,4584.0,2024-04-23
ef054ce95ed03b94581237e68cda0718,4858.0,2024-04-25
ef0e759279f92d49b28f7b4ad035e4e7,7907.0,2024-04-25
ef15fa5cece0bae3dac56eadb6902603,3445.0,2024-04-29
ef15fd9bfe4f0f8343d786eb243814ee,2782.0,2024-04-25
ef16ec32d660d937d09c9fbcfe056bc9,2714.0,2024-04-28
ef189844098f0dadad0d326b1f9f62ab,3821.0,2024-04-24
ef19cd8b993f7c7e4b309b4a03c46e09,6831.0,2024-04-28
ef1ebe56a1e51ef9c6692fdf81e5d902,4627.0,2024-04-23
ef21908a333bde654c8b1e5251e84cf2,3938.0,2024-04-26
ef25f01fbe9c023dd062b87d307c5291,7290.0,2024-04-23
ef26e544250971c7ed0789b409ac76b9,7148.0,2024-04-25
ef28f347acf2d8d6dd38cc1a296f50ed,2570.0,2024-04-29
ef2ac20d98fb4b29e06c951524fce87f,4104.0,2024-04-29
ef2de1e5c837c17cd55bfac2d61475c3,6279.0,2024-04-25
ef2f5ac539f16a27fe0609bcf08e85de,8933.0,2024-04-25
ef315b5a58db466ef5bd9b7f8e5cafe6,5261.0,2024-04-26
ef37013dd3f197dba2f2ed06a4a485e7,4721.0,2024-04-29
ef37b329aaebe1271fca370f0e8a51fe,12655.0,2024-04-27
ef392b2bada999d3b860df3c5c9a68c2,8920.0,2024-04-23
ef3b794a48a5f9768fd9264b07815a98,9032.0,2024-04-28
ef3e76d412d95c2b0fd6b317987eab12,8843.0,2024-04-29
ef3fe0e2851d5aab21734badfc19f979,2747.0,2024-04-28
ef41c761c0dc1b01a8365fa42428c647,5645.0,2024-04-29
ef422311fa168013c30b18b3554a808b,6946.0,2024-04-28
ef46d67f36834c99480bf799376f838e,6461.0,2024-04-24
ef4c7efe6d20d94a2c130e5d4035c8b8,5619.0,2024-04-24
ef500dc724be44b8e69d7bbfde9b51cc,6053.0,2024-04-27
ef54513df5a018a35f1b4b2699c36712,4752.0,2024-04-27
ef559be62fa0f1b4380dbcdcf8d12aed,7929.0,2024-04-24
ef5cf14d728893ca52406ce485a9417f,6808.0,2024-04-25
ef5d929173a33f8446ac9de827946ffc,6682.0,2024-04-23
ef6b9a12d4a2555cef62abc29ec1f019,6273.0,2024-04-23
ef722f84e2e452825c1dec08464ab285,8055.0,2024-04-23
ef74144338ac655bc4a320ada4cc44dc,7902.0,2024-04-26
ef748dd96c76a0c5928067e7ada03e6e,3980.0,2024-04-26
ef773d8b0586c6701a60d58737e550ca,4223.0,2024-04-29
ef80b981497e22925bcdd6cfc54adfc0,4147.0,2024-04-23
ef81399887ac214855cc77b602a13960,3130.0,2024-04-25
ef82ed3824eddc63fdf0e5b7b8996cf5,2101.0,2024-04-29
ef839a863a82c62f193c8f92b4bd1872,4543.0,2024-04-24
ef8956a14ea9a6b324d8c83b97aab28e,8978.0,2024-04-27
ef89dc1b1381bc2c74b5baf33f9eddb5,8257.0,2024-04-29
ef8aca38c94bcf20688c2f1a4841548f,4353.0,2024-04-28
ef8b011f5452566207309663d98d0b6b,5204.0,2024-04-26
ef8c33ac470c8bc0cfa7ebf9548837df,7057.0,2024-04-26
ef8cb0ff3a25cbcb4280898c03f6441e,10964.0,2024-04-25
ef8cbbf38861abaea9d5b33a863d2e1a,4116.0,2024-04-29
ef9140cadd0437f6e148fc9f01128513,3647.0,2024-04-27
ef936fa702acdebeeed2594a713442bf,6003.0,2024-04-26
ef983f1dfa8b6b4e088b15ed4dab6327,6633.0,2024-04-23
ef9d5a97e1d4a75db36b30b17ff732e1,5472.0,2024-04-27
ef9ebcf4f8f7f7ae80b4d79ccf967d5e,5552.0,2024-04-28
ef9ee453eea4936584ef4127608c2645,4389.0,2024-04-26
efac76fa600088a36d5ffaf7147dc00d,7155.0,2024-04-26
efb07355d8516728e5d0719cc2b686c0,5357.0,2024-04-23
efb2609d4d04a3a4144794ccbf9ab36a,5865.0,2024-04-28
efb364121783b024907aa2bcb844538c,5194.0,2024-04-24
efb72fb1613e4d0ce0579d0ce1a595bf,4792.0,2024-04-28
efbb313fb8a359cd2c5d16c5acf66758,3957.0,2024-04-29
efbd684b23fb229a90a29d0efe13597b,2580.0,2024-04-27
efbf893e17941d997d97a2a27c628cff,2147.0,2024-04-29
efc007918841c7151ea8cd1e1ae51d60,11961.0,2024-04-26
efc2f5430486db29975072e3bd450a39,2695.0,2024-04-25
efc72c4b7a26ad2bb1f5c279dbbd5d9a,3185.0,2024-04-24
efc8635c9396abf7c7a80a8709874933,4687.0,2024-04-28
efca210b02ec0a005a54c026ad3689d2,7556.0,2024-04-27
efce00b588973b3cc69f01d8ae4367ef,10586.0,2024-04-27
efd26d864e31e4388c6e1229e4e51cfc,3165.0,2024-04-24
efd419d47ae72cf7d3eb7c9821613906,3701.0,2024-04-26
efd59bb68ebd251a98712cb8e439569f,5589.0,2024-04-25
efd75aa9dac63db5d9c86ad720fd07de,7268.0,2024-04-29
efd922d4eb2ecce41b260b17d695b3a2,5727.0,2024-04-27
efe05102a08808aa08592747e39c46b6,10513.0,2024-04-26
efe0aa6e412a79cda8c6918554538b22,9408.0,2024-04-25
efe569a6709beb74c5b5773fe44d3165,3422.0,2024-04-24
efee347c3663350e96f67c6ec5a1a50a,6141.0,2024-04-23
eff49ddae9635420ef6aca22556d3e01,4782.0,2024-04-24
eff6521c97b9fe33ff506335b25ddc7d,4490.0,2024-04-26
effaa7cdbea1cd80a93bf856b0b516ad,3744.0,2024-04-29
f000b735c4f4ae1e050ed43c6cff6e04,4036.0,2024-04-25
f0014124a83150defcb71461f266e57d,4730.0,2024-04-26
f006ca7ab99b8ef27f741f8aa1830b26,7363.0,2024-04-27
f00934006012a84911d33ef3ee86633d,8201.0,2024-04-23
f00a2c118731de397f5bf9fd645b1e3a,5740.0,2024-04-24
f00e02609b5b43350d132592930587ee,9859.0,2024-04-26
f026437aca93a21dd792393c4ca88995,5820.0,2024-04-27
f0282bb1c834e9934925476e5200ee80,2359.0,2024-04-26
f028de4b47058d15b0de05642b3852e9,6115.0,2024-04-23
f0298d4b61b0eb17efbc6163ed39181a,3541.0,2024-04-28
f02b86ab2799d03e966ffff1b85e1aac,5679.0,2024-04-23
f02c97e13373601fa22ff5b569b35fda,2138.0,2024-04-25
f02df180e72e8edbab4f6a613ffcc620,4159.0,2024-04-29
f02e09c39784eac5bf65b8e5b00ad3da,3251.0,2024-04-26
f02fd39ce3e31d41fec7c910175f4c29,5701.0,2024-04-26
f031046f29129d8ae665b3cf69c27b5d,2527.0,2024-04-23
f0331da9574a81841c117fc277b4dce0,9725.0,2024-04-28
f0363259fa7de11cd7d92791cef6df37,2875.0,2024-04-23
f036d009a6410f8fea0e7046c3ea9ff0,2618.0,2024-04-24
f049ee4fd3271abff954f55757ee67d1,7728.0,2024-04-25
f04f83cf12ba9225d451a34f34f0b519,5411.0,2024-04-26
f050d1e02749e95775a1e4720a1bd82f,5635.0,2024-04-29
f05300dbab7beb9e9c54493b0b96c169,10830.0,2024-04-25
f05ba589ad47df3fcefcb6dde0ba3eff,9441.0,2024-04-25
f05f14d72e2f3b541d4b8e049f21249b,6708.0,2024-04-29
f06296426af33f616654e19a73999450,6982.0,2024-04-24
f0635ad5f677fcfe0d92fc81f8bd2366,3554.0,2024-04-23
f06675b27d8eed027fcdca7a1afb97a3,9621.0,2024-04-28
f06c7abda3d2869ad01d77dd7c068d9b,4352.0,2024-04-28
f0711702e6f72736daee2f46e89ad797,5041.0,2024-04-27
f076b968eec9073a89fda2d7dd971f7e,4257.0,2024-04-29
f077192c6700627dccad67eb20e808a1,3046.0,2024-04-23
f077c608634a27c7bcb41648cec2466b,3375.0,2024-04-24
f077e2a22338cfe03836cba08d3e9e59,3061.0,2024-04-23
f07ac56fc3d4fbde75f9a96a1b951097,4943.0,2024-04-28
f07b6cf8562251919490f1b28f983f72,7972.0,2024-04-24
f07d66625428f2e37d185180e92a93d5,2562.0,2024-04-27
f07dc49f842bf41b5912a3b42d257589,6150.0,2024-04-27
f07dd31efb8e717900035dd7fd6a65d4,7215.0,2024-04-24
f0826479cbc4805ade42e44c93625878,1658.0,2024-04-24
f08399861d29c4579309db13b862cba0,11605.0,2024-04-25
f084505b7c3604d42c8e22dc80dfdf6d,5190.0,2024-04-24
f0846106d0c5067bea0c4ba16e47a44c,3102.0,2024-04-25
f08574bb43a367b3d67f7a9810d8affc,8572.0,2024-04-25
f08d05cc804cb82eb8b9697a6c0e7064,3998.0,2024-04-24
f09a5917d1038a090afe077b9307d21a,788.0,2024-04-25
f0a10dbaa6d37e1fb1218b42ef03f301,5135.0,2024-04-28
f0a20fba73afa24e5c4bc4702a6fdc03,6307.0,2024-04-26
f0a901ccfa5b7385fdc7605899938e22,3046.0,2024-04-28
f0a92d9253d335d8ad1ef0cef4bd96f0,1999.0,2024-04-23
f0b3f7d9f7a63b81c63887753edb0fb9,4224.0,2024-04-26
f0b491d07a1dfce3f29de47238a7e87a,3425.0,2024-04-26
f0b4a080666276584702ce33c0359d53,3082.0,2024-04-27
f0b4fc5f1417fa2ddc05c4d148b1af55,10308.0,2024-04-27
f0b60364c9fd4b8362ce66c4f699e92c,3844.0,2024-04-24
f0b6297f495d0225ffc2ff259318131b,13998.0,2024-04-23
f0bad777bed14d722462270587ee4f98,5844.0,2024-04-23
f0c035394afc0dfe92efca2c4cc297b7,9294.0,2024-04-24
f0c18e71d2e8dd8d8e13b60a497f6c56,2725.0,2024-04-25
f0c4864f4b881051ffaaf12679b89d17,4473.0,2024-04-27
f0d08c48d1e34cb1cfb82da1a96820c1,2451.0,2024-04-29
f0d4c53b3b2adf69ca0d233b1b88782c,8732.0,2024-04-28
f0d4ed081b703b133445b9eb9e80ee2e,3764.0,2024-04-28
f0d54e19e0386b9a6e96e3288d6c7faf,5981.0,2024-04-25
f0d8b28e86ee7f9c17aa1cb567dec791,5324.0,2024-04-26
f0ddb332ba1794494f8959678726b510,11129.0,2024-04-24
f0e0670218f9b342e769fd3ccc6b34ee,20085.0,2024-04-26
f0e3e395f4ecb83093410d2d95cf1db5,2002.0,2024-04-24
f0e66abe117a18965b742fea30a5bcc1,6515.0,2024-04-26
f0ea8fb9dc3f170f6e6bec6e07efed5b,3326.0,2024-04-26
f0eb1b1ae0f5398221c1c08919dbdc22,7948.0,2024-04-24
f0eb7d32d6a62ed027eb2443221e5f35,2889.0,2024-04-28
f0ef1ee0ac6177e1164555b20f65e66a,8521.0,2024-04-23
f0ef3ea9f9d079f0ae4625807c4063b5,3465.0,2024-04-29
f0f219bb480cf6ac3c8a8e19e94da293,4269.0,2024-04-27
f0f34b8b1d11e181355f382a93d33583,9692.0,2024-04-23
f0f6082b36cd1f500e39f0d4348298db,9580.0,2024-04-24
f0f7774f27411780f015369e83e99e67,9625.0,2024-04-29
f0fbc4f22d811b7ad818ee31cae5495f,4279.0,2024-04-25
f0fc07ae4dae5a4aa3764c82c8f6978d,3501.0,2024-04-23
f103e589bd8be97f42cb7457f41d71ee,4248.0,2024-04-26
f115c2480b23f586fd2f375cfcc6b91d,5303.0,2024-04-24
f11d8f0eef114383f5700bcd9faf3e6b,3726.0,2024-04-28
f12080ca403ee7a1a800ae81fadd25d7,8121.0,2024-04-27
f1234246aef3adcd3e7d6ae3b7987c70,3407.0,2024-04-26
f1264e3b38c5e3c5e05bca8a077f95ea,4884.0,2024-04-23
f1270fbf324dbdc5b6e7174e64ee525e,9372.0,2024-04-28
f1288e3cdc4c59973c06c2a3009e9ac2,4734.0,2024-04-25
f1337bf9964855ef8581b9a6c44d6a76,2411.0,2024-04-27
f136d47662d6e86b7981f558557a811e,10123.0,2024-04-23
f13ca1dac84c67b552933bd574b7ccb8,1395.0,2024-04-29
f13e38fb4643bf119e822c9b60928182,3599.0,2024-04-24
f13ecace5d618ae8ec2faac336a3f354,5947.0,2024-04-26
f14269b675b4bd7f1b6c990525497472,3009.0,2024-04-28
f14883ccd9e9ae8a05f3131bad4fe295,3704.0,2024-04-24
f1503c89eba06989c27a631a4ea64a46,4956.0,2024-04-29
f15378e0758100eacdc70231ba7245a6,7779.0,2024-04-24
f154f96acb43a8de44581267df5d5a8b,3261.0,2024-04-24
f1599834a4ef6758b9d9d8c40eae2909,4677.0,2024-04-25
f15c055d0fea74904cffd00498887796,5279.0,2024-04-25
f15ea766b1b34b5979125a62d1f2375d,5489.0,2024-04-23
f16893c2ab5ecda84d718113c50d7b8e,7346.0,2024-04-29
f16c14c08b88116133fddc4d9cdf8168,8369.0,2024-04-27
f16cb3c0394d8daa6f4682328213166c,4914.0,2024-04-28
f16d6acf395e4ca0df8eade7b1e1e0e0,4669.0,2024-04-29
f16e0af7e4e50e159211525ef00b21cf,7673.0,2024-04-25
f174e65e3deb80ffd1eb384d516f1087,3284.0,2024-04-24
f1762bdc2044848da93d0a7d13661eed,5729.0,2024-04-29
f1764c75ad7149150b15f700b5437b50,2700.0,2024-04-23
f178c33e401c52e4e003c1bcc507d8a6,6344.0,2024-04-24
f18308cc2d2a533d31b22e9e4582f5d4,4350.0,2024-04-28
f18426c93ec3b73680d5ba21aa2380b0,9980.0,2024-04-29
f18b35ef9a849a6e0f6a6aac64477bf2,8663.0,2024-04-25
f18f52947a6ff97290775268fd1bd723,2946.0,2024-04-23
f192f212377eb27208f061a2eff2435e,9925.0,2024-04-26
f19a59f30a572e294292d849664d4789,7259.0,2024-04-27
f1a11ab13d5bafc6920c7c3518683cfa,1592.0,2024-04-28
f1a468fc30019cc0ef92fa23bd62d84d,6352.0,2024-04-29
f1a6ab567ec85be3675be1f19cfc4b68,5332.0,2024-04-24
f1a93037f73646b4142a3f08ec1b5a9e,2990.0,2024-04-27
f1a95152628fe4a85a47737dbeb5815a,4776.0,2024-04-27
f1b0cca0b17524ee86d208e841556f1f,7967.0,2024-04-26
f1b38129ff352106d32fdde731c8f96e,3449.0,2024-04-27
f1b4c0acc65d0b32696fd3fa349bcada,9269.0,2024-04-28
f1b5857c30feb907eaf6213c1e605509,7326.0,2024-04-23
f1ba1e4dd404b68a2a72961c3ea813f0,4056.0,2024-04-29
f1beeada01c699be39159c4dc3414902,6444.0,2024-04-26
f1bf8b0e4fc08920774a31187ca017dc,4494.0,2024-04-24
f1c36f5d8f0410396ee180abf20e4eda,9059.0,2024-04-29
f1c549d094eb0c7ac3fada74d77a8678,2420.0,2024-04-24
f1c619208171500d8c99d58727409148,6899.0,2024-04-25
f1ca47b891e4b673d34d3c3826d6de62,6608.0,2024-04-29
f1d056bda9f36cde0e46b52462c112a7,5720.0,2024-04-28
f1d2e9df480b0785a86d90230b127d58,5036.0,2024-04-26
f1d4216968fb932f6347958371493da3,1842.0,2024-04-25
f1d5c0f186d6355723c34519ac107e5f,4165.0,2024-04-29
f1dcdc68e88b16e5d78b1ef27e3e6a88,12426.0,2024-04-23
f1df67a0d9eba8bba5e4a8c2835eb259,10051.0,2024-04-28
f1dfdf035475628bee1e4d226965552b,2550.0,2024-04-25
f1e0855844009ee633dede709583d06c,12146.0,2024-04-24
f1e57181fa63e21f04fdcf343830534f,10281.0,2024-04-23
f1e6081adf5265bb1f6e58727fa142e0,8282.0,2024-04-24
f1e916b28653e3adce8634eb4d6c3ca8,6114.0,2024-04-26
f1f58557cc1832a8619306963de2b0b2,3613.0,2024-04-24
f1f879db9eb837abaf27d0cf24577568,2470.0,2024-04-23
f1fb902011a83faa95c8a8a38bbcc7ab,4795.0,2024-04-27
f1fb9b688e15cf2c10aae69ae53df17b,4629.0,2024-04-29
f2031eb021f50ce9b3ca09b9c3d7fe17,3285.0,2024-04-25
f20465470ca9d7a6d93fcb621c9f3ae3,2512.0,2024-04-28
f2048e765914468def0a10c58c42a2ee,8160.0,2024-04-23
f207ddc45cb397a323f24bb00c0c42ab,6494.0,2024-04-23
f216004ea0f56c0af2c9f78dfe1810fb,7256.0,2024-04-25
f221f270cfd2273fc3a38096cf7b2f7c,3134.0,2024-04-25
f22af9814d38861c489ed5959155670a,10095.0,2024-04-28
f22ea5b802b3f8c40914cce6ff5366df,6941.0,2024-04-27
f2316a61d0116b008f29bb30d77efc01,3484.0,2024-04-25
f233bec3235ceaaaeb5ddd1920f5b252,947.0,2024-04-23
f23727684e11529f460508d06bc3ffd5,4034.0,2024-04-28
f23a14c4673cf56575bebc35881b037d,2336.0,2024-04-25
f23bc976df41e7eafa74f47eaf78ed74,2164.0,2024-04-25
f23d71d648deca309daa03e6eef8614b,3917.0,2024-04-23
f24199f0fb3962876f00bc64b98c61e6,1733.0,2024-04-28
f242d084bd1d5017fc8e1bff21b7382d,5855.0,2024-04-29
f244472781547c9ee732a6b140ce36b5,5619.0,2024-04-23
f2492debbc91cbec61892d6d33570ea3,3603.0,2024-04-23
f24ae1c86c57bba699e7c3eba29a287f,6167.0,2024-04-26
f24b11b4242ee6bd4db2db88d246e2e2,3131.0,2024-04-23
f24b6bc19d6de26db1d756b5aee22448,7005.0,2024-04-26
f24cf72e4767073a89452f3a2b0b3229,1952.0,2024-04-25
f24f8246f76e9e031ccdc1182e24dc31,4365.0,2024-04-23
f2539dfb04d3bd76ae43e62513893a66,3463.0,2024-04-24
f257ea1f719de5e24a79704ce02b8abb,1330.0,2024-04-28
f2597f698aa832269ea9f79b6c719871,6495.0,2024-04-24
f2599fd4148364bd0f0291f55f366c0b,3947.0,2024-04-23
f25cd625c353a942e4143aea868fb6cb,5422.0,2024-04-29
f25e7d884b9cd8177414450e31bde2d7,4532.0,2024-04-27
f25ee747af14d8a12083104d17135b3a,1362.0,2024-04-25
f260f98b8e095f172c5f2d4da2ccd3cd,2865.0,2024-04-28
f261f9113a36aaa8b2e2a4400aa1ac82,5353.0,2024-04-26
f26235b7c16654bba1739d6e3da8da5d,1490.0,2024-04-27
f266fc4f6260f88231ab744b64ab04e1,4144.0,2024-04-26
f26c2a77d9b216362664385fe5df2747,3182.0,2024-04-23
f26dabb2412a8aca8f9580215549398c,10931.0,2024-04-29
f271d99e04db48a09f6d0987e950dd14,4777.0,2024-04-23
f2739967737481416102eac8f060bd50,5819.0,2024-04-28
f273a0c7d1bc27892356019448acd3aa,15466.0,2024-04-24
f2755172680904b837456e04cd7d483f,1114.0,2024-04-26
f278902e40eb11eac28218052462eab1,11957.0,2024-04-24
f27a98c8fdb65d32377b6d25157a1b21,10166.0,2024-04-28
f2857181c5f7a9a81805c5ec6248f7aa,5855.0,2024-04-24
f2870f7249dd3999f9cf68b6843e4e50,6287.0,2024-04-28
f28970465ec5cbae36cd1f504acd6d77,3027.0,2024-04-29
f289dd83011624955508feb60ec42ebf,5209.0,2024-04-26
f28a00ff79b86001d924b4c42d30a500,7271.0,2024-04-26
f28a463b1ea9bb832a104615ac51edcd,4485.0,2024-04-24
f28baa46caa945d41c3033c42b69394a,1162.0,2024-04-28
f28eaea15ed7be70ee0532fc5c9e145f,1465.0,2024-04-24
f28f5b2ad0e5f9d93a46d0aba26170e7,3176.0,2024-04-29
f29457ab93f0aa1ba2c446f22ba3622f,1169.0,2024-04-27
f29d6855c578ca786103f27ae4bdb72f,9264.0,2024-04-29
f2a274f6dce40f7fd4ad2f7ef979507b,1992.0,2024-04-29
f2a2e688f0e8ec6a4798a769d28c5aa5,7781.0,2024-04-24
f2ab8ec999d2e9d8b1880cacb75a843d,4547.0,2024-04-25
f2abdb6adf6b4710cff0601c6f6372d9,7098.0,2024-04-28
f2af30248ab3996189df28bf804130aa,6110.0,2024-04-23
f2b2a8a80e2826a8a892ff36f81a1b50,9179.0,2024-04-24
f2b42d0a9cab8ba36c2932aa3e755401,7488.0,2024-04-26
f2b5afeb269e1bf67f79f52f4b727342,4773.0,2024-04-25
f2b79f83f88fab4951652d29d554fbb1,7854.0,2024-04-28
f2bf945a13b9a216813ed67f1e374528,8501.0,2024-04-25
f2c3b553a8f7675d109d4d7b45c9ccc3,3589.0,2024-04-24
f2c79f39b0a41dc9c070e73bab1ea55a,7955.0,2024-04-23
f2c7df8f894943dfcb67cf52e7b4c4e7,6044.0,2024-04-29
f2c98cd237746e019392ef25fb0a6f76,1321.0,2024-04-26
f2ca135d17572fc4f80964083c118eba,7988.0,2024-04-25
f2d13b178e4fcaa918b33aa43f8b7350,8042.0,2024-04-25
f2d7d9001245661fc39d95fa110f3361,8642.0,2024-04-23
f2e2eb22f3d651268cd27ad05e38bc75,2849.0,2024-04-27
f2e799a2fa841f3e3783ad552c448ee7,6142.0,2024-04-23
f2e9481870e7929c73e319d07193c4b9,9384.0,2024-04-24
f2f77744ab136b6dd3a917030c127def,3454.0,2024-04-28
f2f83006c4a683ffbc71ec066c9043f0,4065.0,2024-04-28
f2fd521fb4386170d1c656a6435fa1e5,4711.0,2024-04-26
f2ff6b70e0bd29104062fe623359cc08,5647.0,2024-04-24
f30299caa8154ae94d81b5d342d87c86,4717.0,2024-04-23
f302f6b582b4a6a69a0db48243ed0b81,10249.0,2024-04-24
f3038cd8fd0cccdb6a527b29afd479f9,8799.0,2024-04-29
f3102751ee32a0caf68726a4ac9ef356,4476.0,2024-04-28
f31381aeabf76d026dbe0f85dc3900a6,2843.0,2024-04-28
f316c9e81dc47fa9baa1c7ee9387a7d8,12018.0,2024-04-28
f31adc5632a7bac15d2c11c676d7a345,6151.0,2024-04-28
f31b2a2d836ee4e6cd0ce2f9dae55c13,5025.0,2024-04-23
f31d5189464806685634a904fb923927,918.0,2024-04-26
f31edc3a63131d1f628da341334d20cf,2750.0,2024-04-26
f31f7dfc89189bd1ecb08c2c67686bd1,4618.0,2024-04-25
f320a9fbd4037bb4ca8df07df51bf39d,2193.0,2024-04-29
f3220bf1c55b8c6a17da89f8a8300984,3749.0,2024-04-26
f325ecc839e2798cd1f2a6c44fb2effb,3880.0,2024-04-25
f3266d3345fa80a3d3e62ce52431abe6,8267.0,2024-04-28
f329d2684a35bcd082f5fa3c1fee7274,8579.0,2024-04-23
f329d9698dd1db4a36ec2252bf4e66f1,2306.0,2024-04-28
f33027a36fcbbc8aab9aefad357323fb,6675.0,2024-04-26
f33140aa14fea011ac9f15fab0fc453d,6159.0,2024-04-23
f333f19ddaed5ea00d1008102406c7a3,10589.0,2024-04-26
f335435651d2984541f78b72d7385878,4592.0,2024-04-27
f33839e568eea9df01750c2e1130f7b2,3302.0,2024-04-25
f3389e690938bdfe73b552d57fb858b3,6798.0,2024-04-29
f339d96c463132d8c46a0b517958a326,10631.0,2024-04-27
f33aaca891ba7743f273ac7885e34023,3793.0,2024-04-27
f33cc7147bd37c5f6edbd05a7e8e3b63,8327.0,2024-04-27
f33dad25ce8aaf1089bc4f604813fae4,4544.0,2024-04-27
f34ad5ee9ead2462839796cee3e668ce,5569.0,2024-04-28
f34d7fdb7a845bddd9f9c2fac16c701c,3535.0,2024-04-29
f3501ea0aec95d0dc7a37a5bc22a4431,3303.0,2024-04-23
f350bfd509328ea721d62660c4db8045,4878.0,2024-04-27
f353ca0b73deb5ee5b4195ce0641b57b,5474.0,2024-04-26
f3553d710e33520471e446c1e3c8c417,6353.0,2024-04-29
f35919865fe71043869f43486d22f644,888.0,2024-04-28
f35bc304c190fc823b1809b296bfe1c8,5607.0,2024-04-29
f35c2434dd533f6312a9cfc41ff4f2b5,5252.0,2024-04-23
f36140fad2c72262d57b5e0d6d40dc0b,5891.0,2024-04-29
f3677950e4158ead9c32e19bec352e91,3765.0,2024-04-28
f368b6d29050e5bc697e9efecdbba24e,5165.0,2024-04-28
f36aab26af75987155e256bcf56a47dc,8675.0,2024-04-26
f36c948028dbec97bc587a7001043be2,1803.0,2024-04-25
f36f3c2905742167a21b7d98f1518824,7879.0,2024-04-27
f3740794b95b3adea2664c58522440a6,4045.0,2024-04-27
f3741770cc1b6312bbdf3e860de2c0b6,7751.0,2024-04-24
f377ed2dc77cf917530be860aa0e7d54,6952.0,2024-04-24
f37b9205ecccc9238fc49b8fb9bd57d5,1096.0,2024-04-26
f380c057e8c4879ecc804c46ba2956a6,2688.0,2024-04-25
f38144a2fa33a8e5c19bd66140ebfe87,4853.0,2024-04-28
f3816d6e803049beb7d39fba99e966f5,4274.0,2024-04-24
f383b7d231386e521568b91be78d3752,2816.0,2024-04-24
f38439a79b88919eadf332bce25e8150,4879.0,2024-04-26
f389a48323676ec572c2cc172299a90d,7706.0,2024-04-23
f38b5f3182c9c235bb0efa528ddb3872,4185.0,2024-04-29
f38c1819b75feef0aab10d7f4a70d95c,6476.0,2024-04-23
f38d868b890892c45cddace778c5883e,2862.0,2024-04-26
f3902d510c37e8b22b976c2280a9b736,3473.0,2024-04-24
f395b8055881f4a2e72abe62411ce400,9134.0,2024-04-29
f3973ab8edf8a43936cda578ee9e70eb,2818.0,2024-04-29
f3979159c3ce1f62b53bd5d51965c8e7,4676.0,2024-04-24
f39872d6d8f7887cf0eb20a13d546d69,4646.0,2024-04-23
f39a21e8b34a49791de1b068759ce45a,7816.0,2024-04-28
f39a5948a9c44bb68a9914fac32b355a,1886.0,2024-04-25
f39e769e338087f644be17b83bdc33e8,2598.0,2024-04-27
f3a4c48c987e2de79f472c2b2646f09d,2094.0,2024-04-27
f3a60cc934822d0aa0aade7d8544dde5,7348.0,2024-04-25
f3a9ea1d35e68291aecd16cf1b04c09b,2301.0,2024-04-26
f3a9f60253331a577d911c1b64a68abd,3062.0,2024-04-29
f3b290175bb59e36fbbaa05c2aca8376,8485.0,2024-04-25
f3b381b811e021eb4006b62563ddc7bd,7642.0,2024-04-27
f3b668ae793a93353c427731da82a9ea,10279.0,2024-04-27
f3b950013dda338536df6cc33e5a7d52,3675.0,2024-04-25
f3c0631028611712f36295478a75b956,3912.0,2024-04-24
f3c249200febeed4c4ad8187f4978304,6885.0,2024-04-26
f3c34a0b2775f25ee79c4c09f3ca6f5e,10487.0,2024-04-29
f3c5b6ccd4a56d08ecdd66e9ac1e3120,6355.0,2024-04-24
f3c99d177d2928ecbf2e4e03fe386886,7506.0,2024-04-28
f3ca130723e5f5e6a00f3eb5b641f2d6,6189.0,2024-04-23
f3d10ea2f98a45077e93ab8715cc49c0,6884.0,2024-04-27
f3d2b084732d548313f527a87b777d7e,4741.0,2024-04-24
f3d6cae174a79921c036d2365f633144,3348.0,2024-04-28
f3dbdd9f1c3462cbbe2f3552584e82cc,3718.0,2024-04-24
f3e40ef7c014ae7619f4e679254d48cc,5773.0,2024-04-23
f3e67944f9312094f9065d83f155ad85,7058.0,2024-04-28
f3e8b4486af18222cbfba7fc9c774cbf,5486.0,2024-04-26
f3ebe7f7baadeaefe9a132002b680c29,1642.0,2024-04-26
f3edeb3f306cbfbe778d2183478dde12,7342.0,2024-04-26
f3eec20789b86bcdd36e95154ee068cd,11455.0,2024-04-27
f3ef5cc07274cbc7557d2a00b023262a,2446.0,2024-04-28
f3f73c53edc0fcdd3971dc45e41b1b24,4422.0,2024-04-27
f3fa37cb76f75d7961919f2659b80452,2267.0,2024-04-27
f3fd6af7f72bbf12128e4abf71b0f47d,10371.0,2024-04-23
f3fd6cab6826921b59412a95beb5571a,3097.0,2024-04-24
f4015ebd66e152d5018b11b951b730b9,3819.0,2024-04-25
f406e566740c5fa8dd8b9fa798a67929,3717.0,2024-04-29
f407b7dd689f6b8232e12f0d01516aff,5811.0,2024-04-28
f4090a801ff9d5a2427658a2ae6759ca,3925.0,2024-04-29
f40e4a27f43312ee9d2e328ed37dfce7,3010.0,2024-04-29
f413206c1e7441a85966b81c81a0ac19,10036.0,2024-04-24
f4176e802450076674795e5d7bb18200,9885.0,2024-04-25
f41e9aaadfadd4632b818dc420f7776b,6857.0,2024-04-26
f41f273aaef6c680d9cc5199a5143552,5592.0,2024-04-24
f42e988de0fd07939ecf3a5399a56cbd,7621.0,2024-04-28
f42f265dff0c1eb1b772d06ba167ffa3,3832.0,2024-04-24
f42ffa4cbfecd56e94b285c0e09ed9af,8229.0,2024-04-24
f432e38551f857b6f5778003d95e6556,5295.0,2024-04-29
f433ddd94c612d818e6e2143fbf78576,5906.0,2024-04-27
f43bd394f698586ce5d7bac9ed65aac4,4182.0,2024-04-24
f43c28e14ed636ddb3e7c2e794cb9e22,3352.0,2024-04-27
f43eb91927e741a431a7b5d6b15820b6,2787.0,2024-04-27
f44a5d55ca3f0394a521e02baa2c88ad,5154.0,2024-04-28
f44fc69166142ab0bc209bd81e10f52e,5400.0,2024-04-26
f4500936be3fc6ed91f9d455ae5295e7,2126.0,2024-04-29
f45597e27f3ae74b05242c5fc9b981d8,8957.0,2024-04-29
f45684eef7f3db7916a798a796d2e301,3769.0,2024-04-23
f45740c57aa7f6fa2d725003910eeed8,5752.0,2024-04-27
f45813242c81ccc361ad4a7beb65a9c7,3018.0,2024-04-26
f458161850b7ae3361c6ee99eef2cb5e,3150.0,2024-04-23
f46bc93a428dfb3fa6d6d67a0ac40c86,5470.0,2024-04-24
f4714f970ddfcb6210dfe2b7ce8f38d2,4370.0,2024-04-28
f4830fc89eb6e735de085eb75d6e4b1d,2463.0,2024-04-27
f4842cb65fd3aa1ffec8ff944cce6318,5658.0,2024-04-25
f490913085104eac8fdc83f1360c463f,8590.0,2024-04-25
f49427032c4b620b56b76a4a3f855491,7220.0,2024-04-26
f4945c12d1ac9eac75c68422e1891efc,5016.0,2024-04-25
f4965334f0d0462c367605b599193f42,7736.0,2024-04-27
f49a3cb1285d3e98950059930d742ca4,5865.0,2024-04-24
f49e0c0e674d0a99600a8b8c3c245ab7,5896.0,2024-04-29
f49e4ef05497719f1505c74f742a9273,8383.0,2024-04-27
f4a50e33b02bd898b4bd4abf4dab5e14,3238.0,2024-04-27
f4a75db1f0e4280e8c38ecdc6c08df49,3033.0,2024-04-24
f4aa2b0a3c24b3ef180ab9a2006e9e43,6759.0,2024-04-23
f4b0cc4e6d639094c1685b110d5db591,7493.0,2024-04-29
f4b0e4033ae55260fc30c203391766e1,3623.0,2024-04-27
f4b2f92ecbd4dc6341ab6cbfbe561cb2,3755.0,2024-04-28
f4b40c7d67a68cfc62efc3bef6d085c2,9452.0,2024-04-27
f4bb10c2eaafbb0083afa1c82af378a6,1273.0,2024-04-25
f4c0fad64bba28ababecda2c05397d79,4263.0,2024-04-25
f4caf53f8ac0f507ee8ad8cead31a54f,2840.0,2024-04-28
f4cb7055f931e8264d51455bdbc05a6c,6305.0,2024-04-27
f4d1a82bebc88425b5d2a1a9f63f51da,6117.0,2024-04-29
f4d5e938faed6c66087b71091b7517c3,3592.0,2024-04-23
f4e5b9cf134dab5559d5ab6bd745b744,5083.0,2024-04-28
f4e8ee24661d484f711e8b2dfb780b7d,4142.0,2024-04-25
f4ef4174af774214289c839501f5df2e,10996.0,2024-04-28
f4f0780858bd879ed1b53a4d46132281,5126.0,2024-04-29
f4fc1b90240c61f0c1ebb4df5e923c26,4031.0,2024-04-28
f5002791a1d6e6c197ed5e7a8ee9e663,7455.0,2024-04-23
f501084b3908f880867a12faaf3af15b,7734.0,2024-04-25
f5028f0acad59aade71ceef854a842e9,1816.0,2024-04-23
f5055c7de0dfd5f207f02411a211ffac,5735.0,2024-04-27
f50e03f89013a1304221b5d1f03f5373,5446.0,2024-04-29
f50ecd3cc7dd605c4752bc9689d92a45,2228.0,2024-04-28
f51480a6bdc6acedb516a1f429e1f78f,5727.0,2024-04-28
f51e0e436257f70a8d432c32b7d93e43,7312.0,2024-04-24
f520e97bb282ea81d8eb5feecfe48dd5,6400.0,2024-04-24
f524dc621458dc17298db89cb9157569,5490.0,2024-04-23
f52c750a85ec695501ca80a0a73922b6,11422.0,2024-04-27
f52cf45e202cc14533f65b1fc4c75ec3,4400.0,2024-04-24
f52d122eb44136697a3912919c59d869,2539.0,2024-04-28
f52d8a2bb4547951bc4d229cd4bca274,3390.0,2024-04-28
f52d9d058bbbc8fbd5990750b9fd809c,10372.0,2024-04-26
f5306308ada5e33d1d1efcc5f524764a,7084.0,2024-04-26
f532b5a55b56695d5bc191e7a8808371,4593.0,2024-04-29
f53440c589d8c4e3098d3de8bd0c3459,11892.0,2024-04-29
f535d25fbca07fe1b66b7bc64821a75b,3352.0,2024-04-25
f537a2f34e56e3b7cfc753d67da8e567,4359.0,2024-04-24
f537b864ab54104c052984b7a63ee89d,10701.0,2024-04-28
f53a9b6ff3f0d6aefeb5c720f99d4681,5543.0,2024-04-26
f53c3644fd3b5a6bb600bb5df76c1660,4051.0,2024-04-28
f53d60b25ae9e1c23def72de3a59cc74,3190.0,2024-04-24
f53f6419380bcf68a279e9a049f83d05,7589.0,2024-04-26
f541153fbd26c4a1e7bfa17f0239ac6e,7804.0,2024-04-28
f548598be3e5adf798a0af102a0928ed,3225.0,2024-04-27
f54b7c3fff44beb632e3c59f08e92d6a,11542.0,2024-04-23
f5507b0a8c88400d2975c6fa453fd1a5,5569.0,2024-04-25
f554a480aa31ea9b6963fd77032a927d,3279.0,2024-04-29
f5569be6a73ac2ecd1bfaf4dc43c815d,10381.0,2024-04-27
f55bbaefd9b29bffdbb10ab5fb331467,4575.0,2024-04-24
f55f090beefee6ee99408cd30a06c499,6465.0,2024-04-29
f560b130d8691ab0eacfb9a051ee65f2,2472.0,2024-04-25
f56212591e14a76ed6a8a84f97f54999,1995.0,2024-04-24
f5628f1a0987cb73ca1205fe1f0e5d83,10927.0,2024-04-24
f564a4fdc81899e508fad84489e29a82,4422.0,2024-04-26
f566d792f4a259b94fafdd65929ce9c3,4720.0,2024-04-27
f56ca82f836e9ecfa1d1195fafb44cd0,20191.0,2024-04-28
f5760930e64733233507450f87209500,3341.0,2024-04-26
f57aecd0e9aaacb613d04caa689a46f9,4115.0,2024-04-23
f57ba8f464d36b8bbcb3390c41cfdd23,7460.0,2024-04-27
f57e325de4e80b6fa5231a962d6d76bc,7741.0,2024-04-26
f588c3ec6617039ff8455ab890c3decd,3586.0,2024-04-27
f58b655a84c8ee386d901ed554123f99,7040.0,2024-04-25
f58d5f2cf496c448ff7eaaab98cbd54c,5264.0,2024-04-28
f58f8e4acdbda02f0e57b3b34120047b,6881.0,2024-04-26
f591aadcf7eec682e20465edc323c6ec,5024.0,2024-04-28
f592136d2682b9d11ffc4a4d643f8f47,4989.0,2024-04-26
f5938803af136cb9fa6e1c6a9363ed83,6596.0,2024-04-25
f595c727175ec79ed9b5acbb1cad558b,5194.0,2024-04-28
f59873e0c59871e441b6d7bb16fa9b10,4157.0,2024-04-23
f5a0f159733c1bd4411f37026d6f60e3,4751.0,2024-04-29
f5a526d07ae67d23af47de1217ef05c8,3467.0,2024-04-25
f5ac2ca3918c1547dae980d38c2041b6,6826.0,2024-04-27
f5ac7db2cbffa384a24daa82e5aa15b0,9981.0,2024-04-28
f5adeb9b13519d4a9807b4a8d19d72d1,2365.0,2024-04-25
f5af081188d0ea73ec6a14c05b6864de,3465.0,2024-04-23
f5b3fb69cf6251c842476cfe9556750d,1139.0,2024-04-28
f5b6829724f8fdeab62aeccb98cf3299,4639.0,2024-04-23
f5b8a38ad2687c90ed1398307b6014b3,6380.0,2024-04-27
f5beaefb1d9b29b37b07967afca33b9f,6253.0,2024-04-25
f5c02995ed75f42a7f0d9214e74fea52,6544.0,2024-04-24
f5c0b59cf0ad6aa7154d77f79af60613,4660.0,2024-04-27
f5c38d099671326c3c01fd4484a06ae7,9051.0,2024-04-29
f5c44879e5c1f95744dbc084c77211f2,6368.0,2024-04-26
f5cd43574b5a5d4246f21ec9cbf2f7a1,3890.0,2024-04-29
f5d132175a833bef20bc9724a5ad8507,5015.0,2024-04-23
f5d4c17d35b10e2be77eb6cbbd33a2c4,3816.0,2024-04-23
f5d70b040f4605586cfaeb9d0cff32f6,3760.0,2024-04-28
f5d9b5b7d8c5b044f725abb2fc9f96c0,12943.0,2024-04-29
f5d9b621802800b8ca4948068b3481aa,7080.0,2024-04-26
f5da1ecc73e6967c2f4f2b52811c94a0,2603.0,2024-04-23
f5da78e999b36ff8196683983a53b61b,3423.0,2024-04-26
f5da81816098dad5407d8803201efa29,7065.0,2024-04-29
f5dae8a9a515de7d8974827842bebf9d,5481.0,2024-04-23
f5de4951d7a6310b8a2183b2963ccc14,2549.0,2024-04-27
f5dea1c577fdc3439e1fa35e511bcc53,2145.0,2024-04-23
f5dfb54e52e8501763194fa0f466ec96,8532.0,2024-04-24
f5e22888ba74707c66ba2deeea352503,4832.0,2024-04-29
f5e85e1705849adedc2c948a0808c86e,7591.0,2024-04-29
f5e887dd11e99105634d351f320cd9a8,6836.0,2024-04-25
f5e8fb3700bb84e4085666847e862c59,3301.0,2024-04-27
f5ed5de2d58a5edaf189e729648eac65,6016.0,2024-04-29
f5f6d16d0ded1fd3068358956efa4fde,3783.0,2024-04-23
f5f7fa56935e7b787d4d3857f99fa79f,5092.0,2024-04-23
f5fbc59e2fbec70a3d09a5bd4ceec50f,6078.0,2024-04-27
f5fdd7ae3b29759cf57a8f13d9211efc,5628.0,2024-04-26
f605223cbff83f1e2241a4ecf463ac6c,952.0,2024-04-29
f608d4dbc2e8310fc11e396f119146be,4619.0,2024-04-26
f60bbc410d3f57f4293f54456b4c1fb1,5105.0,2024-04-23
f60bbf7e081a06a513667d5f298e6885,7011.0,2024-04-23
f60eac570534a09ddda4183a2847fdec,8850.0,2024-04-24
f6134277096e549e793bae446a5e7748,4170.0,2024-04-25
f6148b8e7484abdc8544f477088951ef,10465.0,2024-04-28
f61db629314015e0ffb60e8cb2a74a01,4138.0,2024-04-23
f62080b4971a6f19d0a6d4760aa61b24,5303.0,2024-04-25
f6217812dc93c345200172d321ef2010,2667.0,2024-04-26
f62a00a78550d38e32d8fc9fca48f8ba,7027.0,2024-04-27
f62c93c9da7182c26e8cbca2bebf98e5,9329.0,2024-04-29
f62f6f374ab752433fac1aa2e56ef518,4296.0,2024-04-24
f632f477b19cfd5cb8e9303ad2b11ecd,4284.0,2024-04-26
f6333a856bc7784755273e97ebaaaa98,6773.0,2024-04-26
f6353ae8be83677a30bc3f65269885d0,7615.0,2024-04-24
f63a195125eed4ecf7d02cea4417a5e7,5646.0,2024-04-24
f63d224111120e188d776db375c56d65,12473.0,2024-04-29
f6438a9b73847595956aeca29c0eb52b,7611.0,2024-04-29
f6472c1e66383303e94ede694978e37b,5189.0,2024-04-23
f64a9f0bab10e628b136dc88d7146486,7316.0,2024-04-29
f6545d3991d3afbd35defdca7154ad81,5951.0,2024-04-23
f6555b1df03b41fe3319e0ad395a8835,7908.0,2024-04-28
f66009cc4b6cdd1f41f04973fc5cbb1c,3146.0,2024-04-28
f6615f1123d6e833c68cb76366d3f802,2476.0,2024-04-28
f661d0d74ba3490cd8c81041cad8aa0a,7760.0,2024-04-26
f661e1752cbc459441c30a0f43c6e697,1655.0,2024-04-28
f673caf68c5e4661edc60bc0c4887505,3284.0,2024-04-27
f675e6b872e34818716464aa14c42297,4260.0,2024-04-28
f67b5408c3f33fb05776739efc69861b,6467.0,2024-04-26
f684a0443dbededa1beab63533f9cfc1,5810.0,2024-04-26
f684fa23421d4b99e64fe37edf3e5923,7452.0,2024-04-26
f687deaa9b3599f80816748ec37d3394,4443.0,2024-04-29
f69204a1f2a8f947744a041128c6ecdd,3611.0,2024-04-25
f692b7ff62b3993a71ce44b865e79d61,1665.0,2024-04-25
f6937f6d5430db16edbc9efa7b69180a,3408.0,2024-04-27
f693ddefafd58ffcfc10bcfd973e07c5,3610.0,2024-04-28
f6a0fd7d3e96b62ceff4efdbc87274f6,4130.0,2024-04-24
f6a1b0058428d7a32a6b9319cfe2b8e7,9746.0,2024-04-24
f6a2e210eae78072bdc055b61521c606,2252.0,2024-04-27
f6a457116ad9cdaa37fbe4499a1f5ae6,4044.0,2024-04-25
f6a5c5617706b215e78b33cac1bb94f2,7249.0,2024-04-24
f6a772c454739038a641557063b8fea4,4199.0,2024-04-23
f6a7d8237a088e4e9bbcfca897ec42d5,3238.0,2024-04-27
f6a843b37d17ebe5a0fd0314904b48f1,6174.0,2024-04-28
f6ab8fe4700875fbe6760686b656a5db,2138.0,2024-04-29
f6b03f994e3ddd55d36df91eb3732179,4594.0,2024-04-28
f6c03a3247083361e6e7804a069584a1,4591.0,2024-04-25
f6c2e298603b8643f9a07453df027ba0,3748.0,2024-04-27
f6c358827edcf8c6ff1ecb0d03c33ae8,3640.0,2024-04-24
f6c7794985e53520a7ba790315adabf4,3842.0,2024-04-25
f6cbc51475d45e403db8a8e7995da588,6050.0,2024-04-23
f6d017a1678ad14c14164bde8e35d883,11241.0,2024-04-28
f6d62ebc4358401ee1dd3f10eec86f4c,7772.0,2024-04-27
f6d71bd814575019e94969924d62b06b,7217.0,2024-04-26
f6dd37e78377a28617f2e5e97e2ca9db,2968.0,2024-04-29
f6deacd767970572977251af7e4944d9,6698.0,2024-04-29
f6e34a4cf31103d7888d9ea60f0b25f7,5758.0,2024-04-26
f6e5bac9d060c5e67e82965cb42ad538,3472.0,2024-04-25
f6e794d7eeee84f8531f5d5687c54c99,4056.0,2024-04-27
f6ed2d19a39bf0a5254d7cc227e05963,1984.0,2024-04-29
f6f10c08396a993629e32e2da229c5f4,16348.0,2024-04-27
f6f3224ef975b8f8e587f2327b0c1fab,9455.0,2024-04-29
f6f6edff666d956cb05d441671e90aa6,1892.0,2024-04-28
f6f9f28bf5bcc5f57875ea4b0e5003a0,4284.0,2024-04-29
f70560164d892ffd87ffc1f43bf28aad,6073.0,2024-04-27
f706807bd320ceedbd7983b9f1717a09,1338.0,2024-04-26
f7073c69881f9c2113879099bf682ad3,5137.0,2024-04-28
f70a2c8134305de240853da87e4fd46b,11161.0,2024-04-29
f70b66e8a58a6ab88557efd2c0b17ded,3083.0,2024-04-26
f7108e4c1ac9e1e30766dd9c03a49dc2,2376.0,2024-04-27
f713bd8a35aa1824470a5ce2da8a2de7,4849.0,2024-04-27
f71406dee860545fb40b4c02bdb4e769,8544.0,2024-04-29
f71651327d6f0b357cab0ce25a76bbe2,5454.0,2024-04-24
f71a46feb5f5be30257378b414c1eea6,4507.0,2024-04-29
f71a7b7987ed280fd3a1da4c6c16e85c,6163.0,2024-04-24
f71cd54336573b1197a2d6b82536ab1c,4676.0,2024-04-24
f72120006bb180c784338b17c632b3de,8254.0,2024-04-29
f7213489a880a6b51da799dd4db4c07a,3455.0,2024-04-28
f72202c840cf7b9e6ec1eed660c474d3,9221.0,2024-04-27
f7298e508b5cf6d8f693b5fa32a8e23d,5040.0,2024-04-23
f72af2a488b8bc6f50c68defc0b4c1d6,7073.0,2024-04-29
f72c75d379f06c9d47a3c1e477b28629,1197.0,2024-04-24
f72df1a5a203c881da7345631ebce027,5962.0,2024-04-28
f73385912123fd7b038d63984d01562b,8199.0,2024-04-28
f7338fd8d12a3e7b1633bcc22baf19a5,4893.0,2024-04-24
f73649b8c38fd722532d45a7f3b8bf0e,4848.0,2024-04-24
f736a8704985fa871aa49ed2f90d0030,7026.0,2024-04-27
f748191d5bae78098e0d17a7c894ffec,2527.0,2024-04-28
f7566cd7c16d3fc3c7fdcec3adc9a54b,7336.0,2024-04-29
f7604e3609c0bb02e92bf713c301d10c,4133.0,2024-04-28
f7780e3d85693ed44f4dfa91b8e8e09e,4944.0,2024-04-26
f77fc77f29ba6adf92684322d0313926,3522.0,2024-04-25
f77fe34e54c034eef988d9d6651d765a,8457.0,2024-04-25
f78555213b13da3b6ab58c09fc17a114,10926.0,2024-04-29
f787723492456601bddf06f06af6908c,6214.0,2024-04-23
f7a634bf61bb9cd979ae6b749afa1e0b,6783.0,2024-04-25
f7ae7beb2060279884506cc9caf5a595,4769.0,2024-04-28
f7b001aee0aa7f126df7ba309dd015f4,8145.0,2024-04-28
f7b18458d8e164cd3fde97b0d1a2d5f1,4628.0,2024-04-28
f7b22cc1f3a5114e972d344ff522edbb,5169.0,2024-04-27
f7b35747317e5e96f852d692ce6a9600,6279.0,2024-04-24
f7b4ee13df0946971f0094d6764c5e89,3860.0,2024-04-24
f7b545b0bcd75dc2cc9fd2bdba1c479e,10202.0,2024-04-28
f7b9409079f7094dd72c50492b27e390,4920.0,2024-04-23
f7b9643a967e82e8e560712a0d6adb59,3251.0,2024-04-23
f7c00252be2c5b81472f7e7896b6282f,3257.0,2024-04-28
f7c2112b2c5cdcfb62846d9c36f5a606,6582.0,2024-04-24
f7c707543be51a363efe90b235efc9af,2382.0,2024-04-29
f7ca0c5a894419c4bb1154ddb56c2606,7138.0,2024-04-26
f7cc6e2239454132cfc687ba6c1ab801,4156.0,2024-04-29
f7cda93a024b0932a4f58a8613c5ae69,4899.0,2024-04-25
f7d5165be8b3d119b3d4452b3912a4cb,4056.0,2024-04-23
f7dc1efb00af333fe80094829bb197fc,6173.0,2024-04-24
f7de88f73c3e1091107d7dbc24bcfe04,6484.0,2024-04-23
f7debc8dc22a42780665382cdc07bd9b,8135.0,2024-04-24
f7dffa2f9665841cfb7749dcccbefec9,3735.0,2024-04-27
f7e3aa39c2361da22574459eb399812d,7497.0,2024-04-24
f7e95a650e35f597b39d174d99e814c3,5022.0,2024-04-24
f7ecb9acdad43ef9c822c71ffff19aa1,7157.0,2024-04-25
f7ecd2132172ad2cfb14d534e5a82556,6063.0,2024-04-28
f7f01eb25a550d9c774b7ca2ef829609,10023.0,2024-04-28
f7f0e2cd5f9df79c5b911980a0f063b9,3852.0,2024-04-28
f7f117cd2706eb815d9a70e687ee8670,5064.0,2024-04-25
f7f50287181c2a858380c64854dfb5be,5643.0,2024-04-24
f7f6d53a8d93f5008a24fb2dcb6d0983,6196.0,2024-04-23
f7f846d2c59a87edff224ffa5759b492,5036.0,2024-04-28
f7f915b3b5b9acc24d5b4d54db708509,1646.0,2024-04-28
f801b4bb36b680aba61551287ea253b4,4234.0,2024-04-24
f802dbbefdf0a47fe322c6e35a21f62e,6880.0,2024-04-29
f803dc7f01b74d88a51e77d6814e6235,6824.0,2024-04-28
f80ac39986ac2fa54e5186fe8b761053,2550.0,2024-04-28
f80f0f4621c52314d579fd169064b045,5683.0,2024-04-25
f81122f3eb120e37f4734877241ade84,2062.0,2024-04-29
f8114be75ee6bb8aad2ae7c63a24df77,6231.0,2024-04-25
f819fdca042f2d0f4d261eec6d41a187,10988.0,2024-04-26
f820240c8fa4200266b57098265b135e,4149.0,2024-04-29
f8206fe8d6870d9f4d17f58247716052,7514.0,2024-04-26
f82640f435d852bcfa5623b67b179dcc,2889.0,2024-04-29
f82c31572c7b4c3b17c5594f9db7dde2,1451.0,2024-04-29
f82cbe4e3537a05ca2b081147a5fe025,2155.0,2024-04-29
f832543cd952921cfaa685333e347644,5912.0,2024-04-29
f834235c3e8e7c8f7b70208ebf169442,5137.0,2024-04-28
f8387dcd935fbc9da32642c5915b31da,5612.0,2024-04-25
f83a67504c0e85dc5dd85b1751e3f5f5,8342.0,2024-04-26
f84094119fd6db3282e215b77152b76c,1410.0,2024-04-28
f844f1f042eead50b2c836c9a567f614,3694.0,2024-04-25
f84676e633801df2c3c680ca94ccaf52,6721.0,2024-04-23
f8498b30d92cb2bcd8e85156d174df84,3364.0,2024-04-28
f84bed7a39695792be85f245e0dd2196,2180.0,2024-04-25
f856b5b69c7e347dd066dad73c5fb033,6048.0,2024-04-26
f85b3ba5e4630702e63dcdb6e153afbf,5965.0,2024-04-26
f85d44ce54e2269f97b97532e1630e45,5663.0,2024-04-25
f85f2286967fbdee0ad7b885c2966243,5913.0,2024-04-27
f861d344ccb6b89c73479e2f0a6b3eb1,3047.0,2024-04-23
f863b175b0abfd3156059df438a9ca4b,6498.0,2024-04-26
f86578902d944f1ec58200fe9bf9e202,6052.0,2024-04-26
f8697d09957a623561f866dd5ca17f40,3449.0,2024-04-26
f86f53a38a13015cf8cfb8e071959505,7493.0,2024-04-29
f8750e114ee83ee50339d674ecf100c1,2127.0,2024-04-29
f875ab8b5520a613140bd5b8ec3abbd5,4713.0,2024-04-25
f876f9e7f9259c3eb5630863fb016d73,6034.0,2024-04-26
f889801cd709b7dfed40abb577d3ba05,2445.0,2024-04-27
f893a6bdfc05bd3d731d513cdfe69d62,3989.0,2024-04-27
f8962c22624802471e91a1c705fdc8b4,8592.0,2024-04-27
f898cb22f794e3a30730b70ab0b4b56f,4859.0,2024-04-24
f899fafba5ac5e517fd91ad5348e257b,4179.0,2024-04-28
f89beed36cb71f590ff78f413fb93033,4639.0,2024-04-28
f89c2ca5898436ac5b5dfdf63805cdce,5499.0,2024-04-27
f89c7a42b4cb07e87984e84d8c37e39b,2987.0,2024-04-29
f89e01b3495560414f67e8c8e9e03380,6045.0,2024-04-24
f8a2346ff947a0dea619d3242f7756d8,6035.0,2024-04-28
f8a519a1c1205611849639306938091a,8535.0,2024-04-24
f8a556aac723a0f1387de1ae3310c089,9118.0,2024-04-24
f8aa3f79d085aec536c1e7318395ea6b,4768.0,2024-04-23
f8ab87b711406362e9d15060fba528dc,6842.0,2024-04-25
f8ac1aed1a6c850c05383c67c7514231,4607.0,2024-04-28
f8b2e6d1cbb7a7cee884c0b66961b5df,6718.0,2024-04-25
f8b479720295660c8daa318e16a20620,3989.0,2024-04-23
f8b49f244e9ee5485422fb1d07d5c26b,5505.0,2024-04-26
f8b5343dc98762f683cff753ea5fe5a7,1265.0,2024-04-24
f8b53d136018223faa6aab6b72fc2977,5190.0,2024-04-27
f8b9cd0bf8674160fae31c10743c5844,4588.0,2024-04-26
f8baa63ed686c67ad2a77d3d7037eca2,8879.0,2024-04-27
f8c0c2385c20a82c4484a426c3d97a85,4137.0,2024-04-28
f8c38c65dc5b9fe3b507da7a6a92523a,3281.0,2024-04-29
f8c3a8203d00b062549d2d6893a99c9f,10182.0,2024-04-28
f8c4020c5d65465b6397d125b3c7099d,6807.0,2024-04-25
f8c8fa052658cb92014411b5a1ff39ae,5633.0,2024-04-27
f8c9509ade3eb3bd71a535f855c0b9c8,9700.0,2024-04-23
f8c963363e646c8c80710e0bbe91dfc8,5234.0,2024-04-27
f8cc216ba820644a11ce09f3d3419041,5444.0,2024-04-25
f8cf59085b891cd763ae8e35f523b3c8,6318.0,2024-04-23
f8d5491d1eb5b20364b42783e2014e09,5642.0,2024-04-24
f8d8f6d08c49eb5640df165e25dc0c11,5678.0,2024-04-26
f8d96674bea269c52e593bd2020f2c2e,4222.0,2024-04-29
f8db577226a2791fbfd41e93a85b38d1,5300.0,2024-04-24
f8de1af7e40f0cc3d1960c4ba6f1ced7,5196.0,2024-04-23
f8e366fbe1a4c303ed95141f03f3a59b,9509.0,2024-04-25
f8e3d3f1e7dcc3a85b636417a81903fd,4543.0,2024-04-23
f8e8268bc73203f710f24777d950317f,7003.0,2024-04-23
f8e9e3823401f40043901894201918e9,1723.0,2024-04-29
f8eacef65e56f9ac9cf4c28b708d31e8,7735.0,2024-04-25
f8ef4ae4f68ffa9c9504751930ed5289,2722.0,2024-04-24
f8f20626e2a738e6992b385391ac1f3b,5883.0,2024-04-24
f8f3c0096ee11eb10cc7e369fbe6cba1,3242.0,2024-04-24
f8f4fcd3e7f39afde6c0134c4de3e055,7728.0,2024-04-23
f8f625329f109aee433a0e9ad60f570e,6672.0,2024-04-26
f8fb00a66b38f527de6781dc695450ca,6220.0,2024-04-23
f8fd3f468ec1465a46ad77ec9b7507e2,4116.0,2024-04-28
f906d87bad6499b8ea238f9609ddcca4,2285.0,2024-04-29
f90852b5af796d28a3b24298ca53500e,8212.0,2024-04-24
f90a954c9a0a5640d3439b09288fbf12,4853.0,2024-04-23
f90dae1f099fcaf5a4e606ef760cb022,2876.0,2024-04-29
f911cf8188a299b971df09f1fdee4e4c,7250.0,2024-04-29
f9128259a528986365aa36d398030967,2059.0,2024-04-28
f917805f2b020750f63b4b4ed055ddea,3954.0,2024-04-26
f9181dd2e7b0892ed9d2bb8a7bf3c1e7,8584.0,2024-04-24
f9236586f99ca572d9fa6a748e90b79f,8245.0,2024-04-28
f9259019bd5fc8dbefeb8ddea70f3e1d,6124.0,2024-04-27
f9355320bd8d14d63a47daf2838dca60,2090.0,2024-04-23
f936bbcc5fbb5d6eda8fbed1c2ae55a4,5389.0,2024-04-25
f93763d73390079a64f4c6b555d7cbbc,4891.0,2024-04-23
f93e6599eb47f6ebac565da51eea6234,2736.0,2024-04-25
f93fc5cc7117da89769e25debca27edc,5853.0,2024-04-26
f94535540238fa442f118d58bd118cbe,5344.0,2024-04-27
f9497c6fd9d65273f9bb36eb6641ac97,5781.0,2024-04-23
f94a12ba23c2f0d42374349b5fecc0d1,7089.0,2024-04-23
f94c4b21664b1e206d866c34ba1f1b05,2701.0,2024-04-28
f95e394c7c8445a5af982c4e10e4523f,4415.0,2024-04-26
f95eea3533121ef08af0b5d92c077e1e,5175.0,2024-04-25
f9616d89baebe7386055644af1c68b4f,3357.0,2024-04-24
f9677e6451a0dbcbbbe21cfa6467adaf,6796.0,2024-04-27
f967f697316b93eb82c4729edad6c098,4549.0,2024-04-27
f96eae3042f7bdf029a176c400663372,4979.0,2024-04-26
f96f3c485d0e371aa820158cc89c66df,5291.0,2024-04-27
f9700edab13fdccc1c116a737ac9fee9,3087.0,2024-04-25
f971aecb3c89625b7435e6baa7b7a177,5508.0,2024-04-25
f9792ee462dd95c844323e8c364ef2c1,2245.0,2024-04-26
f97a2ebc663d5ddc44785fa129f2b9ae,5931.0,2024-04-26
f97d0aaf73205263360a4cab6d550f6d,9133.0,2024-04-28
f97f8cf694d677bc1f827feda9785dda,3485.0,2024-04-29
f98d3ac36ac0f378f9c7ceb3eaed43b8,3697.0,2024-04-23
f998c0a3d3425145593a23d267d26dce,10357.0,2024-04-24
f9a1e666645c3c3cbacb950faccf31a2,6916.0,2024-04-25
f9a3961da8d8d70f744f6159b75d6da8,7014.0,2024-04-23
f9a86b092aecf74c19bcf5e1d89fa478,2679.0,2024-04-24
f9a9edbd8dbaf0e8d252b9f7e71bf66f,5018.0,2024-04-29
f9ab925d4f2c4848b9331e821ef341ad,3053.0,2024-04-29
f9ac04fc0b07737fb2c6c1859ce8fee6,1669.0,2024-04-29
f9ac1ba475d90e04d2bd548d4d409021,3980.0,2024-04-26
f9af8e48da649ceb66c79d6dcf222c9a,5939.0,2024-04-25
f9b2d9f11250e689514e50a2989d4968,10374.0,2024-04-25
f9b30868592334dc1d38b86cb2928c18,3247.0,2024-04-27
f9b4ff145290c396e28b45f221241a09,3269.0,2024-04-29
f9b899abc7305050d70df9fa1e45db21,2282.0,2024-04-28
f9bbaa5450fef3b3a469b07c68d7ba99,3750.0,2024-04-26
f9bfbcb01a45f953d842c27aebbbc95f,8828.0,2024-04-24
f9c5d70a1f0444a3b5be8d032638c3bc,1949.0,2024-04-25
f9cae244892eab8aa70e7d3fe9103389,2964.0,2024-04-28
f9d0dc5ac2e21bb979f4f9e621eea6cd,13045.0,2024-04-27
f9d65c2ad9949aa7afe64d8c8b16ad5b,3859.0,2024-04-24
f9da423f1e28c4c70f509bf71393ce5f,10396.0,2024-04-28
f9def7c43c2e74f0964cae4641044e17,4887.0,2024-04-28
f9df268ecc76df500eaf8d73f160c88a,2699.0,2024-04-25
f9dfe00810d0a35efe14f5a74cc79616,8175.0,2024-04-24
f9e83eef8b6fa181037414ac807b4fcb,6847.0,2024-04-26
f9ee4f6b6629b341ac0114658bd02397,3678.0,2024-04-24
f9f21d1e4a0d857fc46451f8e535a7c2,3129.0,2024-04-29
f9f227ba656a44b6ed369a66c55161ca,4320.0,2024-04-25
f9f7d47957859507724ed727828dd9b5,4109.0,2024-04-25
f9fbe1d8ec05813e976e5d98c329011f,5046.0,2024-04-26
f9fd64af7f694cea1b7f74a57b2cfc5f,5347.0,2024-04-25
fa0189bb979c1a8303a91e8940aa6929,5819.0,2024-04-24
fa04052a6451605a68964316957598b1,11896.0,2024-04-24
fa06d7d05487b0389ff6340251bfa021,13837.0,2024-04-23
fa0d365c9ebd2880ebfaba83df7b21ee,7939.0,2024-04-26
fa1122d260969e4d529a56c1ae1c86ae,8784.0,2024-04-25
fa121b590309627ca8af4909379fdc82,3627.0,2024-04-29
fa188ae733de0677ee60fc666d6d9e9a,3783.0,2024-04-23
fa1c566200abfbd9463ee566657dedba,3610.0,2024-04-25
fa363c7ce7a4d0f27808ebf76bc30b92,2112.0,2024-04-23
fa3edc27a39d4d98b82a0cd671dd811e,4755.0,2024-04-26
fa4399141a1a9c1f8543fae3259bd365,5777.0,2024-04-25
fa439f31c6cd013969e36a63a1e71cfd,5318.0,2024-04-27
fa45defd52d5bf5d14a13b87f1e928d6,1761.0,2024-04-29
fa478f34e2b8ff8165c37f173229c36c,1160.0,2024-04-23
fa5535ec7cbed22ac08e4286b3b76902,2840.0,2024-04-23
fa57eae25e38a6d9e32def3cacfd5f66,8628.0,2024-04-29
fa58150db69d83a4b2a59789e7e8fa53,4052.0,2024-04-29
fa583f17f0dd21b9a80518141a58b219,6774.0,2024-04-26
fa59cc37fc05f888f5cc544d32f2a9de,7344.0,2024-04-26
fa5b02bd3dcafbc56ab47d928ef267e5,9528.0,2024-04-27
fa5c4e0f478912ab04c23172f4711eeb,5769.0,2024-04-28
fa5d08575c10069f16455f3c193be7d9,5905.0,2024-04-29
fa5e963310364ecaf8de89f1cfeca97a,2961.0,2024-04-28
fa5f4fd931692d925918f2dc6e3dc798,6100.0,2024-04-25
fa5fb5b91d8b8c5db2e584a4e5ebcc76,3985.0,2024-04-23
fa5fe6a16d7b32791496e1cedd5c97f4,8676.0,2024-04-23
fa612cb056007ded34e2d4dc63aa6208,5338.0,2024-04-24
fa6336cdc1544b6bc6aa9d95e9c02b6a,6223.0,2024-04-26
fa6fc044058ad03d78121a0fc5968163,9419.0,2024-04-28
fa731f1e14fbd3d1f28f9a85043fc0fd,3204.0,2024-04-23
fa7371b29a3631c53e77494a19272f32,3495.0,2024-04-24
fa73ee090125c1325dddd9ca4c9babf0,4900.0,2024-04-29
fa77362450a72e26ae7787a179f4d04a,6077.0,2024-04-23
fa79290313e055396e3d248e9f9ba7f0,9221.0,2024-04-25
fa7bfdaf18516e15bd86dd974fc57b17,4751.0,2024-04-27
fa7cdf1e0a49703b2a2ff1ce2da61cad,6599.0,2024-04-23
fa7d4ec8e751a392a9e20415fa95959a,5637.0,2024-04-29
fa7df14b23dcf076768a78024f97735e,2766.0,2024-04-24
fa7fd486ada2f8f2ff50ff800aef4eb1,1779.0,2024-04-23
fa826425e9ab7d2a75c13f95a819e115,9608.0,2024-04-23
fa8954c0ae85960757cf179a66442d57,10205.0,2024-04-24
fa89884824c1237f11d628dc751ba28f,4753.0,2024-04-25
fa8c5ffe480f60fc76f4adbde13ee89c,5680.0,2024-04-25
fa91acaf2be07f9542ffffcc0c3bd055,6968.0,2024-04-26
fa9338aaae04999c2d922478bb778804,9356.0,2024-04-29
fa9f2308590fc80e6f62e61153176d84,7749.0,2024-04-25
faa616e4d98463092a8f0a9aec265703,6022.0,2024-04-26
fab752530722f468e051ff4eeb00b5d1,9186.0,2024-04-23
fabb4142431a8f8c03eeb809c2f8c3bb,8492.0,2024-04-23
fac13965717ab061ea3427ce7234fbc5,2901.0,2024-04-29
fac323720dcab5592584507252ef19dd,6547.0,2024-04-29
fac4ba40c359fa1ad89c65f73902bd5d,9324.0,2024-04-28
fac80397186c8b36a98c328312bfd7d6,5710.0,2024-04-28
fac9cea22c9cd3e9f0cd40450b10c89a,4643.0,2024-04-28
facac48a7229ea92c39a25f94fd1766b,9425.0,2024-04-29
facb7d386c4e4daf952fe495725a99a2,3239.0,2024-04-26
facc516ba77df5ad72d9b41c0e974177,7136.0,2024-04-28
fada3b66c0b60155b9f36cae0ec8e231,9915.0,2024-04-29
fada742f40f225a08d770bf6372ea239,3625.0,2024-04-23
fadc9ef9e063c1b8d7df05f194860b52,7651.0,2024-04-23
fae47cbc27e5cb77f59dabd1f40428d5,7826.0,2024-04-25
fae5d19393d1eea8930df4c7e9b64fda,8535.0,2024-04-29
fae5ff30d85b4758276ca077cb14142b,6148.0,2024-04-23
fae62269eb7200c7f6f3f955fe2eb9b3,8187.0,2024-04-28
fae8f4376e7c18e07386846533321f29,12474.0,2024-04-29
faea915d1d33ce3f4dbe3793303f47ab,6074.0,2024-04-24
faeee7b56689e571fa5649718d5d519f,9054.0,2024-04-23
faf2b18d07e7ccf64556d493d50f24a8,2285.0,2024-04-25
fb02c13ec7c5cc55c6a2c32a4389e992,2857.0,2024-04-28
fb05144d98ac0780b06360540d7facea,13177.0,2024-04-26
fb059bb7c4d555d3a6f1be7d780cda4b,6772.0,2024-04-25
fb06a38ed59cb099d9e54de837062248,5195.0,2024-04-27
fb09eccb208dc1d6ced2756e31186b54,10538.0,2024-04-28
fb0f156207b91bf56a45dbcb1acd59ab,5884.0,2024-04-23
fb113da18e1841820a355162759225a8,4761.0,2024-04-26
fb173d8358350ae24a704f0a97b2e4a4,5738.0,2024-04-23
fb1907f7beea934012d261acda1f2e40,9801.0,2024-04-23
fb21a91142f40fb8873d33a0cb4f1025,4218.0,2024-04-29
fb265a0b042f1c6cca67efefabeb3902,11198.0,2024-04-23
fb2749c06ec96211c19e81c48d7437d3,6729.0,2024-04-23
fb2e58e050bafc8663e9425d0c174211,590.0,2024-04-29
fb305ad45ccd927fc86e5b12051fda2c,5669.0,2024-04-25
fb3144181fd8ee58706f3e9f79225d4b,3580.0,2024-04-24
fb3390ff1b9455514ebff2b079f40a79,2416.0,2024-04-26
fb39a9198e8293b92fbe5beece054333,2038.0,2024-04-29
fb3bdc45f488fd0e38dc23da15206c6b,992.0,2024-04-28
fb3becdcb2ed2dcaa8f26c4c2b5afa79,1975.0,2024-04-28
fb3c0ea7e5b274465962da632a96d9a1,10083.0,2024-04-29
fb3c991fa52cf34ca440bb668fd2b2c3,4500.0,2024-04-23
fb40d6b4bb6fe0ba89373e422003c23c,7433.0,2024-04-27
fb42d773945e2568bc7ccf3aa5fb1117,3282.0,2024-04-28
fb451bd80574adf18b84c20a17432662,5251.0,2024-04-29
fb5597c8fd7b0a3524d4e4d8dfdbc9ea,6746.0,2024-04-28
fb572d614de2fd491865e01ae16f7768,8300.0,2024-04-27
fb5935707e5ecd4be0bac40a5d1c7af7,6531.0,2024-04-23
fb59897bb0c296062b44a57ea9d3faf5,5776.0,2024-04-23
fb5d9f904310030e8a1dbdfa545a13b0,5776.0,2024-04-23
fb5e15883ec19dd31726d67068bbf02b,3739.0,2024-04-25
fb62f863d55151825abdf6fc049ba927,5649.0,2024-04-29
fb6d511b0f99fec95d300db4dc064728,10175.0,2024-04-27
fb6fc4b963ef92526d2de5ce5c14c457,568.0,2024-04-28
fb74debb12ed3bcfde798101c82c2ec2,3961.0,2024-04-27
fb7960f6d2cbd807732acdc79866f8ed,3053.0,2024-04-28
fb7c551590f3c3d812d02b131f2c0f02,3402.0,2024-04-28
fb7c863b30df90206f0b2873e2f737d1,3264.0,2024-04-25
fb7dbe8ad963f864fbcaaf1da5f7c791,11407.0,2024-04-23
fb7e3524631b1ef8e4c96947bcf9ae39,1365.0,2024-04-26
fb81397f2a27163846b72ba5463be160,1695.0,2024-04-26
fb817b020ab2519e2bd6896691481074,3475.0,2024-04-23
fb822ef708e33e7427fce02d6284a584,3878.0,2024-04-29
fb82892ee00e485af5ddb16f851b7db1,9030.0,2024-04-29
fb829edc3df47c06cbf1a419d42aef24,15500.0,2024-04-29
fb842516136d6fccc019e7cab6974a80,4728.0,2024-04-29
fb8620b7953f121a353f98e2008f81af,6458.0,2024-04-29
fb86b29222a6a7079543446e54a64882,6534.0,2024-04-25
fb896673a52d28a6664d222bc408f845,4232.0,2024-04-23
fb8fdf0b7746a60bd36d1631d9ec793a,2968.0,2024-04-26
fb9421a67a7c26b432063d594cd85da7,3985.0,2024-04-28
fb9517b9ffaaa23b320a191d7fcca20a,5208.0,2024-04-29
fb963e6af63a8338204571ef755180cf,2361.0,2024-04-24
fb96ec0cb69f412d905cdd4751742ea5,3816.0,2024-04-26
fb97df6c304aa158c3b27fadaed5865c,6749.0,2024-04-25
fb996c0aa73b7a7a0de0b094c0f60bf8,3092.0,2024-04-28
fb9e2fa079d884bb61e8683a89902a4b,6829.0,2024-04-29
fba3f4f753dab96c98bd8744d12ad8be,5965.0,2024-04-29
fbacf250f5ed1eadb3dc52e9984e96d6,3234.0,2024-04-24
fbb4372cacda51ace4ae3739e6be290a,3046.0,2024-04-29
fbb8059be583eb6309f301aad4fef0b4,4812.0,2024-04-25
fbb8bc8dc8cb9c23d30782f56db4007b,1239.0,2024-04-28
fbbc49742880607ed367ae3e988d626e,5595.0,2024-04-24
fbbe54d7cc822c2154b8579d78874fbe,6021.0,2024-04-28
fbc0d0fb07345d465cbd82ac36983db6,6205.0,2024-04-23
fbc4e36634907335b3679b3ff80378c7,7522.0,2024-04-23
fbc578290ff0a62f4cea124c43486d15,10332.0,2024-04-23
fbc6e9d63912f9dfe2bfde13d8399c5b,9039.0,2024-04-28
fbca38241ca5ed1b67edd7743c3abb4d,4071.0,2024-04-24
fbcd66eb420e88baf6d3d359c95253f1,3544.0,2024-04-27
fbcd9f9e93b21935cabcda7ab21cf7bd,8202.0,2024-04-26
fbce7ebaae267dc99ff6421700932b5f,8267.0,2024-04-28
fbd06f63eaae834b7da73f92f285206c,7153.0,2024-04-24
fbd8155267435145e35b2b7a757dc3dc,12953.0,2024-04-28
fbe1ffaccf870067f1d89b33d975e21e,4999.0,2024-04-29
fbe5492feb8ba163957d8a64f7e57af5,6511.0,2024-04-24
fbe5ec62482991896b11a9115343a739,4566.0,2024-04-26
fbf0f66e8e355abebe549f209c9d9f7f,5066.0,2024-04-27
fbf109d8377b2195cd198be9c22086f4,5001.0,2024-04-27
fbf65495915351b990e1bb8ef88aa063,4374.0,2024-04-23
fbf67d0f8961683eb82b1374152e31c8,4107.0,2024-04-29
fbf86ff9c9c0b7faa918f557a5584dea,3135.0,2024-04-29
fbfa6b185c9e80252f8720e5779337ab,10944.0,2024-04-27
fbfd190382dcf8f70e69f409c1807c90,6226.0,2024-04-28
fc0670dec751e53f74e3c74f75f485cd,2563.0,2024-04-24
fc08e7d7b24c24354ada9060559fbd7d,10448.0,2024-04-27
fc0f6cc1b855249be4c39c88c47cc5b6,5402.0,2024-04-28
fc16682d9f9db492b5132b77672c8943,3311.0,2024-04-29
fc166bd5fd0e5b34997da023079e0883,3480.0,2024-04-26
fc1702df2c17cb9b7186be2b772fdc4d,5411.0,2024-04-29
fc1ac267a0299859f6cc9fe61e5f15c2,3661.0,2024-04-26
fc1dfa87c474c8988a8ad0bab927526b,7125.0,2024-04-28
fc24e2c4779446dc7722567445e3bfbb,4332.0,2024-04-24
fc259698bc0d0b98794743f1d9cbbae9,8153.0,2024-04-27
fc2711582b59c8c11ab4ec079b2b420c,3612.0,2024-04-27
fc2b1d762f385e748e22499c04f36215,7105.0,2024-04-29
fc2e4099d3561a90e0c5a6c68fda717e,3219.0,2024-04-25
fc3843e4b0fd03d2c0e439cbb9909d49,5805.0,2024-04-24
fc391e0e08798fa61cb0f438c0b2425e,7316.0,2024-04-25
fc3e91f58f50ad414f07151be20f0c2b,9916.0,2024-04-27
fc413ac8b802a2e9020f192160f950bd,2669.0,2024-04-23
fc43b9ffe834b738a8c8e6ca8554bfdf,7165.0,2024-04-25
fc45c8cdb677b4d3c97579517f5f5a14,7404.0,2024-04-27
fc4616c0818b786114955640ce2b2467,9723.0,2024-04-25
fc46f48258342a73b1c24117d6d5024d,7231.0,2024-04-29
fc48dd36ab081adeac4b3c1c4694a88a,4825.0,2024-04-27
fc56944498c0cb27d4de7c75ed07fb4c,3151.0,2024-04-29
fc5ba2a4b15d5aaee5bfde3439ba7662,7192.0,2024-04-28
fc5d0b5b222f484c7e7ee01613a81d09,4781.0,2024-04-24
fc62639166ffa5b09ea9da56efd5136d,2886.0,2024-04-25
fc63052810934d6304d187cba44ce424,6524.0,2024-04-24
fc63bf4f36ef9bc2dfc56f46454a25d2,2963.0,2024-04-23
fc65a955f8b975e0ea131a147699a2b4,3927.0,2024-04-26
fc65ee3f37d805530df3a13e0755fb15,8205.0,2024-04-25
fc6cdd4b934e630547ba57bc4a38688d,7454.0,2024-04-26
fc6ec0eabefda42b1446857122787c2a,7094.0,2024-04-25
fc7d98ba10c8771c4fd4baa3f1dd1a83,12582.0,2024-04-23
fc80625742e908f54a52bf3582f288ea,6985.0,2024-04-26
fc81a1b6a428c61012e62ff3509b6d3b,8157.0,2024-04-24
fc850d373aa08e89a559756dc14ef9d9,5384.0,2024-04-26
fc8596ef62657b035388bb7befeab56b,8568.0,2024-04-27
fc898eb2652b727ccefcb7ab931d5180,3444.0,2024-04-26
fc8d2c81de6f1ed739312629f33345ae,4180.0,2024-04-27
fc8d567f4bd910cb0eabd887f01e7ec5,6410.0,2024-04-25
fc8f205c7bb398936043d7bfd6566e0a,3449.0,2024-04-24
fc8f630fbcb169f0d958845c2ec38d43,5382.0,2024-04-24
fc914d83ca8c5acf502f7fba3554e1bd,4623.0,2024-04-25
fc9ff1396b1c3d302f2229fe93c8d381,4790.0,2024-04-23
fca881278cbba1483aeed24844d30254,8327.0,2024-04-26
fcb439ff88ce6d74a535ead540c89858,8351.0,2024-04-26
fcb5545ffbeddbba102ae4f52c130783,3878.0,2024-04-28
fcb68a8b101011d0bd3c39e9fda41106,9072.0,2024-04-28
fcb987f0fe25c8dc2d9cd6abb3758e51,5400.0,2024-04-24
fcbd361c5a24f7a6bb1eb766e2b208ed,4691.0,2024-04-23
fcbe7f14d5e7410f53568e26e87a0338,6939.0,2024-04-26
fcc30a98fa3c2a0a7f49ad47e5d99629,5235.0,2024-04-24
fccc56d6d412456038075b6f4f6b4def,3053.0,2024-04-24
fcccf69bb495827db7fea6dfa67baab9,6003.0,2024-04-28
fcce9ceb3561896caa9b00c7ea51ee1b,10184.0,2024-04-27
fcced83dab4ff4302dd8d69deae42680,5649.0,2024-04-24
fcd289865c97c8ad42c5b62690973252,3269.0,2024-04-28
fcd4d0d2b724c6ccb2da29714f742785,6113.0,2024-04-28
fcd4d44e76bc50243d4ed424a49747f8,1231.0,2024-04-28
fce3d6082395393ec032d86aab0f3b97,2249.0,2024-04-29
fce578223d1ad50b6681bbae22fce03c,2736.0,2024-04-24
fce80eb9fc72c3bcba7086e3f4c3c02a,2183.0,2024-04-23
fcf000f7ac2b97830ac75e3dd328fbeb,5949.0,2024-04-28
fcf272627d670a713b042e93bd134de3,5557.0,2024-04-25
fcf3b60b8423d9aef11ea4e02bcec046,2433.0,2024-04-23
fcf4dad614d9d1dd1c22650857a3ec0e,10197.0,2024-04-26
fcf7ffb0798619e2ca50ee86fc6eeda1,5477.0,2024-04-23
fcf88399c86459aeb8f61f3b2f3618f2,6586.0,2024-04-25
fd01a20002ba88024848f0c9af3e79f3,3365.0,2024-04-27
fd0896161af5be009cef3d004611376f,5077.0,2024-04-28
fd0ad19c44cf50002a2ca9aa30fecc23,4456.0,2024-04-24
fd0b042921c96ad3ca4b8bd8eeb563ec,7526.0,2024-04-28
fd0b11e54826fc21cfbb7f0f32cb52a2,1183.0,2024-04-28
fd0daa8e44a86c9cae45d34bd1a00410,7569.0,2024-04-28
fd0f5d9004bf19df03859c2ad2c982e4,1129.0,2024-04-26
fd1284e9ef17483a53b9dfd47b5285ea,2080.0,2024-04-23
fd2371d14b09e5b4df2c2bca99951a93,8546.0,2024-04-25
fd244c044241ec2a867d215e58ab5ae1,3993.0,2024-04-27
fd271683dd8f772214613118d88c16de,4861.0,2024-04-24
fd29c4d0b87ac3e0c5f22672424bae90,2436.0,2024-04-28
fd2a739d4ff25b3ec255dde67eddac03,3623.0,2024-04-29
fd2a9c50d7a73cdb241be2fda16861d1,1115.0,2024-04-25
fd2b70bb1a3aa7757285a97f4ceb11d4,5410.0,2024-04-28
fd2d83d5e60a52491d2760fc34b0ae25,4376.0,2024-04-29
fd3357b12c3ca8ba249e12d93c432c19,5638.0,2024-04-29
fd433f71edcbd0dfdf903f08e1272372,7132.0,2024-04-24
fd473235be45a9a656812bc0a07c1adc,2785.0,2024-04-23
fd47b5fde6adb2eee064296cd53d83db,8990.0,2024-04-24
fd4a4263b75758060fb3d10895f2d815,8655.0,2024-04-23
fd4f0461c9dac4f6fb21e3cec9aefbfe,3234.0,2024-04-24
fd4f1ec6dd5502a9317a5fc655fd42e0,7358.0,2024-04-28
fd5093cbfc7402f81a73944859c6376a,5045.0,2024-04-24
fd50a9c7fc1a49ca0312cabdc0f8f758,5006.0,2024-04-24
fd50d081d4a09404799a52ea3918dccc,5227.0,2024-04-25
fd51013053d446603d884b11266cb830,2719.0,2024-04-28
fd52079cc436f55f9198559689eae031,6050.0,2024-04-25
fd547d373dcd824159d78f0db2225e2b,8045.0,2024-04-29
fd56f76b85d63f64bb88f21de6c42ed7,968.0,2024-04-27
fd5e638a3ce9d331fcebb7c59e313451,6198.0,2024-04-27
fd608d45f1559559a59589cf1248810a,3383.0,2024-04-25
fd62195578b8168bd06a6321c7f93762,6875.0,2024-04-29
fd62d228597bf2dbfa16586eb19a2d8c,5497.0,2024-04-28
fd65c4888c98c4f988d54d55da7bf835,1592.0,2024-04-25
fd6c29226079aae543dd6c245070e16c,3318.0,2024-04-26
fd6facd8624050bc3eb2177708912216,4116.0,2024-04-24
fd706015d8dc6f2bddd9d350d721639f,5817.0,2024-04-23
fd758f0891e8802d8c6eb27a5b8ef1d1,7251.0,2024-04-27
fd75d2afbf08e43265ad007f58ab1217,4474.0,2024-04-23
fd76a034b8bd887b091b67b557fc0b8c,5540.0,2024-04-28
fd76c6088ee91e29741adf51fa993f8f,6675.0,2024-04-24
fd787c33c815e8368b4f48b1f948157d,5160.0,2024-04-26
fd7999f6133baae6ca8bf85d7120c81a,4094.0,2024-04-26
fd7e25c6bfa7c7e29716b3d7effce193,4884.0,2024-04-27
fd7e3252110a8c8daa204d8ccab48cd9,4474.0,2024-04-28
fd808447decf6028e6b3d457f0e789f7,4312.0,2024-04-28
fd83357e3cbbc78ddd875402bc05dde0,5811.0,2024-04-27
fd8ee33e84dd20496228d0a18c462cd7,711.0,2024-04-25
fd8ff3fbd38dafcd5a57200b38b6ae16,5953.0,2024-04-27
fd9a8e82cbfa005ee4a286696f63f0b6,4052.0,2024-04-24
fd9f11dfeb1ff586b60d021a3053895a,4898.0,2024-04-27
fda2b5724e0f56ca12985eb0339c89ea,10560.0,2024-04-24
fda6d324286c13ebeab93d7a4e80b080,3824.0,2024-04-26
fda9d91210249ab66d5f5cc06bf792dc,5930.0,2024-04-29
fda9efdf92f9de169cd7b5194f2b3b59,12116.0,2024-04-28
fdaa1d081303a3b43f20532eb6195792,4466.0,2024-04-23
fdaaff635e4f73f54fe1c303851ec51c,2725.0,2024-04-23
fdab1b79eda17bbae9f7e0ccda11dab4,1788.0,2024-04-24
fdad1de55b13c610c3ea86c74debcff9,9734.0,2024-04-26
fdad896387b79d978563a722f81a5fcf,11120.0,2024-04-23
fdafa40d636291499d0825e09ca348e6,6078.0,2024-04-29
fdb20c83cffd9666af7be0f37ec19347,10506.0,2024-04-28
fdb3e0331512068cf5bb773f4cf16f55,6646.0,2024-04-26
fdc02b40642ffc18a4841472eeba4e68,3498.0,2024-04-27
fdc2ea42f778b744ef7bffac3a37063a,4351.0,2024-04-29
fdc4e3207436d2b657f29705daea6f3a,1514.0,2024-04-24
fdc8839b08f2a3299c11700bf6e2fcc2,3758.0,2024-04-24
fdc8a0ee390961f3094ad2fc5894a535,7209.0,2024-04-23
fdcc700329051dd79793512f510e44e0,2400.0,2024-04-26
fdce83eebebf2df7664c0bb063d29bb0,4911.0,2024-04-23
fdd05eb3a3b1eaf8c94ac5f07e48b304,6831.0,2024-04-26
fdd4db5df976d0be0f976fa4877ff738,11848.0,2024-04-23
fdd666ecb21add3c70e4bb72468c4146,3844.0,2024-04-23
fdd6e3dfca174269d992f0b11ccd6c8c,3333.0,2024-04-29
fdd828198711c99198ff6c0ac131048f,3071.0,2024-04-26
fdd8a2f299343aa29ff7c350c8b683d5,5687.0,2024-04-27
fde2ae1cd816d19890614d65c79d72e1,3906.0,2024-04-24
fde68106a4acd59b9a44f432c2268dca,2670.0,2024-04-23
fde6bb02bfdaee5896ed9f12d9c773a0,3616.0,2024-04-26
fdea881d554dfa911d998e7eb31faf60,1588.0,2024-04-28
fdf66c17d93e7eb541b51d0bf0434951,9378.0,2024-04-26
fe0303e43858f1ccfd4f380371eec979,4939.0,2024-04-24
fe0a14714c09240dc051de842080f7d7,1767.0,2024-04-25
fe0c1dcd4beb2432ce5491861c0ec9e0,3571.0,2024-04-23
fe0fe29c866d8d804485f5cf8fc4c8bc,2811.0,2024-04-27
fe1808e49ee3a3eff74178f2499bdc00,11372.0,2024-04-29
fe1a572dc33e67f388d6f06c4481ec0c,1462.0,2024-04-29
fe1ac2140d0cc1cab890273178910a8c,10323.0,2024-04-28
fe1d0531e298b67bb3c1e6d0f2853b24,6637.0,2024-04-26
fe29ec3c7448c85275aec825fa30f77e,9067.0,2024-04-24
fe2e6ee7ef180d986ea515b01f213344,4935.0,2024-04-24
fe2ef0426ebc269d43169759b995b036,3042.0,2024-04-29
fe2ff9d3ce3fe03e6fc94021cbcd1345,2997.0,2024-04-29
fe3181fa33c66d21e365987362948681,6228.0,2024-04-23
fe340d6dbb6687f2f6f126b2a9b3b3e9,5097.0,2024-04-23
fe349588cbc20266b3056b42ab6bf91f,5989.0,2024-04-26
fe3aee962af053e28815d97029a718b6,8325.0,2024-04-26
fe3d638ac0de4c3939fef477b7528290,6343.0,2024-04-23
fe3febd51742ab13cb2f3d238e3f9fd0,6330.0,2024-04-27
fe4264a034d7d81598789d7dd85e1a79,1609.0,2024-04-25
fe432a4adca7202d7c4a7b6a5e8bc5c5,6443.0,2024-04-26
fe48ebbac9ba9a725960212c1b463abf,2462.0,2024-04-27
fe527370d4d56e1ed1170e85e3787c10,6174.0,2024-04-28
fe5384bfe43b37efc6254446eb115473,2659.0,2024-04-23
fe5cc5f04403cdca771b095767298a87,5809.0,2024-04-25
fe5d841cb10935cf301d3daad2726724,6050.0,2024-04-26
fe5e2ed410670d55e33931bd90929cf0,5502.0,2024-04-23
fe64b39e4cb99d623cde53089c3c03cc,8967.0,2024-04-23
fe6672904be5182fd9a8eb40d6127033,9477.0,2024-04-24
fe6827b563a5bd414bb48599df19b18c,4890.0,2024-04-23
fe69d96d337d405172ce69e50b0b301f,3053.0,2024-04-29
fe6b87745091319c42e5edcbc865d9a7,5022.0,2024-04-23
fe6ddd4f927bd0e55e92dc5f610216e6,7376.0,2024-04-28
fe6e6bfe5b9dbaa57fc5ff52d1e785a2,16471.0,2024-04-29
fe718cd8739eb63b7412383074b116eb,5909.0,2024-04-24
fe74e56e41ade4391795ee3730a43c16,3531.0,2024-04-23
fe761f2f8ff16294092af9f5fe07576e,4137.0,2024-04-28
fe7937127ef3eeac9e44470fe4a25fe1,5963.0,2024-04-25
fe7aa784ff83a54c8a666dae9576d13a,3693.0,2024-04-24
fe7e1fd05234b3904cdbb5b4c38b0080,7532.0,2024-04-29
fe81e91f636d463b227f4a73ab563daf,2347.0,2024-04-24
fe8233b87ec257665c76992b498897f3,5010.0,2024-04-27
fe8948fbccb6bd2a3161054091e7d779,9794.0,2024-04-25
fe8cf2bdfa228cc8e6a5943fa632bfb0,8864.0,2024-04-23
fe93a372e907309344287c807b2aa70e,3640.0,2024-04-23
fe940d2e47386804232623e1bab7d861,3620.0,2024-04-23
fe947b14399e419ab3426ed076db150c,5534.0,2024-04-26
fe978c3d3efb12aa61306ad43861a871,7567.0,2024-04-27
fe98d31c297eb0c65aec79889d000fef,7519.0,2024-04-29
fe9e3968c92c20947f4980336eefce57,11688.0,2024-04-24
fea275ceb71fdc3ed3febe1c276b160f,3472.0,2024-04-26
fea3ab297b3fe363dbc8c8b91821dabb,9753.0,2024-04-24
fea442c9c142a192f1be131c75120da0,7828.0,2024-04-29
fea4acb71bf6c395f51118ffa49615d9,5759.0,2024-04-23
fea50f781cd3345ead99ff04a2e35493,2661.0,2024-04-23
fea90984b98d24d944011012927825e4,6142.0,2024-04-24
feaace6881be953eafbe9bd580b8e3f8,4693.0,2024-04-29
feac0f472034fb323a6b058f3fce895f,3560.0,2024-04-25
feae16854c031156ea63b5dc3ff2af70,2127.0,2024-04-26
feb0adbd4a0eec063ee95a3c5934d73b,7175.0,2024-04-27
feb91b965381319689c4de0c6b6edf4a,3802.0,2024-04-23
febf6f35ab6329f0b8b293a07b055cc5,4707.0,2024-04-27
fec0b9c64166575a3fe005d33fa9d0f0,1452.0,2024-04-28
fec21f1249cda8f2c6f6f7664684b008,4298.0,2024-04-23
feca8bf10dfa7e900e38d7e2b5058122,8251.0,2024-04-26
fecc6c90c85784d8e365e5458a01b915,10220.0,2024-04-26
fecdcf7cae6c74bf3a0f153bd5339c98,6257.0,2024-04-29
fed22af3f0ce8739a662563f89a97268,5571.0,2024-04-29
fed2df56b35b71e5390ef711b4c75fd2,2344.0,2024-04-25
fed37aa91e44324dded1aecbc7f6f23e,3827.0,2024-04-26
fed57a9b13cceef47a872132a3a98072,1195.0,2024-04-24
fedc08418379763b3ad8d8c3a6d8ac2b,4521.0,2024-04-25
fedc9c7cdf21480c6554d235129c1eb9,4984.0,2024-04-28
fede6c96c84de73367de828d41131aca,5951.0,2024-04-23
fee24d84937e585e9fe7652b34fa0ae2,1530.0,2024-04-28
fee4f60ec757ceb57e12f43cc5c8a6a4,4284.0,2024-04-28
feea7c2c42924912c6ed241021048bac,6517.0,2024-04-24
fef0a9c84a44d9f29a980da712963918,8237.0,2024-04-23
fef5468254e5cf2f11046bad84935f1d,3372.0,2024-04-25
fefc5e57b86ad94abf84f93570b7590d,2748.0,2024-04-23
fefdca0a1e6eff83aa56c2dbcd15095c,5391.0,2024-04-28
fefe9d0ccb2dfb9e8451bed5dfcaf8ef,5260.0,2024-04-26
feff8db9ba5a706323d62f485009016b,3748.0,2024-04-24
ff03d8f646b88bab1f4b108c7e31ba57,7086.0,2024-04-26
ff06090262ca8b3ea81e5c540ea40168,5965.0,2024-04-24
ff0986e42a4deae463e52c677c1541e9,5182.0,2024-04-23
ff11f615a2223191a5a9b5102abd7b0a,8391.0,2024-04-26
ff143590a42a62d3ee7e66a70f3a7269,3895.0,2024-04-23
ff1acc1ca021d0aab5f54b64734631fa,1793.0,2024-04-26
ff1e11e0a287727a62aca0a346ca7e54,7996.0,2024-04-26
ff208c0a08235d9d44af9b44b6feb9b0,7291.0,2024-04-23
ff20e049f44ddd32f8875b449ab4d362,2903.0,2024-04-26
ff23302dcc04be9179d5429f621af321,4338.0,2024-04-23
ff29d6cc9fbe32de540c71b80c660276,1983.0,2024-04-29
ff2cad1313c2f8ac04150ef6d390b9a9,3451.0,2024-04-29
ff2f3847700f2dd38d4d3b8decfb651c,4980.0,2024-04-26
ff322c2d97fb17ebc74ab14d0a3b9cae,8506.0,2024-04-24
ff3253b5bd347cbf5be61d5bad5c4e50,6794.0,2024-04-28
ff389660e090416ad52a4037632f1cd4,6785.0,2024-04-26
ff3cad7ad0963af7eabde51cd607d8fa,1761.0,2024-04-27
ff4090bd2216bd3351acca8324cc170e,7101.0,2024-04-29
ff45119cbfc54260000c89cdb8109f6d,9905.0,2024-04-25
ff46b6e4be3d1916d1a3427c758fc9ba,4644.0,2024-04-26
ff48c3fdead782ea45207d6eeb31cc1c,4206.0,2024-04-29
ff49a6f83708e2286740b5f845abe657,6312.0,2024-04-23
ff4d275dfe3e486f9769f95706b5bca6,5708.0,2024-04-29
ff4e3857f1fe0c4a2687c4201fa12a65,5615.0,2024-04-26
ff506ea96963ab0e421a09a0400bd664,7307.0,2024-04-26
ff5111244c0576af105bbbb1fa5f00c1,5629.0,2024-04-24
ff546f44644f5ac66f2eb2fc774c50d2,3285.0,2024-04-29
ff55e90ce14bdf241eb640248cd7b5a0,7279.0,2024-04-23
ff5653e8a3bae0f816d07125fcd7b4f4,1868.0,2024-04-23
ff59d8b0bcd6105f57f38bc9b0e741e5,1033.0,2024-04-29
ff5f61ab1f4a1a7ea4e0ca11dea9802d,2829.0,2024-04-26
ff606d0819d45189d5cd8000b96e3bda,4525.0,2024-04-24
ff623652dc68ce6d26f5116be84462eb,6120.0,2024-04-28
ff6a2cc0ddafe9e19a8b5c403866aac1,15370.0,2024-04-27
ff6c87ddba16c0bdb9beb89ae8642eab,4212.0,2024-04-29
ff6d2a6fe9da3a8aa8b2912592f0565c,4213.0,2024-04-25
ff6d626610443adc08c8403960a44829,8630.0,2024-04-24
ff6f73b2e2b464562e6d4d9afb62f1d9,3518.0,2024-04-25
ff774ecc4563df5559ebe1c61c062e75,3319.0,2024-04-27
ff7e5294286dd18b4d310657d9895ce7,2506.0,2024-04-29
ff8a56518957c89657e72256388126f2,3639.0,2024-04-25
ff8d362ce7947e8bf8498fe8f0b314f2,2556.0,2024-04-29
ff8d5217694021fcc683e827525f74f9,7534.0,2024-04-28
ff948f9dd5b8041fa1c666b07ae8003d,3549.0,2024-04-26
ff952525e6b43eb0c1b2cff8349f253c,4972.0,2024-04-27
ff956dbfd19b3e01995de040cdf9fe60,5679.0,2024-04-24
ff95b7c2da10e8c5d71be3e1bebfe650,2761.0,2024-04-28
ff95e90c85c948d6756cb960e86889d2,3891.0,2024-04-26
ff9865b156e3f11b327ceeeff5276df0,6567.0,2024-04-28
ff9ea8b2231b305bdd959603250d33e8,6993.0,2024-04-26
ff9fcbe1a8ab389ee311c6460232d800,3629.0,2024-04-29
ffa08021ace70dea6d0328d30d23764f,7441.0,2024-04-26
ffa26e18e5e5801f4af3ffd2a9728b2d,1945.0,2024-04-28
ffa70077679b02de7fdf4d87ac600d18,5100.0,2024-04-26
ffa71785f98ebcdbf3062da73a880b77,14244.0,2024-04-23
ffa855fdf18287ac1e55621ca8eb66e6,3932.0,2024-04-27
ffa8c31685c3d84bdaf949524a5f934d,4747.0,2024-04-27
ffae885a163a616a5171e4b2b2d69a57,5775.0,2024-04-23
ffb9c30b1e4973c3675392393ff434c0,8259.0,2024-04-28
ffbe24b0d2478d46817ad0a879b8035b,4770.0,2024-04-28
ffbe26ac02079adf2b3ae6cc072271a2,3740.0,2024-04-23
ffc01ed769163cefbc1b8e8c87581c35,3059.0,2024-04-29
ffc16e7d5cc6c148c2e81a52d3992de4,2881.0,2024-04-28
ffc1ed722e12aa56447905c67a2c2b46,5889.0,2024-04-27
ffc3daae49618baab275145c31f63c1c,5084.0,2024-04-26
ffcc184704e43d6ec94c952ab5d6c29d,3488.0,2024-04-25
ffcf540342ec5f36fd6ae9032d97a9f6,5390.0,2024-04-24
ffd1088ea08a930cd42b4135fe03738c,1942.0,2024-04-26
ffd48c75c98de28d8f764018f067c6ca,9698.0,2024-04-27
ffd9c5d4379bce6b7c4e047c160bf2fa,7518.0,2024-04-24
ffdbbfeab689b84c7a1e88fc5fbc6a81,6805.0,2024-04-23
ffdd16c5ded3951f9688cc3dbf772068,2066.0,2024-04-27
ffdee91e69ea681157bc4e85371a03ec,4182.0,2024-04-26
ffe9fc4b713b44fac594ac6ea3face1e,6706.0,2024-04-23
ffed867cf383df3b0071a8cec8bff29f,4096.0,2024-04-28
fffb3e9b50c3c5eba94e3006ad35ba8f,2732.0,2024-04-26
ffff6e4514df71a593767fdc9113b5fe,3666.0,2024-04-24
